id,caseNumber,block,iucr,primaryType,description,locationDescription,arrest,domestic,beat,district,ward,communityArea,fbiCode,xCoordinate,yCoordinate,year,updatedOn,latitude,longitude,location,date
10560338,HZ307136,040XX W GRAND AVE,0860,THEFT,RETAIL THEFT,DEPARTMENT STORE,true,false,2534,25,30,23,06,1148992,1909222,2016,06/21/2016 03:56:51 PM,41.90683577,-87.728130174,"(41.90683577, -87.728130174)",2016-06-15T05:34:00.000Z
10560230,HZ307139,001XX N WABASH AVE,0810,THEFT,OVER $500,SIDEWALK,false,false,111,1,42,32,06,1176797,1901090,2016,06/21/2016 03:56:51 PM,41.883937418,-87.626237711,"(41.883937418, -87.626237711)",2016-06-15T05:35:00.000Z
10560675,HZ307715,054XX S DEARBORN ST,0620,BURGLARY,UNLAWFUL ENTRY,APARTMENT,false,false,225,2,3,40,05,1176903,1869006,2016,06/21/2016 03:56:51 PM,41.795894095,-87.626817596,"(41.795894095, -87.626817596)",2016-06-15T05:37:00.000Z
10560130,HZ307145,019XX N FRANCISCO AVE,0470,PUBLIC PEACE VIOLATION,RECKLESS CONDUCT,STREET,false,true,1421,14,35,22,24,1156824,1912657,2016,06/27/2016 03:50:03 PM,41.916106457,-87.69926659,"(41.916106457, -87.69926659)",2016-06-15T05:40:00.000Z
10560258,HZ307129,065XX S DR MARTIN LUTHER KING JR DR,2820,OTHER OFFENSE,TELEPHONE THREAT,RESIDENCE,false,true,312,3,20,42,26,1180047,1861654,2016,06/21/2016 03:56:51 PM,41.775648021,-87.615513559,"(41.775648021, -87.615513559)",2016-06-15T05:40:00.000Z
10560390,HZ307333,033XX W BLOOMINGDALE AVE,2024,NARCOTICS,POSS: HEROIN(WHITE),PARK PROPERTY,true,false,1422,14,26,22,18,1153638,1911727,2016,06/21/2016 03:56:51 PM,41.913618495,-87.710996626,"(41.913618495, -87.710996626)",2016-06-15T05:50:00.000Z
10560292,HZ307270,002XX N KENTON AVE,1811,NARCOTICS,POSS: CANNABIS 30GMS OR LESS,STREET,true,false,1113,11,28,25,18,1145765,1900792,2016,06/21/2016 03:56:51 PM,41.883764778,-87.740198478,"(41.883764778, -87.740198478)",2016-06-15T05:59:00.000Z
10569284,HZ317232,051XX S WESTERN BLVD,0610,BURGLARY,FORCIBLE ENTRY,RESIDENCE,false,false,932,9,16,63,05,1161392,1870586,2016,06/24/2016 03:49:34 PM,41.800565559,-87.683653567,"(41.800565559, -87.683653567)",2016-06-15T06:00:00.000Z
10561933,HZ308610,008XX S INDEPENDENCE BLVD,0650,BURGLARY,HOME INVASION,APARTMENT,false,false,1133,11,24,26,05,1151231,1895932,2016,06/21/2016 03:56:51 PM,41.870322981,-87.720254143,"(41.870322981, -87.720254143)",2016-06-15T06:00:00.000Z
10560541,HZ307492,031XX W OGDEN AVE,0620,BURGLARY,UNLAWFUL ENTRY,CONSTRUCTION SITE,false,false,1022,10,24,29,05,1155532,1891573,2016,06/21/2016 03:56:51 PM,41.858276035,-87.704580917,"(41.858276035, -87.704580917)",2016-06-15T06:00:00.000Z
10560337,HZ307219,040XX W IRVING PARK RD,0860,THEFT,RETAIL THEFT,DRUG STORE,true,false,1732,17,39,16,06,1148903,1926279,2016,06/21/2016 03:56:51 PM,41.953643409,-87.72801475,"(41.953643409, -87.72801475)",2016-06-15T06:00:00.000Z
10560613,HZ307245,031XX N SHERIDAN RD,0910,MOTOR VEHICLE THEFT,AUTOMOBILE,STREET,false,false,1934,19,44,6,07,1173013,1921305,2016,06/21/2016 03:56:51 PM,41.939493089,-87.639532345,"(41.939493089, -87.639532345)",2016-06-15T06:05:00.000Z
10560150,HZ307140,015XX W 91ST ST,4625,OTHER OFFENSE,PAROLE VIOLATION,SIDEWALK,true,false,2221,22,21,73,26,1167465,1844381,2016,06/21/2016 03:56:51 PM,41.728527453,-87.662131797,"(41.728527453, -87.662131797)",2016-06-15T06:05:00.000Z
10560431,HZ307262,001XX N WABASH AVE,0460,BATTERY,SIMPLE,SIDEWALK,false,false,111,1,42,32,08B,1176796,1901148,2016,06/21/2016 03:56:51 PM,41.884096596,-87.626239628,"(41.884096596, -87.626239628)",2016-06-15T06:10:00.000Z
10560418,HZ307257,041XX W NORTH AVE,0460,BATTERY,SIMPLE,SIDEWALK,false,false,2534,25,30,23,08B,1148308,1910308,2016,06/21/2016 03:56:51 PM,41.909829078,-87.730614779,"(41.909829078, -87.730614779)",2016-06-15T06:12:00.000Z
10560329,HZ307211,116XX S MARSHFIELD AVE,0860,THEFT,RETAIL THEFT,DEPARTMENT STORE,true,false,2234,22,34,75,06,1167478,1827422,2016,06/21/2016 03:56:51 PM,41.681988948,-87.662568066,"(41.681988948, -87.662568066)",2016-06-15T06:28:00.000Z
10560714,HZ307844,0000X N LOREL AVE,0910,MOTOR VEHICLE THEFT,AUTOMOBILE,STREET,true,false,1522,15,28,25,07,1140719,1899724,2016,02/14/2017 03:49:42 PM,41.880928259,-87.758754351,"(41.880928259, -87.758754351)",2016-06-15T06:30:00.000Z
10561689,HZ308541,011XX N WESTERN AVE,0430,BATTERY,AGGRAVATED: OTHER DANG WEAPON,"SCHOOL, PUBLIC, BUILDING",false,false,1212,12,1,24,04B,1160197,1907701,2016,06/21/2016 03:56:51 PM,41.902437713,-87.687011559,"(41.902437713, -87.687011559)",2016-06-15T06:30:00.000Z
10560361,HZ307351,064XX S HAMILTON AVE,0486,BATTERY,DOMESTIC BATTERY SIMPLE,RESIDENCE,false,true,726,7,15,67,08B,1163139,1861844,2016,06/21/2016 03:56:51 PM,41.776539966,-87.677491291,"(41.776539966, -87.677491291)",2016-06-15T06:30:00.000Z
10560335,HZ307357,001XX N STATE ST,0870,THEFT,POCKET-PICKING,CTA STATION,false,false,111,1,42,32,06,1176352,1900918,2016,06/21/2016 03:56:51 PM,41.883475491,-87.627876969,"(41.883475491, -87.627876969)",2016-06-15T06:32:00.000Z
10560353,HZ307374,068XX S HALSTED ST,0554,ASSAULT,AGG PO HANDS NO/MIN INJURY,SIDEWALK,true,false,723,7,6,68,08A,1172147,1859536,2016,07/06/2016 03:55:54 PM,41.770013278,-87.644536213,"(41.770013278, -87.644536213)",2016-06-15T06:35:00.000Z
10560445,HZ307197,043XX N NARRAGANSETT AVE,0486,BATTERY,DOMESTIC BATTERY SIMPLE,"SCHOOL, PRIVATE, GROUNDS",false,true,1632,16,38,17,08B,1132905,1928088,2016,06/21/2016 03:56:51 PM,41.958902502,-87.786783523,"(41.958902502, -87.786783523)",2016-06-15T06:35:00.000Z
10560323,HZ307336,050XX S ARTESIAN AVE,0930,MOTOR VEHICLE THEFT,THEFT/RECOVERY: AUTOMOBILE,STREET,false,false,923,9,14,63,07,1160882,1871145,2016,06/21/2016 03:56:51 PM,41.80211009,-87.685508459,"(41.80211009, -87.685508459)",2016-06-15T06:35:00.000Z
10560413,HZ307326,012XX S ASHLAND AVE,0810,THEFT,OVER $500,GROCERY FOOD STORE,false,false,1233,12,2,28,06,1165916,1894587,2016,06/21/2016 03:56:51 PM,41.866331725,-87.666379171,"(41.866331725, -87.666379171)",2016-06-15T06:43:00.000Z
10560619,HZ307438,099XX S PAXTON AVE,0520,ASSAULT,AGGRAVATED:KNIFE/CUTTING INSTR,RESIDENCE,true,true,431,4,7,51,04A,1192811,1839551,2016,06/24/2016 03:49:34 PM,41.714693603,-87.569442106,"(41.714693603, -87.569442106)",2016-06-15T06:45:00.000Z
10560393,HZ307286,003XX N CENTRAL AVE,0486,BATTERY,DOMESTIC BATTERY SIMPLE,APARTMENT,false,false,1512,15,29,25,08B,1138980,1901803,2016,06/21/2016 03:56:51 PM,41.886665074,-87.765089381,"(41.886665074, -87.765089381)",2016-06-15T06:45:00.000Z
10565395,HZ312675,034XX W DOUGLAS BLVD,2826,OTHER OFFENSE,HARASSMENT BY ELECTRONIC MEANS,APARTMENT,false,false,1021,10,24,29,26,1153498,1893074,2016,06/21/2016 03:56:51 PM,41.862435581,-87.71200715,"(41.862435581, -87.71200715)",2016-06-15T06:47:00.000Z
10560530,HZ307209,081XX S HALSTED ST,0820,THEFT,$500 AND UNDER,VEHICLE NON-COMMERCIAL,false,false,622,6,21,71,06,1172386,1850905,2016,06/21/2016 03:56:51 PM,41.746323478,-87.643913685,"(41.746323478, -87.643913685)",2016-06-15T06:50:00.000Z
10560483,HZ307341,047XX W JACKSON BLVD,1310,CRIMINAL DAMAGE,TO PROPERTY,APARTMENT,false,false,1113,11,28,25,14,1144806,1898270,2016,06/21/2016 03:56:51 PM,41.876862242,-87.743783671,"(41.876862242, -87.743783671)",2016-06-15T06:55:00.000Z
10560333,HZ307317,038XX W 111TH ST,0460,BATTERY,SIMPLE,"SCHOOL, PUBLIC, GROUNDS",false,false,2211,22,19,74,08B,1152573,1830709,2016,06/21/2016 03:56:51 PM,41.691314623,-87.717043381,"(41.691314623, -87.717043381)",2016-06-15T06:57:00.000Z
10579208,HZ327146,071XX S HARVARD AVE,0620,BURGLARY,UNLAWFUL ENTRY,APARTMENT,false,false,731,7,6,69,05,1175192,1857677,2016,07/04/2016 03:55:03 PM,41.764844508,-87.633430029,"(41.764844508, -87.633430029)",2016-06-15T07:00:00.000Z
10563457,HZ310431,054XX N SHERIDAN RD,0460,BATTERY,SIMPLE,RESIDENCE PORCH/HALLWAY,false,false,2023,20,48,77,08B,1168654,1936401,2016,06/21/2016 03:56:51 PM,41.98101273,-87.65511368,"(41.98101273, -87.65511368)",2016-06-15T07:00:00.000Z
10561257,HZ308281,005XX W ROSCOE ST,1320,CRIMINAL DAMAGE,TO VEHICLE,RESIDENCE-GARAGE,false,false,1925,19,44,6,14,1171971,1922698,2016,06/21/2016 03:56:51 PM,41.943338611,-87.64332075,"(41.943338611, -87.64332075)",2016-06-15T07:00:00.000Z
10560656,HZ307785,029XX S POPLAR AVE,0820,THEFT,$500 AND UNDER,PARK PROPERTY,false,false,913,9,11,60,06,1170627,1885385,2016,06/21/2016 03:56:51 PM,41.84097894,-87.649353839,"(41.84097894, -87.649353839)",2016-06-15T07:00:00.000Z
10560635,HZ307596,036XX N PONTIAC AVE,0820,THEFT,$500 AND UNDER,RESIDENTIAL YARD (FRONT/BACK),false,false,1631,16,36,17,06,1119754,1923138,2016,06/21/2016 03:56:51 PM,41.94553906,-87.835238833,"(41.94553906, -87.835238833)",2016-06-15T07:00:00.000Z
10560434,HZ307283,058XX S TRUMBULL AVE,0560,ASSAULT,SIMPLE,RESIDENCE,false,false,822,8,14,63,08A,1154380,1865643,2016,06/21/2016 03:56:51 PM,41.787143812,-87.709500576,"(41.787143812, -87.709500576)",2016-06-15T07:00:00.000Z
10560343,HZ307356,030XX W PRATT BLVD,1320,CRIMINAL DAMAGE,TO VEHICLE,STREET,false,false,2412,24,50,2,14,1154789,1944937,2016,06/21/2016 03:56:51 PM,42.004725841,-87.705874686,"(42.004725841, -87.705874686)",2016-06-15T07:00:00.000Z
10560314,HZ307234,051XX N WESTERN AVE,0560,ASSAULT,SIMPLE,OTHER,false,false,2031,20,40,4,08A,1159421,1934256,2016,06/21/2016 03:56:51 PM,41.975322341,-87.689128938,"(41.975322341, -87.689128938)",2016-06-15T07:00:00.000Z
10560266,HZ307251,100XX S UNION AVE,1330,CRIMINAL TRESPASS,TO LAND,"SCHOOL, PUBLIC, BUILDING",false,false,2232,22,34,73,26,1173410,1838256,2016,06/21/2016 03:56:51 PM,41.711590312,-87.640534571,"(41.711590312, -87.640534571)",2016-06-15T07:07:00.000Z
10560311,HZ307305,045XX S WESTERN AVE,0860,THEFT,RETAIL THEFT,APPLIANCE STORE,true,false,922,9,12,61,06,1161131,1874302,2016,06/21/2016 03:56:51 PM,41.810768138,-87.684507864,"(41.810768138, -87.684507864)",2016-06-15T07:08:00.000Z
10560367,HZ307371,045XX S DAMEN AVE,0850,THEFT,ATTEMPT THEFT,DEPARTMENT STORE,true,false,924,9,12,61,06,1163683,1874594,2016,06/21/2016 03:56:51 PM,41.811516168,-87.675139142,"(41.811516168, -87.675139142)",2016-06-15T07:10:00.000Z
10574269,HZ307436,095XX S COTTAGE GROVE AVE,0320,ROBBERY,STRONGARM - NO WEAPON,SIDEWALK,false,false,511,5,9,50,03,1183549,1841976,2016,07/04/2016 03:55:03 PM,41.721568583,-87.603287781,"(41.721568583, -87.603287781)",2016-06-15T07:15:00.000Z
10561381,HZ308299,051XX S ALBANY AVE,0460,BATTERY,SIMPLE,STREET,false,false,923,9,14,63,08B,1156577,1870492,2016,06/21/2016 03:56:51 PM,41.800406121,-87.701314376,"(41.800406121, -87.701314376)",2016-06-15T07:20:00.000Z
10560374,HZ307320,108XX S COTTAGE GROVE AVE,0460,BATTERY,SIMPLE,CTA BUS,false,false,513,5,9,50,08B,1182142,1833293,2016,06/21/2016 03:56:51 PM,41.69777395,-87.608708956,"(41.69777395, -87.608708956)",2016-06-15T07:20:00.000Z
10560370,HZ307445,052XX N BROADWAY,0860,THEFT,RETAIL THEFT,DEPARTMENT STORE,false,false,2023,20,48,77,06,1167370,1934861,2016,06/21/2016 03:56:51 PM,41.976814727,-87.659880317,"(41.976814727, -87.659880317)",2016-06-15T07:20:00.000Z
10560377,HZ307289,005XX N LOCKWOOD AVE,0560,ASSAULT,SIMPLE,RESIDENCE PORCH/HALLWAY,false,false,1523,15,37,25,08A,1140932,1903214,2016,06/21/2016 03:56:51 PM,41.890501338,-87.757886284,"(41.890501338, -87.757886284)",2016-06-15T07:25:00.000Z
10560375,HZ307285,005XX N LEAMINGTON AVE,1310,CRIMINAL DAMAGE,TO PROPERTY,RESIDENCE,false,false,1532,15,28,25,14,1141938,1903046,2016,06/21/2016 03:56:51 PM,41.890021753,-87.754195887,"(41.890021753, -87.754195887)",2016-06-15T07:25:00.000Z
10562210,HZ307303,099XX S CRANDON AVE,0460,BATTERY,SIMPLE,"SCHOOL, PUBLIC, GROUNDS",false,false,431,4,7,51,08B,1193472,1839522,2016,07/04/2016 03:55:03 PM,41.714597905,-87.567022232,"(41.714597905, -87.567022232)",2016-06-15T07:26:00.000Z
10562189,HZ307420,016XX W 111TH ST,0460,BATTERY,SIMPLE,STREET,false,false,2234,22,34,75,08B,1167546,1831111,2016,07/04/2016 03:55:03 PM,41.692110737,-87.662213946,"(41.692110737, -87.662213946)",2016-06-15T07:30:00.000Z
10560509,HZ307409,065XX S KIMBARK AVE,0460,BATTERY,SIMPLE,SIDEWALK,false,false,321,3,20,42,08B,1185761,1861990,2016,06/21/2016 03:56:51 PM,41.776437246,-87.594556292,"(41.776437246, -87.594556292)",2016-06-15T07:30:00.000Z
10560471,HZ307247,012XX E 78TH ST,1330,CRIMINAL TRESPASS,TO LAND,RESIDENCE,true,false,411,4,8,45,26,1185660,1853526,2016,06/21/2016 03:56:51 PM,41.753213625,-87.595192816,"(41.753213625, -87.595192816)",2016-06-15T07:30:00.000Z
10560366,HZ307352,100XX S STATE ST,1812,NARCOTICS,POSS: CANNABIS MORE THAN 30GMS,SIDEWALK,true,false,511,5,9,49,18,1178027,1838473,2016,06/21/2016 03:56:51 PM,41.712082606,-87.623619487,"(41.712082606, -87.623619487)",2016-06-15T07:38:00.000Z
10560450,HZ307526,004XX E PERSHING RD,0860,THEFT,RETAIL THEFT,GAS STATION,false,false,214,2,3,38,06,1179996,1879223,2016,06/21/2016 03:56:51 PM,41.82386008,-87.615162409,"(41.82386008, -87.615162409)",2016-06-15T07:40:00.000Z
10564254,HZ307545,006XX N LA SALLE DR,0820,THEFT,$500 AND UNDER,GAS STATION,false,false,1832,18,42,8,06,1175023,1904549,2016,07/04/2016 03:55:03 PM,41.893469034,-87.632648229,"(41.893469034, -87.632648229)",2016-06-15T07:44:00.000Z
10560515,HZ307354,003XX E 75TH ST,0497,BATTERY,AGGRAVATED DOMESTIC BATTERY: OTHER DANG WEAPON,APARTMENT,false,true,323,3,6,69,04B,1179532,1855351,2016,06/21/2016 03:56:51 PM,41.758363705,-87.617593755,"(41.758363705, -87.617593755)",2016-06-15T07:45:00.000Z
10560447,HZ307480,039XX S DR MARTIN LUTHER KING JR DR,0430,BATTERY,AGGRAVATED: OTHER DANG WEAPON,SIDEWALK,false,false,213,2,3,38,04B,1179499,1879101,2016,06/21/2016 03:56:51 PM,41.823536688,-87.616989442,"(41.823536688, -87.616989442)",2016-06-15T07:45:00.000Z
10560321,HZ307313,007XX E 73RD ST,0486,BATTERY,DOMESTIC BATTERY SIMPLE,VEHICLE NON-COMMERCIAL,false,true,323,3,6,69,08B,1182631,1856781,2016,06/21/2016 03:56:51 PM,41.762216456,-87.606192002,"(41.762216456, -87.606192002)",2016-06-15T07:45:00.000Z
10560273,HZ307318,006XX N SPAULDING AVE,2093,NARCOTICS,FOUND SUSPECT NARCOTICS,VACANT LOT/LAND,true,false,1121,11,27,23,18,1154260,1904156,2016,06/21/2016 03:56:51 PM,41.892830572,-87.708913968,"(41.892830572, -87.708913968)",2016-06-15T07:45:00.000Z
10560487,HZ307431,076XX S CICERO AVE,0860,THEFT,RETAIL THEFT,DEPARTMENT STORE,true,false,833,8,13,65,06,1145727,1853720,2016,06/21/2016 03:56:51 PM,41.754592961,-87.741528537,"(41.754592961, -87.741528537)",2016-06-15T07:52:00.000Z
10562194,HZ308855,015XX N CENTRAL AVE,0430,BATTERY,AGGRAVATED: OTHER DANG WEAPON,SIDEWALK,false,false,2531,25,29,25,04B,1138712,1909741,2016,07/04/2016 03:55:03 PM,41.908452786,-87.765880756,"(41.908452786, -87.765880756)",2016-06-15T08:00:00.000Z
10563441,HZ310004,043XX N NARRAGANSETT AVE,0810,THEFT,OVER $500,COLLEGE/UNIVERSITY GROUNDS,false,false,1632,16,38,17,06,1132905,1928088,2016,06/23/2016 03:46:04 PM,41.958902502,-87.786783523,"(41.958902502, -87.786783523)",2016-06-15T08:00:00.000Z
10565896,HZ312679,022XX N CLARK ST,1153,DECEPTIVE PRACTICE,FINANCIAL IDENTITY THEFT OVER $ 300,"",false,false,1812,18,43,7,11,1173140,1915498,2016,06/21/2016 03:56:51 PM,41.923555631,-87.639238366,"(41.923555631, -87.639238366)",2016-06-15T08:00:00.000Z
10560430,HZ307523,002XX N COLUMBUS DR,1153,DECEPTIVE PRACTICE,FINANCIAL IDENTITY THEFT OVER $ 300,OTHER,false,false,114,1,42,32,11,1178302,1901916,2016,06/21/2016 03:56:51 PM,41.886169843,-87.620686081,"(41.886169843, -87.620686081)",2016-06-15T08:00:00.000Z
10560414,HZ307365,063XX S DR MARTIN LUTHER KING JR DR,0320,ROBBERY,STRONGARM - NO WEAPON,CHA HALLWAY/STAIRWELL/ELEVATOR,false,false,312,3,20,69,03,1180014,1862897,2016,06/21/2016 03:56:51 PM,41.779059693,-87.615596501,"(41.779059693, -87.615596501)",2016-06-15T08:00:00.000Z
10560412,HZ307387,070XX S VERNON AVE,0460,BATTERY,SIMPLE,STREET,true,false,322,3,6,69,08B,1180462,1858526,2016,06/21/2016 03:56:51 PM,41.767054957,-87.614088121,"(41.767054957, -87.614088121)",2016-06-15T08:00:00.000Z
10560281,HZ307343,035XX S EMERALD AVE,1310,CRIMINAL DAMAGE,TO PROPERTY,RESIDENCE-GARAGE,false,false,915,9,11,60,14,1171883,1881310,2016,06/21/2016 03:56:51 PM,41.829769239,-87.644864656,"(41.829769239, -87.644864656)",2016-06-15T08:00:00.000Z
10565470,HZ312700,013XX N ASHLAND AVE,0860,THEFT,RETAIL THEFT,COMMERCIAL / BUSINESS OFFICE,false,false,1433,14,1,24,06,1165485,1908868,2016,06/21/2016 03:56:51 PM,41.905529073,-87.667554656,"(41.905529073, -87.667554656)",2016-06-15T08:10:00.000Z
10560558,HZ307419,067XX S HERMITAGE AVE,0486,BATTERY,DOMESTIC BATTERY SIMPLE,APARTMENT,false,true,725,7,15,67,08B,1165844,1859902,2016,06/21/2016 03:56:51 PM,41.771153826,-87.667629981,"(41.771153826, -87.667629981)",2016-06-15T08:10:00.000Z
10560348,HZ307366,024XX E 72ND ST,1330,CRIMINAL TRESPASS,TO LAND,CONVENIENCE STORE,true,false,334,3,7,43,26,1193756,1857691,2016,06/21/2016 03:56:51 PM,41.76444827,-87.565388333,"(41.76444827, -87.565388333)",2016-06-15T08:10:00.000Z
10578576,HZ327137,026XX E 75TH ST,1130,DECEPTIVE PRACTICE,FRAUD OR CONFIDENCE GAME,CURRENCY EXCHANGE,false,false,334,3,7,43,11,1195337,1855842,2016,06/30/2016 03:48:43 PM,41.759335603,-87.559654632,"(41.759335603, -87.559654632)",2016-06-15T08:12:00.000Z
10565763,HZ308769,079XX S WENTWORTH AVE,0330,ROBBERY,AGGRAVATED,STREET,false,false,623,6,17,44,03,1176311,1852426,2016,07/04/2016 03:55:03 PM,41.750410091,-87.629486066,"(41.750410091, -87.629486066)",2016-06-15T08:30:00.000Z
10561295,HZ308152,008XX E 89TH PL,0910,MOTOR VEHICLE THEFT,AUTOMOBILE,STREET,false,false,633,6,8,44,07,1183394,1845814,2016,06/21/2016 03:56:51 PM,41.732104107,-87.60373636,"(41.732104107, -87.60373636)",2016-06-15T08:30:00.000Z
10560559,HZ307647,008XX N ASHLAND AVE,0460,BATTERY,SIMPLE,STREET,false,false,1213,12,1,24,08B,1165581,1905500,2016,06/21/2016 03:56:51 PM,41.896285,-87.667298068,"(41.896285, -87.667298068)",2016-06-15T08:30:00.000Z
10560475,HZ307497,121XX S MICHIGAN AVE,0430,BATTERY,AGGRAVATED: OTHER DANG WEAPON,SIDEWALK,false,false,532,5,9,53,04B,1179022,1824646,2016,06/21/2016 03:56:51 PM,41.674116785,-87.620394665,"(41.674116785, -87.620394665)",2016-06-15T08:30:00.000Z
10560463,HZ307534,020XX W ARTHUR AVE,0560,ASSAULT,SIMPLE,STREET,false,false,2412,24,50,2,08A,1161570,1943154,2016,06/21/2016 03:56:51 PM,41.999694157,-87.680977084,"(41.999694157, -87.680977084)",2016-06-15T08:30:00.000Z
10560477,HZ307472,111XX S WALLACE ST,0460,BATTERY,SIMPLE,CTA BUS STOP,false,false,2233,22,34,49,08B,1174291,1831110,2016,06/21/2016 03:56:51 PM,41.69196113,-87.637519577,"(41.69196113, -87.637519577)",2016-06-15T08:33:00.000Z
10560492,HZ307604,049XX W GEORGE ST,0820,THEFT,$500 AND UNDER,VEHICLE NON-COMMERCIAL,false,false,2521,25,31,19,06,1142936,1918829,2016,06/21/2016 03:56:51 PM,41.933313473,-87.75013662,"(41.933313473, -87.75013662)",2016-06-15T08:40:00.000Z
10560472,HZ307459,108XX S WENTWORTH AVE,0910,MOTOR VEHICLE THEFT,AUTOMOBILE,STREET,false,false,513,5,34,49,07,1176866,1833195,2016,06/21/2016 03:56:51 PM,41.697625209,-87.628029681,"(41.697625209, -87.628029681)",2016-06-15T08:40:00.000Z
10578452,HZ307569,071XX N CLARK ST,0560,ASSAULT,SIMPLE,SMALL RETAIL STORE,false,false,2424,24,49,1,08A,1163298,1947563,2016,06/30/2016 03:48:43 PM,42.011756256,-87.674495399,"(42.011756256, -87.674495399)",2016-06-15T08:45:00.000Z
10560490,HZ307573,045XX W WASHINGTON BLVD,2024,NARCOTICS,POSS: HEROIN(WHITE),STREET,true,false,1113,11,28,26,18,1146222,1900113,2016,06/21/2016 03:56:51 PM,41.881892843,-87.738537596,"(41.881892843, -87.738537596)",2016-06-15T08:45:00.000Z
10560484,HZ307482,019XX W MONTEREY AVE,1780,OFFENSE INVOLVING CHILDREN,OTHER OFFENSE,POLICE FACILITY/VEH PARKING LOT,false,true,2212,22,19,75,20,1165742,1830843,2016,06/21/2016 03:56:51 PM,41.691413679,-87.668826246,"(41.691413679, -87.668826246)",2016-06-15T08:45:00.000Z
10560408,HZ307499,021XX N NARRAGANSETT AVE,502P,OTHER OFFENSE,FALSE/STOLEN/ALTERED TRP,STREET,false,false,2512,25,29,19,26,1133401,1913548,2016,06/21/2016 03:56:51 PM,41.918994422,-87.785301728,"(41.918994422, -87.785301728)",2016-06-15T08:46:00.000Z
10560415,HZ307439,023XX S WESTERN AVE,0560,ASSAULT,SIMPLE,GAS STATION,true,false,1034,10,25,31,08A,1160731,1888579,2016,06/21/2016 03:56:51 PM,41.849954132,-87.685580175,"(41.849954132, -87.685580175)",2016-06-15T08:48:00.000Z
10560357,HZ307458,009XX N LAKE SHORE DR,0810,THEFT,OVER $500,STREET,false,false,1833,18,42,8,06,1178554,1907179,2016,06/21/2016 03:56:51 PM,41.900606012,-87.619599921,"(41.900606012, -87.619599921)",2016-06-15T08:50:00.000Z
10560609,HZ307517,053XX W BELMONT AVE,0337,ROBBERY,ATTEMPT: ARMED-OTHER DANG WEAP,SMALL RETAIL STORE,false,false,2514,25,30,19,03,1140245,1920758,2016,07/15/2016 03:47:21 PM,41.938656649,-87.759978587,"(41.938656649, -87.759978587)",2016-06-15T08:52:00.000Z
10560516,HZ307468,103XX S EWING AVE,0486,BATTERY,DOMESTIC BATTERY SIMPLE,SIDEWALK,false,true,432,4,10,52,08B,1202162,1836953,2016,06/21/2016 03:56:51 PM,41.707331718,-87.535283747,"(41.707331718, -87.535283747)",2016-06-15T08:52:00.000Z
10564698,HZ308504,037XX W HURON ST,0486,BATTERY,DOMESTIC BATTERY SIMPLE,APARTMENT,false,true,1112,11,27,23,08B,1151452,1904414,2016,07/04/2016 03:55:03 PM,41.893594163,-87.719219942,"(41.893594163, -87.719219942)",2016-06-15T09:00:00.000Z
10560715,HZ307449,072XX S EAST END AVE,031A,ROBBERY,ARMED: HANDGUN,STREET,false,false,324,3,8,43,03,1188786,1857412,2016,07/04/2016 03:55:03 PM,41.763802987,-87.583613278,"(41.763802987, -87.583613278)",2016-06-15T09:00:00.000Z
10570976,HZ318820,053XX N SHERIDAN RD,2825,OTHER OFFENSE,HARASSMENT BY TELEPHONE,APARTMENT,false,false,2023,20,48,77,26,1168676,1935675,2016,06/27/2016 03:50:03 PM,41.979020089,-87.655053915,"(41.979020089, -87.655053915)",2016-06-15T09:00:00.000Z
10563725,HZ310579,034XX N LAWNDALE AVE,2825,OTHER OFFENSE,HARASSMENT BY TELEPHONE,RESIDENCE,false,true,1732,17,30,21,26,1151114,1922689,2016,06/21/2016 03:56:51 PM,41.943749037,-87.719981276,"(41.943749037, -87.719981276)",2016-06-15T09:00:00.000Z
10563713,HZ308972,048XX N HAMLIN AVE,1750,OFFENSE INVOLVING CHILDREN,CHILD ABUSE,RESIDENCE,false,false,1712,17,39,14,20,1150185,1931807,2016,06/21/2016 03:56:51 PM,41.968787689,-87.723157246,"(41.968787689, -87.723157246)",2016-06-15T09:00:00.000Z
10562012,HZ308957,037XX W WILSON AVE,0820,THEFT,$500 AND UNDER,STREET,false,false,1723,17,39,14,06,1150558,1930307,2016,06/21/2016 03:56:51 PM,41.96466429,-87.721825091,"(41.96466429, -87.721825091)",2016-06-15T09:00:00.000Z
10561890,HZ308698,063XX N WAYNE AVE,1360,CRIMINAL TRESPASS,TO VEHICLE,RESIDENTIAL YARD (FRONT/BACK),false,false,2433,24,40,77,26,1166144,1942233,2016,06/21/2016 03:56:51 PM,41.997070055,-87.664177015,"(41.997070055, -87.664177015)",2016-06-15T09:00:00.000Z
10560481,HZ307648,095XX S WESTERN AVE,0460,BATTERY,SIMPLE,STREET,false,false,2213,22,19,72,08B,1162050,1841407,2016,06/21/2016 03:56:51 PM,41.720480471,-87.682050624,"(41.720480471, -87.682050624)",2016-06-15T09:00:00.000Z
10560455,HZ307496,026XX S DR MARTIN LUTHER KING JR DR,0520,ASSAULT,AGGRAVATED:KNIFE/CUTTING INSTR,RESIDENTIAL YARD (FRONT/BACK),true,true,133,1,4,35,04A,1179249,1887060,2016,06/21/2016 03:56:51 PM,41.845382483,-87.617663323,"(41.845382483, -87.617663323)",2016-06-15T09:00:00.000Z
10560403,HZ307498,016XX N WESTERN AVE,0820,THEFT,$500 AND UNDER,SIDEWALK,false,false,1434,14,1,24,06,1160114,1910738,2016,06/21/2016 03:56:51 PM,41.910773194,-87.687232407,"(41.910773194, -87.687232407)",2016-06-15T09:00:00.000Z
10563303,HZ310221,0000X E GRAND AVE,1150,DECEPTIVE PRACTICE,CREDIT CARD FRAUD,DEPARTMENT STORE,false,false,1834,18,42,8,11,1176796,1903917,2016,06/21/2016 03:56:51 PM,41.891694878,-87.626155832,"(41.891694878, -87.626155832)",2016-06-15T09:03:00.000Z
10560550,HZ307548,061XX S WHIPPLE ST,1811,NARCOTICS,POSS: CANNABIS 30GMS OR LESS,STREET,true,false,823,8,15,66,18,1157104,1863770,2016,06/21/2016 03:56:51 PM,41.781949361,-87.699563416,"(41.781949361, -87.699563416)",2016-06-15T09:03:00.000Z
10570741,HZ307518,0000X W TERMINAL ST,2820,OTHER OFFENSE,TELEPHONE THREAT,AIRPORT TERMINAL LOWER LEVEL - SECURE AREA,false,false,1655,16,41,76,26,1104700,1933741,2016,07/04/2016 03:55:03 PM,41.974861952,-87.890372151,"(41.974861952, -87.890372151)",2016-06-15T09:20:00.000Z
10560618,HZ307502,085XX S ASHLAND AVE,0820,THEFT,$500 AND UNDER,APARTMENT,false,false,614,6,18,71,06,1167159,1848153,2016,06/21/2016 03:56:51 PM,41.738884922,-87.663145149,"(41.738884922, -87.663145149)",2016-06-15T09:20:00.000Z
10565307,HZ311164,001XX N CANAL ST,0890,THEFT,FROM BUILDING,BAR OR TAVERN,false,false,121,1,42,28,06,1173107,1901014,2016,06/23/2016 03:46:04 PM,41.883811502,-87.639789887,"(41.883811502, -87.639789887)",2016-06-15T09:30:00.000Z
10560557,HZ307643,008XX N GREENVIEW AVE,0520,ASSAULT,AGGRAVATED:KNIFE/CUTTING INSTR,CHA APARTMENT,false,true,1213,12,27,24,04A,1166220,1905912,2016,06/21/2016 03:56:51 PM,41.897401921,-87.664939363,"(41.897401921, -87.664939363)",2016-06-15T09:30:00.000Z
10653453,HZ403595,002XX N LA SALLE ST,1150,DECEPTIVE PRACTICE,CREDIT CARD FRAUD,OTHER,false,false,122,1,42,32,11,"","",2016,08/23/2016 03:51:31 PM,"","","",2016-06-15T09:38:00.000Z
10560452,HZ307550,034XX W IOWA ST,2024,NARCOTICS,POSS: HEROIN(WHITE),STREET,true,false,1121,11,27,23,18,1153439,1905788,2016,06/21/2016 03:56:51 PM,41.897325294,-87.711885784,"(41.897325294, -87.711885784)",2016-06-15T09:45:00.000Z
10560423,HZ307552,002XX N COLUMBUS DR,0820,THEFT,$500 AND UNDER,SIDEWALK,false,false,114,1,42,32,06,1178300,1901983,2016,06/21/2016 03:56:51 PM,41.88635374,-87.620691382,"(41.88635374, -87.620691382)",2016-06-15T09:45:00.000Z
10663708,HZ307681,052XX S DREXEL AVE,1812,NARCOTICS,POSS: CANNABIS MORE THAN 30GMS,APARTMENT,true,false,233,2,5,41,18,"","",2016,02/04/2017 03:47:15 PM,"","","",2016-06-15T09:46:00.000Z
10560991,HZ307697,106XX S BENSLEY AVE,0430,BATTERY,AGGRAVATED: OTHER DANG WEAPON,STREET,false,false,434,4,10,51,04B,1194549,1835055,2016,07/04/2016 03:55:03 PM,41.702313641,-87.563224189,"(41.702313641, -87.563224189)",2016-06-15T10:00:00.000Z
10574211,HZ322071,070XX S MAPLEWOOD AVE,1320,CRIMINAL DAMAGE,TO VEHICLE,RESIDENTIAL YARD (FRONT/BACK),false,false,832,8,18,66,14,1160591,1857877,2016,06/27/2016 03:50:03 PM,41.765706895,-87.68694148,"(41.765706895, -87.68694148)",2016-06-15T10:00:00.000Z
10562495,HZ309630,038XX S CALUMET AVE,0820,THEFT,$500 AND UNDER,STREET,false,false,212,2,3,35,06,1179155,1879623,2016,06/21/2016 03:56:51 PM,41.82497696,-87.618235501,"(41.82497696, -87.618235501)",2016-06-15T10:00:00.000Z
10560791,HZ307551,075XX S LAFAYETTE AVE,1320,CRIMINAL DAMAGE,TO VEHICLE,STREET,false,false,623,6,6,69,14,1177142,1855093,2016,06/21/2016 03:56:51 PM,41.757709956,-87.626360608,"(41.757709956, -87.626360608)",2016-06-15T10:00:00.000Z
10560535,HZ307680,015XX W SUPERIOR ST,0560,ASSAULT,SIMPLE,RESIDENCE,false,true,1215,12,27,24,08A,1165908,1905097,2016,06/21/2016 03:56:51 PM,41.895172167,-87.666108574,"(41.895172167, -87.666108574)",2016-06-15T10:00:00.000Z
10560510,HZ307577,085XX S COTTAGE GROVE AVE,0810,THEFT,OVER $500,OTHER,false,false,632,6,8,44,06,1183055,1848441,2016,06/21/2016 03:56:51 PM,41.739320771,-87.604896792,"(41.739320771, -87.604896792)",2016-06-15T10:00:00.000Z
10560631,HZ307769,034XX W 116TH PL,2826,OTHER OFFENSE,HARASSMENT BY ELECTRONIC MEANS,RESIDENCE,false,false,2211,22,19,74,26,1155447,1827127,2016,06/21/2016 03:56:51 PM,41.681428012,-87.706616656,"(41.681428012, -87.706616656)",2016-06-15T10:03:00.000Z
10560468,HZ307593,072XX N CAMPBELL AVE,1320,CRIMINAL DAMAGE,TO VEHICLE,STREET,false,false,2411,24,50,2,14,1158373,1948125,2016,06/21/2016 03:56:51 PM,42.013400982,-87.692601196,"(42.013400982, -87.692601196)",2016-06-15T10:06:00.000Z
10560672,HZ307631,125XX S EMERALD AVE,0820,THEFT,$500 AND UNDER,RESIDENCE,false,false,523,5,34,53,06,1173605,1821613,2016,06/21/2016 03:56:51 PM,41.665915012,-87.640310778,"(41.665915012, -87.640310778)",2016-06-15T10:08:00.000Z
10560742,HZ307586,045XX W WILCOX ST,0420,BATTERY,AGGRAVATED:KNIFE/CUTTING INSTR,ALLEY,false,false,1113,11,28,26,04B,1146260,1898956,2016,06/21/2016 03:56:51 PM,41.878717176,-87.738427509,"(41.878717176, -87.738427509)",2016-06-15T10:10:00.000Z
10560536,HZ307619,055XX S HOMAN AVE,0460,BATTERY,SIMPLE,SIDEWALK,true,true,822,8,14,63,08B,1154657,1867599,2016,06/21/2016 03:56:51 PM,41.792505841,-87.708432803,"(41.792505841, -87.708432803)",2016-06-15T10:11:00.000Z
10562651,HZ308577,054XX W CHICAGO AVE,0630,BURGLARY,ATTEMPT FORCIBLE ENTRY,DEPARTMENT STORE,false,false,1524,15,37,25,05,1139890,1904803,2016,07/04/2016 03:55:03 PM,41.894880861,-87.761674181,"(41.894880861, -87.761674181)",2016-06-15T10:30:00.000Z
10560771,HZ307555,079XX S GREENWOOD AVE,1750,OFFENSE INVOLVING CHILDREN,CHILD ABUSE,RESIDENCE,false,false,624,6,8,44,20,1184931,1852548,2016,06/21/2016 03:56:51 PM,41.750547026,-87.597894925,"(41.750547026, -87.597894925)",2016-06-15T10:30:00.000Z
10560738,HZ307714,054XX W WALTON ST,2092,NARCOTICS,SOLICIT NARCOTICS ON PUBLICWAY,SIDEWALK,true,false,1524,15,37,25,18,1139899,1905801,2016,06/21/2016 03:56:51 PM,41.89761933,-87.761616701,"(41.89761933, -87.761616701)",2016-06-15T10:31:00.000Z
10560608,HZ307603,065XX S WOLCOTT AVE,0454,BATTERY,AGG PO HANDS NO/MIN INJURY,SIDEWALK,true,false,726,7,15,67,08B,1164812,1861237,2016,06/21/2016 03:56:51 PM,41.774839102,-87.671375268,"(41.774839102, -87.671375268)",2016-06-15T10:34:00.000Z
10565908,HZ312816,070XX N WESTERN AVE,1153,DECEPTIVE PRACTICE,FINANCIAL IDENTITY THEFT OVER $ 300,"",false,false,2411,24,50,2,11,1159045,1946558,2016,06/21/2016 03:56:51 PM,42.009087258,-87.690171862,"(42.009087258, -87.690171862)",2016-06-15T10:35:00.000Z
10560637,HZ307659,039XX S LAKE PARK AVE,1310,CRIMINAL DAMAGE,TO PROPERTY,RESIDENTIAL YARD (FRONT/BACK),false,false,214,2,4,36,14,1183388,1878984,2016,06/21/2016 03:56:51 PM,41.823125769,-87.602725951,"(41.823125769, -87.602725951)",2016-06-15T10:38:00.000Z
10560547,HZ307670,037XX W 13TH ST,2024,NARCOTICS,POSS: HEROIN(WHITE),SIDEWALK,true,false,1011,10,24,29,18,1151725,1893787,2016,06/21/2016 03:56:51 PM,41.864427161,-87.718496901,"(41.864427161, -87.718496901)",2016-06-15T10:40:00.000Z
10560563,HZ307717,002XX N WABASH AVE,0870,THEFT,POCKET-PICKING,STREET,false,false,111,1,42,32,06,1176767,1902023,2016,06/21/2016 03:56:51 PM,41.886498299,-87.626319646,"(41.886498299, -87.626319646)",2016-06-15T10:50:00.000Z
10560816,HZ307797,131XX S ST LAWRENCE AVE,2826,OTHER OFFENSE,HARASSMENT BY ELECTRONIC MEANS,OTHER,false,false,533,5,9,54,26,1182581,1818336,2016,06/21/2016 03:56:51 PM,41.656719667,-87.607562877,"(41.656719667, -87.607562877)",2016-06-15T10:55:00.000Z
10560664,HZ307651,007XX N CENTRAL AVE,0486,BATTERY,DOMESTIC BATTERY SIMPLE,APARTMENT,false,true,1524,15,37,25,08B,1138891,1904389,2016,06/21/2016 03:56:51 PM,41.893763001,-87.765353356,"(41.893763001, -87.765353356)",2016-06-15T10:58:00.000Z
10560676,HZ307723,052XX N MASON AVE,0486,BATTERY,DOMESTIC BATTERY SIMPLE,RESIDENCE,true,true,1622,16,45,11,08B,1135538,1934562,2016,07/13/2016 03:47:55 PM,41.976621277,-87.776948823,"(41.976621277, -87.776948823)",2016-06-15T11:00:00.000Z
10565406,HZ312705,007XX W ALDINE AVE,0820,THEFT,$500 AND UNDER,STREET,false,false,1925,19,44,6,06,1170632,1922130,2016,06/21/2016 03:56:51 PM,41.941809468,-87.648258903,"(41.941809468, -87.648258903)",2016-06-15T11:00:00.000Z
10562199,HZ309164,096XX S AVENUE M,0820,THEFT,$500 AND UNDER,STREET,false,false,432,4,10,52,06,1201456,1841772,2016,06/21/2016 03:56:51 PM,41.720573367,-87.53770599,"(41.720573367, -87.53770599)",2016-06-15T11:00:00.000Z
10561501,HZ308426,017XX W 33RD PL,1320,CRIMINAL DAMAGE,TO VEHICLE,STREET,false,false,912,9,11,59,14,1165362,1882514,2016,06/21/2016 03:56:51 PM,41.833214055,-87.668755951,"(41.833214055, -87.668755951)",2016-06-15T11:00:00.000Z
10561447,HZ308372,053XX W BERENICE AVE,0910,MOTOR VEHICLE THEFT,AUTOMOBILE,STREET,false,false,1634,16,38,15,07,1140137,1925082,2016,06/21/2016 03:56:51 PM,41.950524108,-87.760269271,"(41.950524108, -87.760269271)",2016-06-15T11:00:00.000Z
10561234,HZ308236,015XX W OAKDALE AVE,0620,BURGLARY,UNLAWFUL ENTRY,RESIDENCE-GARAGE,false,false,1932,19,32,6,05,1165564,1919666,2016,06/21/2016 03:56:51 PM,41.935157757,-87.666956245,"(41.935157757, -87.666956245)",2016-06-15T11:00:00.000Z
10560946,HZ308056,074XX S INGLESIDE AVE,0910,MOTOR VEHICLE THEFT,AUTOMOBILE,STREET,false,false,323,3,8,69,07,1183851,1855838,2016,06/21/2016 03:56:51 PM,41.759600385,-87.601749985,"(41.759600385, -87.601749985)",2016-06-15T11:00:00.000Z
10560763,HZ307770,047XX N ASHLAND AVE,0820,THEFT,$500 AND UNDER,PARK PROPERTY,false,false,1912,19,47,3,06,1164805,1931449,2016,06/21/2016 03:56:51 PM,41.96750702,-87.669410137,"(41.96750702, -87.669410137)",2016-06-15T11:00:00.000Z
10560630,HZ307668,038XX W OGDEN AVE,2028,NARCOTICS,POSS: SYNTHETIC DRUGS,OTHER,true,false,1014,10,24,29,18,1151167,1889473,2016,06/21/2016 03:56:51 PM,41.85259998,-87.720658332,"(41.85259998, -87.720658332)",2016-06-15T11:00:00.000Z
10560527,HZ307649,033XX W FLOURNOY ST,1811,NARCOTICS,POSS: CANNABIS 30GMS OR LESS,SIDEWALK,true,false,1134,11,24,27,18,1154242,1896836,2016,06/21/2016 03:56:51 PM,41.87274411,-87.709175599,"(41.87274411, -87.709175599)",2016-06-15T11:00:00.000Z
10560524,HZ307677,002XX W 113TH ST,1320,CRIMINAL DAMAGE,TO VEHICLE,STREET,false,false,522,5,34,49,14,1176478,1830004,2016,06/21/2016 03:56:51 PM,41.688877343,-87.629545784,"(41.688877343, -87.629545784)",2016-06-15T11:00:00.000Z
10560523,HZ307673,001XX W JACKSON BLVD,0810,THEFT,OVER $500,SIDEWALK,false,false,122,1,2,32,06,1174916,1898956,2016,06/21/2016 03:56:51 PM,41.878123916,-87.633208786,"(41.878123916, -87.633208786)",2016-06-15T11:00:00.000Z
10560698,HZ307819,071XX S WESTERN AVE,0560,ASSAULT,SIMPLE,CONVENIENCE STORE,true,false,832,8,18,66,08A,1161608,1857339,2016,06/21/2016 03:56:51 PM,41.764209513,-87.683228721,"(41.764209513, -87.683228721)",2016-06-15T11:01:00.000Z
10560538,HZ307662,059XX W FULTON ST,031A,ROBBERY,ARMED: HANDGUN,STREET,false,false,1512,15,29,25,03,1136816,1901402,2016,06/21/2016 03:56:51 PM,41.885603725,-87.773045889,"(41.885603725, -87.773045889)",2016-06-15T11:15:00.000Z
10560657,HZ307713,015XX N PULASKI RD,0810,THEFT,OVER $500,SIDEWALK,false,false,2535,25,30,23,06,1149434,1910028,2016,06/21/2016 03:56:51 PM,41.909038944,-87.726485565,"(41.909038944, -87.726485565)",2016-06-15T11:20:00.000Z
10560560,HZ307688,040XX W ARMITAGE AVE,0460,BATTERY,SIMPLE,SMALL RETAIL STORE,false,false,2534,25,30,20,08B,1149169,1912984,2016,06/21/2016 03:56:51 PM,41.917155633,-87.727382343,"(41.917155633, -87.727382343)",2016-06-15T11:23:00.000Z
10562703,HZ309697,005XX N BISHOP ST,0910,MOTOR VEHICLE THEFT,AUTOMOBILE,STREET,false,false,1215,12,27,24,07,1166516,1903879,2016,06/21/2016 03:56:51 PM,41.891816891,-87.663910456,"(41.891816891, -87.663910456)",2016-06-15T11:30:00.000Z
10562052,HZ309097,043XX W HIRSCH ST,0910,MOTOR VEHICLE THEFT,AUTOMOBILE,STREET,false,false,2534,25,37,23,07,1147037,1908957,2016,06/21/2016 03:56:51 PM,41.906146208,-87.735318551,"(41.906146208, -87.735318551)",2016-06-15T11:30:00.000Z
10560827,HZ307672,001XX E 115TH ST,0610,BURGLARY,FORCIBLE ENTRY,RESIDENCE,false,false,532,5,9,53,05,1179241,1828744,2016,06/21/2016 03:56:51 PM,41.68535733,-87.619468829,"(41.68535733, -87.619468829)",2016-06-15T11:30:00.000Z
10560765,HZ307859,011XX S KOSTNER AVE,1506,PROSTITUTION,SOLICIT ON PUBLIC WAY,STREET,true,false,1131,11,24,29,16,1147216,1894919,2016,06/21/2016 03:56:51 PM,41.86762093,-87.735020556,"(41.86762093, -87.735020556)",2016-06-15T11:30:00.000Z
10560780,HZ307856,046XX W FIFTH AVE,1506,PROSTITUTION,SOLICIT ON PUBLIC WAY,SIDEWALK,true,false,1131,11,24,25,16,1145702,1895366,2016,06/21/2016 03:56:51 PM,41.868876375,-87.74056743,"(41.868876375, -87.74056743)",2016-06-15T11:35:00.000Z
10560667,HZ307761,057XX S SANGAMON ST,143A,WEAPONS VIOLATION,UNLAWFUL POSS OF HANDGUN,RESIDENTIAL YARD (FRONT/BACK),false,false,712,7,16,68,15,1170956,1866780,2016,06/21/2016 03:56:51 PM,41.789917757,-87.648690493,"(41.789917757, -87.648690493)",2016-06-15T11:35:00.000Z
10560777,HZ307916,046XX W FIFTH AVE,1506,PROSTITUTION,SOLICIT ON PUBLIC WAY,STREET,true,false,1131,11,24,25,16,1145702,1895366,2016,06/21/2016 03:56:51 PM,41.868876375,-87.74056743,"(41.868876375, -87.74056743)",2016-06-15T11:38:00.000Z
10560627,HZ307724,002XX S LARAMIE AVE,1811,NARCOTICS,POSS: CANNABIS 30GMS OR LESS,SIDEWALK,true,false,1522,15,29,25,18,1141753,1898706,2016,06/21/2016 03:56:51 PM,41.87811568,-87.754982715,"(41.87811568, -87.754982715)",2016-06-15T11:43:00.000Z
10561773,HZ307737,012XX N CLYBOURN AVE,0820,THEFT,$500 AND UNDER,STREET,false,false,1821,18,27,8,06,1172600,1908767,2016,07/04/2016 03:55:03 PM,41.905097416,-87.641422034,"(41.905097416, -87.641422034)",2016-06-15T11:49:00.000Z
10560951,HZ308065,033XX N WESTERN AVE,0810,THEFT,OVER $500,PARKING LOT/GARAGE(NON.RESID.),false,false,1921,19,32,5,06,1159786,1922155,2016,06/21/2016 03:56:51 PM,41.942109008,-87.688121761,"(41.942109008, -87.688121761)",2016-06-15T11:50:00.000Z
10560751,HZ307742,001XX N STATE ST,0860,THEFT,RETAIL THEFT,DEPARTMENT STORE,true,false,111,1,42,32,06,1176352,1900927,2016,06/21/2016 03:56:51 PM,41.883500187,-87.627876698,"(41.883500187, -87.627876698)",2016-06-15T11:50:00.000Z
10560686,HZ307738,061XX S CHAMPLAIN AVE,4255,KIDNAPPING,UNLAWFUL INTERFERE/VISITATION,APARTMENT,false,true,313,3,20,42,26,1181624,1864474,2016,06/21/2016 03:56:51 PM,41.783350102,-87.609645494,"(41.783350102, -87.609645494)",2016-06-15T11:57:00.000Z
10563494,HZ310526,055XX W WINDSOR AVE,1360,CRIMINAL TRESPASS,TO VEHICLE,OTHER,false,false,1623,16,45,15,26,1138657,1929727,2016,06/21/2016 03:56:51 PM,41.96329745,-87.765596593,"(41.96329745, -87.765596593)",2016-06-15T12:00:00.000Z
10563470,HZ310370,039XX N PINE GROVE AVE,1320,CRIMINAL DAMAGE,TO VEHICLE,STREET,false,false,1925,19,46,6,14,1170692,1926474,2016,06/21/2016 03:56:51 PM,41.953728247,-87.6479107,"(41.953728247, -87.6479107)",2016-06-15T12:00:00.000Z
10561893,HZ308702,056XX S MICHIGAN AVE,0820,THEFT,$500 AND UNDER,RESIDENCE,false,true,225,2,20,40,06,1178122,1867568,2016,06/21/2016 03:56:51 PM,41.791920506,-87.622391101,"(41.791920506, -87.622391101)",2016-06-15T12:00:00.000Z
10561454,HZ302346,073XX S CHAPPEL AVE,0820,THEFT,$500 AND UNDER,STREET,false,false,333,3,5,43,06,1191155,1856608,2016,06/21/2016 03:56:51 PM,41.761539757,-87.574956494,"(41.761539757, -87.574956494)",2016-06-15T12:00:00.000Z
10561212,HZ308154,005XX N MC CLURG CT,1320,CRIMINAL DAMAGE,TO VEHICLE,PARKING LOT/GARAGE(NON.RESID.),false,false,1834,18,42,8,14,1179104,1903846,2016,06/21/2016 03:56:51 PM,41.89144754,-87.617681884,"(41.89144754, -87.617681884)",2016-06-15T12:00:00.000Z
10561210,HZ308167,005XX W ROSCOE ST,0810,THEFT,OVER $500,RESIDENCE-GARAGE,false,false,1925,19,44,6,06,1171971,1922698,2016,06/21/2016 03:56:51 PM,41.943338611,-87.64332075,"(41.943338611, -87.64332075)",2016-06-15T12:00:00.000Z
10561037,HZ308139,067XX S LOOMIS BLVD,0820,THEFT,$500 AND UNDER,RESIDENTIAL YARD (FRONT/BACK),false,false,725,7,17,67,06,1168159,1860005,2016,06/21/2016 03:56:51 PM,41.771386987,-87.659141052,"(41.771386987, -87.659141052)",2016-06-15T12:00:00.000Z
10560786,HZ307827,022XX N BURLING ST,0810,THEFT,OVER $500,STREET,false,false,1812,18,43,7,06,1170909,1915059,2016,06/21/2016 03:56:51 PM,41.922400255,-87.647448727,"(41.922400255, -87.647448727)",2016-06-15T12:00:00.000Z
10560784,HZ307871,009XX S CICERO AVE,1506,PROSTITUTION,SOLICIT ON PUBLIC WAY,SIDEWALK,true,false,1131,11,24,25,16,1144531,1895566,2016,06/21/2016 03:56:51 PM,41.869447309,-87.744861466,"(41.869447309, -87.744861466)",2016-06-15T12:00:00.000Z
10560628,HZ307741,079XX S INDIANA AVE,0530,ASSAULT,AGGRAVATED: OTHER DANG WEAPON,STREET,false,false,623,6,6,44,04A,1178966,1852509,2016,06/21/2016 03:56:51 PM,41.75057784,-87.619754469,"(41.75057784, -87.619754469)",2016-06-15T12:00:00.000Z
10560798,HZ307861,0000X S KENTON AVE,1506,PROSTITUTION,SOLICIT ON PUBLIC WAY,STREET,true,false,1113,11,28,25,16,1145668,1899369,2016,06/21/2016 03:56:51 PM,41.879861737,-87.740590766,"(41.879861737, -87.740590766)",2016-06-15T12:20:00.000Z
10565871,HZ312683,030XX N BROADWAY,0810,THEFT,OVER $500,APARTMENT,false,false,1934,19,44,6,06,1171725,1920338,2016,06/21/2016 03:56:51 PM,41.936868111,-87.64429464,"(41.936868111, -87.64429464)",2016-06-15T12:25:00.000Z
10560702,HZ307802,059XX S MORGAN ST,1811,NARCOTICS,POSS: CANNABIS 30GMS OR LESS,STREET,true,false,712,7,16,68,18,1170660,1865499,2016,06/21/2016 03:56:51 PM,41.78640901,-87.649813179,"(41.78640901, -87.649813179)",2016-06-15T12:25:00.000Z
10560755,HZ307779,066XX S HALSTED ST,0560,ASSAULT,SIMPLE,GAS STATION,true,false,723,7,6,68,08A,1172118,1860614,2016,06/21/2016 03:56:51 PM,41.772972076,-87.644610871,"(41.772972076, -87.644610871)",2016-06-15T12:27:00.000Z
10563443,HZ307825,056XX W MONTROSE AVE,1152,DECEPTIVE PRACTICE,ILLEGAL USE CASH CARD,VEHICLE NON-COMMERCIAL,false,false,1622,16,38,15,11,1138133,1928697,2016,07/04/2016 03:55:03 PM,41.960480546,-87.767548195,"(41.960480546, -87.767548195)",2016-06-15T12:30:00.000Z
10572674,HZ307799,030XX W WABANSIA AVE,1310,CRIMINAL DAMAGE,TO PROPERTY,APARTMENT,false,true,1421,14,26,23,14,1155939,1911148,2016,06/27/2016 03:50:03 PM,41.911983544,-87.702558816,"(41.911983544, -87.702558816)",2016-06-15T12:30:00.000Z
10561252,HZ308147,055XX W QUINCY ST,1320,CRIMINAL DAMAGE,TO VEHICLE,DRIVEWAY - RESIDENTIAL,false,false,1522,15,29,25,14,1139501,1898452,2016,06/21/2016 03:56:51 PM,41.877460016,-87.76325785,"(41.877460016, -87.76325785)",2016-06-15T12:30:00.000Z
10560976,HZ307994,028XX S SACRAMENTO AVE,0460,BATTERY,SIMPLE,OTHER RAILROAD PROP / TRAIN DEPOT,false,false,1033,10,12,30,08B,1156822,1885102,2016,06/21/2016 03:56:51 PM,41.840492863,-87.700020957,"(41.840492863, -87.700020957)",2016-06-15T12:30:00.000Z
10560769,HZ307857,001XX S KENTON AVE,1506,PROSTITUTION,SOLICIT ON PUBLIC WAY,SIDEWALK,true,false,1113,11,28,25,16,1145676,1899109,2016,06/21/2016 03:56:51 PM,41.879148115,-87.740567984,"(41.879148115, -87.740567984)",2016-06-15T12:30:00.000Z
10569748,HZ317763,008XX N MICHIGAN AVE,0860,THEFT,RETAIL THEFT,DEPARTMENT STORE,true,false,1833,18,42,8,06,1177338,1906181,2016,06/24/2016 03:49:34 PM,41.897895128,-87.624096605,"(41.897895128, -87.624096605)",2016-06-15T12:34:00.000Z
10560716,HZ307818,025XX E 100TH ST,3731,INTERFERENCE WITH PUBLIC OFFICER,OBSTRUCTING IDENTIFICATION,STREET,true,false,431,4,7,51,24,1194553,1839148,2016,06/21/2016 03:56:51 PM,41.713545143,-87.563075483,"(41.713545143, -87.563075483)",2016-06-15T12:34:00.000Z
10560998,HZ307791,027XX W LEXINGTON ST,033A,ROBBERY,ATTEMPT: ARMED-HANDGUN,RESIDENTIAL YARD (FRONT/BACK),false,false,1135,11,2,27,03,1158278,1896591,2016,07/04/2016 03:55:03 PM,41.871990316,-87.694364238,"(41.871990316, -87.694364238)",2016-06-15T12:35:00.000Z
10560707,HZ307804,008XX W 33RD ST,0486,BATTERY,DOMESTIC BATTERY SIMPLE,APARTMENT,false,true,913,9,11,60,08B,1171129,1883141,2016,06/21/2016 03:56:51 PM,41.834810219,-87.647577435,"(41.834810219, -87.647577435)",2016-06-15T12:50:00.000Z
10561110,HZ308126,043XX S MAPLEWOOD AVE,2820,OTHER OFFENSE,TELEPHONE THREAT,RESIDENCE,false,true,922,9,12,58,26,1160089,1875722,2016,06/21/2016 03:56:51 PM,41.814686318,-87.688290744,"(41.814686318, -87.688290744)",2016-06-15T12:55:00.000Z
10560756,HZ307798,008XX N STATE ST,0460,BATTERY,SIMPLE,CTA PLATFORM,false,false,1832,18,42,8,08B,1176223,1905805,2016,06/21/2016 03:56:51 PM,41.896888586,-87.628203192,"(41.896888586, -87.628203192)",2016-06-15T12:55:00.000Z
10560703,HZ307793,062XX S DR MARTIN LUTHER KING JR DR,1320,CRIMINAL DAMAGE,TO VEHICLE,STREET,false,false,313,3,20,42,14,1179990,1863773,2016,06/21/2016 03:56:51 PM,41.781464072,-87.615657684,"(41.781464072, -87.615657684)",2016-06-15T12:56:00.000Z
10560794,HZ307876,072XX S PAULINA ST,0470,PUBLIC PEACE VIOLATION,RECKLESS CONDUCT,SIDEWALK,true,false,735,7,17,67,24,1166266,1856676,2016,06/21/2016 03:56:51 PM,41.762292277,-87.6661748,"(41.762292277, -87.6661748)",2016-06-15T12:57:00.000Z
10563371,HZ310091,012XX N NOBLE ST,0810,THEFT,OVER $500,PARKING LOT/GARAGE(NON.RESID.),false,false,1433,14,32,24,06,1166821,1908597,2016,06/21/2016 03:56:51 PM,41.904756873,-87.662654879,"(41.904756873, -87.662654879)",2016-06-15T13:00:00.000Z
10562068,HZ308602,051XX W CHICAGO AVE,0460,BATTERY,SIMPLE,STREET,false,false,1531,15,37,25,08B,1141972,1904844,2016,06/21/2016 03:56:51 PM,41.89495505,-87.754026441,"(41.89495505, -87.754026441)",2016-06-15T13:00:00.000Z
10561245,HZ308141,040XX W PARKER AVE,0610,BURGLARY,FORCIBLE ENTRY,RESIDENCE-GARAGE,false,false,2524,25,31,22,05,1148942,1917976,2016,06/21/2016 03:56:51 PM,41.930858536,-87.728086895,"(41.930858536, -87.728086895)",2016-06-15T13:00:00.000Z
10560796,HZ307834,033XX N NATCHEZ AVE,1150,DECEPTIVE PRACTICE,CREDIT CARD FRAUD,STREET,false,false,1632,16,36,17,11,1132455,1921576,2016,06/21/2016 03:56:51 PM,41.941040735,-87.788590101,"(41.941040735, -87.788590101)",2016-06-15T13:00:00.000Z
10560729,HZ307806,052XX W CHICAGO AVE,0460,BATTERY,SIMPLE,ALLEY,false,false,1524,15,28,25,08B,1141371,1904829,2016,06/21/2016 03:56:51 PM,41.894925002,-87.756234153,"(41.894925002, -87.756234153)",2016-06-15T13:05:00.000Z
10560781,HZ307903,007XX W 79TH ST,5011,OTHER OFFENSE,LICENSE VIOLATION,RESTAURANT,false,false,621,6,17,71,26,1172583,1852485,2016,06/21/2016 03:56:51 PM,41.750654869,-87.643145394,"(41.750654869, -87.643145394)",2016-06-15T13:06:00.000Z
10560679,HZ307816,0000X N KILBOURN AVE,2024,NARCOTICS,POSS: HEROIN(WHITE),ALLEY,true,false,1113,11,28,26,18,1146387,1899777,2016,06/21/2016 03:56:51 PM,41.88096768,-87.737940272,"(41.88096768, -87.737940272)",2016-06-15T13:06:00.000Z
10560892,HZ307942,052XX S CARPENTER ST,0486,BATTERY,DOMESTIC BATTERY SIMPLE,APARTMENT,false,false,934,9,16,61,08B,1170204,1870014,2016,06/21/2016 03:56:51 PM,41.798808616,-87.651353784,"(41.798808616, -87.651353784)",2016-06-15T13:15:00.000Z
10560810,HZ307848,011XX W LAWRENCE AVE,031A,ROBBERY,ARMED: HANDGUN,SIDEWALK,false,false,1914,19,48,3,03,1167566,1932027,2016,06/21/2016 03:56:51 PM,41.969033912,-87.659241549,"(41.969033912, -87.659241549)",2016-06-15T13:15:00.000Z
10560795,HZ307837,023XX S WHIPPLE ST,041A,BATTERY,AGGRAVATED: HANDGUN,STREET,false,false,1033,10,24,30,04B,1156391,1888365,2016,06/21/2016 03:56:51 PM,41.849455621,-87.701514477,"(41.849455621, -87.701514477)",2016-06-15T13:22:00.000Z
10560753,HZ307858,058XX S JUSTINE ST,0520,ASSAULT,AGGRAVATED:KNIFE/CUTTING INSTR,RESIDENCE,false,false,713,7,15,67,04A,1167001,1866187,2016,06/21/2016 03:56:51 PM,41.788376004,-87.663209288,"(41.788376004, -87.663209288)",2016-06-15T13:29:00.000Z
10561003,HZ308120,004XX W 33RD ST,0910,MOTOR VEHICLE THEFT,AUTOMOBILE,STREET,false,false,915,9,11,60,07,1173728,1883052,2016,06/21/2016 03:56:51 PM,41.834508663,-87.638043673,"(41.834508663, -87.638043673)",2016-06-15T13:30:00.000Z
10560943,HZ307900,027XX W FULLERTON AVE,0486,BATTERY,DOMESTIC BATTERY SIMPLE,RESIDENCE,false,true,1431,14,1,22,08B,1157540,1915836,2016,06/21/2016 03:56:51 PM,41.92481532,-87.696549312,"(41.92481532, -87.696549312)",2016-06-15T13:30:00.000Z
10560833,HZ307887,055XX W MADISON ST,0320,ROBBERY,STRONGARM - NO WEAPON,SIDEWALK,false,false,1522,15,29,25,03,1139339,1899472,2016,06/21/2016 03:56:51 PM,41.88026198,-87.763827828,"(41.88026198, -87.763827828)",2016-06-15T13:32:00.000Z
10560764,HZ307870,044XX W WASHINGTON BLVD,2027,NARCOTICS,POSS: CRACK,STREET,true,false,1113,11,28,26,18,1146782,1900126,2016,06/21/2016 03:56:51 PM,41.881917848,-87.736480932,"(41.881917848, -87.736480932)",2016-06-15T13:35:00.000Z
10560783,HZ307874,045XX W ROOSEVELT RD,1506,PROSTITUTION,SOLICIT ON PUBLIC WAY,SIDEWALK,true,false,1131,11,24,29,16,1146269,1894315,2016,06/21/2016 03:56:51 PM,41.865981538,-87.738512551,"(41.865981538, -87.738512551)",2016-06-15T13:36:00.000Z
10560766,HZ307877,054XX S LOOMIS BLVD,4625,OTHER OFFENSE,PAROLE VIOLATION,STREET,true,false,934,9,16,61,26,1167925,1868563,2016,06/21/2016 03:56:51 PM,41.794876216,-87.659753068,"(41.794876216, -87.659753068)",2016-06-15T13:40:00.000Z
10560758,HZ307882,013XX W HASTINGS ST,2024,NARCOTICS,POSS: HEROIN(WHITE),CHA PARKING LOT/GROUNDS,true,false,1233,12,2,28,18,1167739,1893853,2016,06/21/2016 03:56:51 PM,41.864278508,-87.659707941,"(41.864278508, -87.659707941)",2016-06-15T13:40:00.000Z
10560826,HZ307889,012XX W 50TH ST,2027,NARCOTICS,POSS: CRACK,STREET,true,false,933,9,16,61,18,1168749,1871621,2016,06/21/2016 03:56:51 PM,41.803249957,-87.656643188,"(41.803249957, -87.656643188)",2016-06-15T13:42:00.000Z
10560907,HZ307981,077XX S THROOP ST,0460,BATTERY,SIMPLE,APARTMENT,false,true,612,6,17,71,08B,1169226,1853458,2016,06/21/2016 03:56:51 PM,41.75339815,-87.655418932,"(41.75339815, -87.655418932)",2016-06-15T13:44:00.000Z
10560824,HZ307895,053XX S PULASKI RD,0860,THEFT,RETAIL THEFT,GROCERY FOOD STORE,true,false,815,8,23,62,06,1150608,1868922,2016,06/21/2016 03:56:51 PM,41.796216157,-87.723245665,"(41.796216157, -87.723245665)",2016-06-15T13:47:00.000Z
10571429,HZ319405,049XX W MELROSE ST,0820,THEFT,$500 AND UNDER,RESIDENTIAL YARD (FRONT/BACK),false,false,1634,16,30,15,06,1142813,1921153,2016,06/27/2016 03:50:03 PM,41.939693048,-87.750530581,"(41.939693048, -87.750530581)",2016-06-15T14:00:00.000Z
10566091,HZ313650,033XX S HAMILTON AVE,0820,THEFT,$500 AND UNDER,RESIDENTIAL YARD (FRONT/BACK),false,false,912,9,12,59,06,1162562,1882457,2016,06/23/2016 03:46:04 PM,41.833116625,-87.67903129,"(41.833116625, -87.67903129)",2016-06-15T14:00:00.000Z
10561940,HZ308883,100XX W OHARE ST,0810,THEFT,OVER $500,AIRCRAFT,false,false,1651,16,41,76,06,1100658,1934241,2016,06/21/2016 03:56:51 PM,41.976290414,-87.905227221,"(41.976290414, -87.905227221)",2016-06-15T14:00:00.000Z
10561672,HZ308459,002XX E 89TH PL,1320,CRIMINAL DAMAGE,TO VEHICLE,STREET,false,false,633,6,6,44,14,1179311,1845694,2016,06/21/2016 03:56:51 PM,41.731868815,-87.618697623,"(41.731868815, -87.618697623)",2016-06-15T14:00:00.000Z
10561244,HZ308203,041XX N MARMORA AVE,0820,THEFT,$500 AND UNDER,VEHICLE NON-COMMERCIAL,false,false,1624,16,38,15,06,1136278,1926875,2016,06/21/2016 03:56:51 PM,41.955514207,-87.774411891,"(41.955514207, -87.774411891)",2016-06-15T14:00:00.000Z
10561060,HZ308175,021XX W GLADYS AVE,0820,THEFT,$500 AND UNDER,RESIDENCE PORCH/HALLWAY,false,false,1225,12,2,28,06,1162082,1898411,2016,06/21/2016 03:56:51 PM,41.876906006,-87.680347331,"(41.876906006, -87.680347331)",2016-06-15T14:00:00.000Z
10560987,HZ308099,008XX N LEAMINGTON AVE,0460,BATTERY,SIMPLE,SIDEWALK,false,false,1531,15,37,25,08B,1141872,1905007,2016,06/21/2016 03:56:51 PM,41.895404193,-87.754389679,"(41.895404193, -87.754389679)",2016-06-15T14:00:00.000Z
10560858,HZ307961,095XX S AVENUE M,0910,MOTOR VEHICLE THEFT,AUTOMOBILE,STREET,false,false,432,4,10,52,07,1201448,1842483,2016,06/21/2016 03:56:51 PM,41.722524609,-87.537711224,"(41.722524609, -87.537711224)",2016-06-15T14:00:00.000Z
10560848,HZ307855,016XX W 78TH ST,0486,BATTERY,DOMESTIC BATTERY SIMPLE,APARTMENT,false,true,611,6,17,71,08B,1166572,1852983,2016,06/21/2016 03:56:51 PM,41.752151658,-87.665158394,"(41.752151658, -87.665158394)",2016-06-15T14:00:00.000Z
10560920,HZ307902,019XX N KENNETH AVE,0486,BATTERY,DOMESTIC BATTERY SIMPLE,RESIDENTIAL YARD (FRONT/BACK),false,true,2533,25,31,20,08B,1146413,1912490,2016,06/21/2016 03:56:51 PM,41.915853036,-87.737520607,"(41.915853036, -87.737520607)",2016-06-15T14:05:00.000Z
10560925,HZ307953,020XX W ARTHUR AVE,1310,CRIMINAL DAMAGE,TO PROPERTY,APARTMENT,false,false,2412,24,50,2,14,1161359,1943148,2016,06/21/2016 03:56:51 PM,41.999682102,-87.681753468,"(41.999682102, -87.681753468)",2016-06-15T14:20:00.000Z
10562191,HZ307910,041XX W 26TH ST,0810,THEFT,OVER $500,SIDEWALK,false,false,1013,10,22,30,06,1149319,1886404,2016,07/04/2016 03:55:03 PM,41.844214236,-87.727520579,"(41.844214236, -87.727520579)",2016-06-15T14:25:00.000Z
10561032,HZ308165,035XX S RHODES AVE,2820,OTHER OFFENSE,TELEPHONE THREAT,RESIDENCE,false,true,212,2,4,35,26,1180162,1881716,2016,06/21/2016 03:56:51 PM,41.830697249,-87.614476891,"(41.830697249, -87.614476891)",2016-06-15T14:30:00.000Z
10564767,HZ307918,065XX S COTTAGE GROVE AVE,0460,BATTERY,SIMPLE,BARBERSHOP,false,false,321,3,20,42,08B,1182688,1861760,2016,06/21/2016 03:56:51 PM,41.775877995,-87.605828736,"(41.775877995, -87.605828736)",2016-06-15T14:33:00.000Z
10560851,HZ307922,053XX S PULASKI RD,0860,THEFT,RETAIL THEFT,GROCERY FOOD STORE,true,false,815,8,23,62,06,1150608,1868922,2016,06/21/2016 03:56:51 PM,41.796216157,-87.723245665,"(41.796216157, -87.723245665)",2016-06-15T14:45:00.000Z
10560821,HZ307944,001XX E 72ND ST,0560,ASSAULT,SIMPLE,APARTMENT,true,true,323,3,6,69,08A,1178532,1857311,2016,06/21/2016 03:56:51 PM,41.763764934,-87.621199174,"(41.763764934, -87.621199174)",2016-06-15T14:45:00.000Z
10560817,HZ307933,072XX S MAY ST,0486,BATTERY,DOMESTIC BATTERY SIMPLE,RESIDENCE,false,true,733,7,17,68,08B,1169903,1856843,2016,06/21/2016 03:56:51 PM,41.762672367,-87.652839854,"(41.762672367, -87.652839854)",2016-06-15T14:45:00.000Z
10574908,HZ308038,066XX S MICHIGAN AVE,0820,THEFT,$500 AND UNDER,STREET,false,false,322,3,20,69,06,1178087,1860829,2016,07/04/2016 03:55:03 PM,41.773428804,-87.622723654,"(41.773428804, -87.622723654)",2016-06-15T15:00:00.000Z
10562128,HZ308990,057XX S PAULINA ST,0810,THEFT,OVER $500,STREET,false,false,715,7,15,67,06,1165992,1866574,2016,06/21/2016 03:56:51 PM,41.789459501,-87.666897918,"(41.789459501, -87.666897918)",2016-06-15T15:00:00.000Z
10562030,HZ309059,054XX W LELAND AVE,0820,THEFT,$500 AND UNDER,STREET,false,false,1623,16,45,15,06,1139319,1930554,2016,06/21/2016 03:56:51 PM,41.96555475,-87.763142378,"(41.96555475, -87.763142378)",2016-06-15T15:00:00.000Z
10561158,HZ308127,012XX N SANDBURG TER,0810,THEFT,OVER $500,STREET,false,false,1821,18,42,8,06,1175121,1908971,2016,06/21/2016 03:56:51 PM,41.905601029,-87.632155579,"(41.905601029, -87.632155579)",2016-06-15T15:00:00.000Z
10560834,HZ307934,070XX S PARNELL AVE,0486,BATTERY,DOMESTIC BATTERY SIMPLE,RESIDENTIAL YARD (FRONT/BACK),true,true,732,7,6,68,08B,1173837,1858219,2016,06/21/2016 03:56:51 PM,41.766361968,-87.638380416,"(41.766361968, -87.638380416)",2016-06-15T15:00:00.000Z
10560841,HZ307969,048XX N HERMITAGE AVE,0470,PUBLIC PEACE VIOLATION,RECKLESS CONDUCT,SIDEWALK,true,false,2032,20,47,3,24,1163927,1932199,2016,06/21/2016 03:56:51 PM,41.969583674,-87.672617177,"(41.969583674, -87.672617177)",2016-06-15T15:02:00.000Z
10560938,HZ307957,006XX N CAMPBELL AVE,0325,ROBBERY,VEHICULAR HIJACKING,STREET,false,false,1221,12,26,24,03,1159625,1904385,2016,06/21/2016 03:56:51 PM,41.893350139,-87.689204057,"(41.893350139, -87.689204057)",2016-06-15T15:10:00.000Z
10560903,HZ307965,045XX S WOOD ST,0470,PUBLIC PEACE VIOLATION,RECKLESS CONDUCT,STREET,false,false,924,9,20,61,24,1165109,1874613,2016,06/21/2016 03:56:51 PM,41.811538217,-87.669908103,"(41.811538217, -87.669908103)",2016-06-15T15:15:00.000Z
10560845,HZ307967,074XX S LANGLEY AVE,031A,ROBBERY,ARMED: HANDGUN,STREET,false,false,323,3,6,69,03,1182182,1855834,2016,06/21/2016 03:56:51 PM,41.759628195,-87.607866901,"(41.759628195, -87.607866901)",2016-06-15T15:18:00.000Z
10560888,HZ307997,026XX E 79TH ST,1811,NARCOTICS,POSS: CANNABIS 30GMS OR LESS,PARKING LOT/GARAGE(NON.RESID.),true,false,422,4,7,46,18,1195266,1853101,2016,06/21/2016 03:56:51 PM,41.751815845,-87.560005138,"(41.751815845, -87.560005138)",2016-06-15T15:25:00.000Z
10560932,HZ307947,056XX S WABASH AVE,041A,BATTERY,AGGRAVATED: HANDGUN,RESIDENCE PORCH/HALLWAY,false,false,225,2,20,40,04B,1177678,1867623,2016,06/21/2016 03:56:51 PM,41.792081496,-87.624017496,"(41.792081496, -87.624017496)",2016-06-15T15:31:00.000Z
10560869,HZ307982,035XX W POLK ST,2026,NARCOTICS,POSS: PCP,SIDEWALK,true,false,1133,11,24,27,18,1152944,1896142,2016,06/21/2016 03:56:51 PM,41.870865499,-87.713959567,"(41.870865499, -87.713959567)",2016-06-15T15:37:00.000Z
10560965,HZ307996,003XX W 35TH ST,0560,ASSAULT,SIMPLE,SIDEWALK,false,false,915,9,11,34,08A,1174644,1881745,2016,08/25/2016 03:47:54 PM,41.830901751,-87.634721653,"(41.830901751, -87.634721653)",2016-06-15T15:50:00.000Z
10560883,HZ307979,069XX S THROOP ST,143A,WEAPONS VIOLATION,UNLAWFUL POSS OF HANDGUN,STREET,true,false,734,7,17,67,15,1168855,1858816,2016,06/27/2016 03:50:03 PM,41.76810922,-87.656624048,"(41.76810922, -87.656624048)",2016-06-15T15:57:00.000Z
10560889,HZ307977,049XX S CALUMET AVE,0486,BATTERY,DOMESTIC BATTERY SIMPLE,APARTMENT,true,true,224,2,3,38,08B,1179267,1872379,2016,06/21/2016 03:56:51 PM,41.805096267,-87.618045825,"(41.805096267, -87.618045825)",2016-06-15T15:57:00.000Z
10561985,HZ308988,014XX W 112TH PL,0890,THEFT,FROM BUILDING,RESIDENTIAL YARD (FRONT/BACK),false,false,2234,22,34,75,06,1168806,1830106,2016,06/21/2016 03:56:51 PM,41.689325819,-87.657629757,"(41.689325819, -87.657629757)",2016-06-15T15:59:00.000Z
10711339,HZ469311,055XX N WINTHROP AVE,2825,OTHER OFFENSE,HARASSMENT BY TELEPHONE,OTHER,false,false,2023,20,48,77,26,"","",2016,10/11/2016 03:51:41 PM,"","","",2016-06-16T04:00:00.000Z
10933476,JA247834,010XX N MONTICELLO AVE,0820,THEFT,$500 AND UNDER,OTHER,false,false,1112,11,27,23,06,"","",2016,05/04/2017 03:57:25 PM,"","","",2016-06-16T04:01:00.000Z
10723794,HZ482494,005XX W ROSCOE ST,1154,DECEPTIVE PRACTICE,FINANCIAL IDENTITY THEFT $300 AND UNDER,RESIDENCE,false,false,1925,19,44,6,11,"","",2016,10/21/2016 03:58:01 PM,"","","",2016-06-16T04:01:00.000Z
10679733,HZ432412,031XX W JARVIS AVE,1150,DECEPTIVE PRACTICE,CREDIT CARD FRAUD,RESIDENCE,false,false,2411,24,50,2,11,"","",2016,09/14/2016 03:49:23 PM,"","","",2016-06-16T04:01:00.000Z
10585078,HZ335054,015XX S LYNN WHITE DR,0810,THEFT,OVER $500,LAKEFRONT/WATERFRONT/RIVERBANK,false,false,132,1,2,33,06,1181497,1893442,2016,07/07/2016 03:49:15 PM,41.862843364,-87.609216011,"(41.862843364, -87.609216011)",2016-06-16T04:01:00.000Z
10562175,HZ308673,003XX S WESTERN AVE,0810,THEFT,OVER $500,STREET,false,false,1225,12,2,28,06,1160451,1898434,2016,07/04/2016 03:55:03 PM,41.877003015,-87.686335236,"(41.877003015, -87.686335236)",2016-06-16T04:01:00.000Z
10561972,HZ308933,081XX S INGLESIDE AVE,1320,CRIMINAL DAMAGE,TO VEHICLE,STREET,false,false,631,6,8,44,14,1183982,1851126,2016,06/22/2016 03:52:12 PM,41.746667117,-87.60141679,"(41.746667117, -87.60141679)",2016-06-16T04:01:00.000Z
10561192,HZ308122,056XX S SPAULDING AVE,0820,THEFT,$500 AND UNDER,STREET,false,false,822,8,14,63,06,1155344,1866989,2016,06/22/2016 03:52:12 PM,41.790818182,-87.70592997,"(41.790818182, -87.70592997)",2016-06-16T04:01:00.000Z
10562272,HZ309246,014XX N LOCKWOOD AVE,0820,THEFT,$500 AND UNDER,RESIDENCE,false,true,2532,25,37,25,06,1140761,1909144,2016,06/22/2016 03:52:12 PM,41.906777106,-87.758368335,"(41.906777106, -87.758368335)",2016-06-16T04:10:00.000Z
10560880,HZ308027,060XX S PULASKI RD,1305,CRIMINAL DAMAGE,CRIMINAL DEFACEMENT,COMMERCIAL / BUSINESS OFFICE,true,false,813,8,13,65,14,1150732,1864430,2016,06/22/2016 03:52:12 PM,41.783887007,-87.7229079,"(41.783887007, -87.7229079)",2016-06-16T04:20:00.000Z
10560878,HZ308020,035XX W FLOURNOY ST,0486,BATTERY,DOMESTIC BATTERY SIMPLE,SIDEWALK,false,true,1133,11,24,27,08B,1152897,1896803,2016,06/22/2016 03:52:12 PM,41.872680286,-87.714114615,"(41.872680286, -87.714114615)",2016-06-16T04:24:00.000Z
10560885,HZ308011,048XX S HERMITAGE AVE,0520,ASSAULT,AGGRAVATED:KNIFE/CUTTING INSTR,RESIDENCE,true,true,931,9,20,61,04A,1165495,1872623,2016,06/22/2016 03:52:12 PM,41.806069242,-87.668548735,"(41.806069242, -87.668548735)",2016-06-16T04:28:00.000Z
10561232,HZ308268,064XX S ASHLAND AVE,1320,CRIMINAL DAMAGE,TO VEHICLE,OTHER,false,false,725,7,17,67,14,1166776,1862024,2016,06/22/2016 03:52:12 PM,41.776957021,-87.664153071,"(41.776957021, -87.664153071)",2016-06-16T04:30:00.000Z
10560890,HZ308028,007XX N LEAMINGTON AVE,0820,THEFT,$500 AND UNDER,RESIDENCE,true,false,1531,15,28,25,06,1141890,1904441,2016,06/22/2016 03:52:12 PM,41.893850689,-87.754337597,"(41.893850689, -87.754337597)",2016-06-16T04:30:00.000Z
10560941,HZ308014,029XX W CORTLAND ST,0320,ROBBERY,STRONGARM - NO WEAPON,SIDEWALK,false,false,1421,14,35,22,03,1156359,1912483,2016,06/22/2016 03:52:12 PM,41.915638407,-87.700979693,"(41.915638407, -87.700979693)",2016-06-16T04:34:00.000Z
10560917,HZ308046,037XX N MONTICELLO AVE,2093,NARCOTICS,FOUND SUSPECT NARCOTICS,RESIDENCE PORCH/HALLWAY,true,false,1732,17,39,16,18,1151391,1924688,2016,06/22/2016 03:52:12 PM,41.949229002,-87.718910478,"(41.949229002, -87.718910478)",2016-06-16T04:40:00.000Z
10560977,HZ308033,023XX S HOMAN AVE,1320,CRIMINAL DAMAGE,TO VEHICLE,STREET,false,false,1024,10,22,30,14,1154064,1888341,2016,06/22/2016 03:52:12 PM,41.849436427,-87.710055545,"(41.849436427, -87.710055545)",2016-06-16T04:45:00.000Z
10560901,HZ308026,016XX N LECLAIRE AVE,0810,THEFT,OVER $500,APARTMENT,false,false,2533,25,37,25,06,1142307,1910322,2016,06/22/2016 03:52:12 PM,41.909981092,-87.752659874,"(41.909981092, -87.752659874)",2016-06-16T04:45:00.000Z
10560945,HZ308061,044XX S ASHLAND AVE,1305,CRIMINAL DAMAGE,CRIMINAL DEFACEMENT,ALLEY,true,false,924,9,12,61,14,1166417,1875265,2016,06/22/2016 03:52:12 PM,41.813299568,-87.665091828,"(41.813299568, -87.665091828)",2016-06-16T04:49:00.000Z
10560954,HZ308030,027XX N PINE GROVE AVE,0860,THEFT,RETAIL THEFT,SMALL RETAIL STORE,false,false,1935,19,43,7,06,1172652,1918576,2016,06/22/2016 03:52:12 PM,41.932012618,-87.640940116,"(41.932012618, -87.640940116)",2016-06-16T04:50:00.000Z
10562463,HZ308880,003XX E 132ND PL,2820,OTHER OFFENSE,TELEPHONE THREAT,RESIDENCE,false,false,533,5,9,54,26,1180852,1817697,2016,07/04/2016 03:55:03 PM,41.655005926,-87.613908994,"(41.655005926, -87.613908994)",2016-06-16T04:53:00.000Z
10561530,HZ308316,028XX W POLK ST,1320,CRIMINAL DAMAGE,TO VEHICLE,RESIDENTIAL YARD (FRONT/BACK),false,false,1135,11,2,27,14,1157532,1896244,2016,06/22/2016 03:52:12 PM,41.871053319,-87.697112565,"(41.871053319, -87.697112565)",2016-06-16T04:56:00.000Z
10560930,HZ308040,028XX W POLK ST,1310,CRIMINAL DAMAGE,TO PROPERTY,ALLEY,false,false,1135,11,2,27,14,1157532,1896244,2016,06/22/2016 03:52:12 PM,41.871053319,-87.697112565,"(41.871053319, -87.697112565)",2016-06-16T04:56:00.000Z
10702008,HZ457695,079XX S CRANDON AVE,0810,THEFT,OVER $500,APARTMENT,false,false,414,4,7,46,06,"","",2016,10/14/2016 04:07:57 PM,"","","",2016-06-15T17:00:00.000Z
10561651,HZ308384,016XX W 89TH ST,031A,ROBBERY,ARMED: HANDGUN,PARKING LOT/GARAGE(NON.RESID.),false,true,2221,22,21,73,03,1166797,1845677,2016,06/22/2016 03:52:12 PM,41.73209814,-87.664541942,"(41.73209814, -87.664541942)",2016-06-15T17:00:00.000Z
10561476,HZ308322,049XX S PRINCETON AVE,0820,THEFT,$500 AND UNDER,STREET,false,false,935,9,3,37,06,1175121,1872240,2016,06/22/2016 03:52:12 PM,41.804808514,-87.633255658,"(41.804808514, -87.633255658)",2016-06-15T17:00:00.000Z
10561008,HZ308109,023XX S PULASKI RD,0620,BURGLARY,UNLAWFUL ENTRY,RESTAURANT,false,false,1013,10,22,29,05,1150083,1887962,2016,06/22/2016 03:52:12 PM,41.848474762,-87.724676285,"(41.848474762, -87.724676285)",2016-06-15T17:00:00.000Z
10560966,HZ308042,006XX N STATE ST,0860,THEFT,RETAIL THEFT,SMALL RETAIL STORE,true,false,1834,18,42,8,06,1176254,1904661,2016,06/22/2016 03:52:12 PM,41.893748693,-87.628123871,"(41.893748693, -87.628123871)",2016-06-15T17:05:00.000Z
10560980,HZ308047,048XX S ARCHER AVE,1310,CRIMINAL DAMAGE,TO PROPERTY,APARTMENT,false,true,821,8,14,57,14,1152196,1872521,2016,06/22/2016 03:52:12 PM,41.80606126,-87.717327703,"(41.80606126, -87.717327703)",2016-06-15T17:15:00.000Z
10562025,HZ309057,057XX S HONORE ST,0560,ASSAULT,SIMPLE,RESIDENCE PORCH/HALLWAY,false,false,715,7,15,67,08A,1165002,1866530,2016,06/22/2016 03:52:12 PM,41.789359761,-87.670529189,"(41.789359761, -87.670529189)",2016-06-15T17:30:00.000Z
10561004,HZ308049,002XX W GARFIELD BLVD,0320,ROBBERY,STRONGARM - NO WEAPON,CTA TRAIN,false,false,935,9,3,37,03,1175647,1868500,2016,06/22/2016 03:52:12 PM,41.794533814,-87.631438536,"(41.794533814, -87.631438536)",2016-06-15T17:30:00.000Z
10560902,HZ308045,003XX E SOUTH WATER ST,1310,CRIMINAL DAMAGE,TO PROPERTY,RESIDENCE PORCH/HALLWAY,false,false,114,1,42,32,14,1178979,1902046,2016,06/22/2016 03:52:12 PM,41.886511115,-87.618196037,"(41.886511115, -87.618196037)",2016-06-15T17:30:00.000Z
10560923,HZ308063,045XX S WOLCOTT AVE,1330,CRIMINAL TRESPASS,TO LAND,RESIDENCE-GARAGE,false,false,924,9,20,61,26,1164448,1874593,2016,06/22/2016 03:52:12 PM,41.811497311,-87.672333186,"(41.811497311, -87.672333186)",2016-06-15T17:37:00.000Z
10560924,HZ308052,076XX S SOUTH SHORE DR,1330,CRIMINAL TRESPASS,TO LAND,RESIDENTIAL YARD (FRONT/BACK),true,false,421,4,7,43,26,1196619,1855520,2016,06/22/2016 03:52:12 PM,41.758420277,-87.554966924,"(41.758420277, -87.554966924)",2016-06-15T17:40:00.000Z
10560935,HZ308069,014XX W AUGUSTA BLVD,0580,STALKING,SIMPLE,RESIDENCE PORCH/HALLWAY,false,false,1213,12,27,24,08A,1166513,1906776,2016,06/22/2016 03:52:12 PM,41.899766528,-87.663838452,"(41.899766528, -87.663838452)",2016-06-15T17:45:00.000Z
10561575,HZ308133,044XX S TALMAN AVE,1310,CRIMINAL DAMAGE,TO PROPERTY,RESIDENCE,false,false,922,9,12,58,14,1159444,1875063,2016,06/22/2016 03:52:12 PM,41.812891202,-87.690674777,"(41.812891202, -87.690674777)",2016-06-15T17:46:00.000Z
10561594,HZ308373,053XX S PEORIA ST,0650,BURGLARY,HOME INVASION,RESIDENCE,false,false,934,9,20,61,05,1171213,1869192,2016,06/22/2016 03:52:12 PM,41.796530932,-87.647677612,"(41.796530932, -87.647677612)",2016-06-15T18:00:00.000Z
10561065,HZ308157,079XX S RIDGELAND AVE,1320,CRIMINAL DAMAGE,TO VEHICLE,STREET,false,false,414,4,8,46,14,1189361,1852646,2016,06/22/2016 03:52:12 PM,41.750710892,-87.581658438,"(41.750710892, -87.581658438)",2016-06-15T18:00:00.000Z
10560979,HZ308055,063XX S ALBANY AVE,0496,BATTERY,AGGRAVATED DOMESTIC BATTERY: KNIFE/CUTTING INST,APARTMENT,true,false,823,8,15,66,04B,1156809,1862414,2016,06/26/2016 03:50:19 PM,41.77823426,-87.700681547,"(41.77823426, -87.700681547)",2016-06-15T18:05:00.000Z
10560948,HZ308066,066XX S DREXEL AVE,0496,BATTERY,AGGRAVATED DOMESTIC BATTERY: KNIFE/CUTTING INST,APARTMENT,false,true,321,3,5,42,04B,1183366,1861207,2016,06/22/2016 03:52:12 PM,41.774344746,-87.603360484,"(41.774344746, -87.603360484)",2016-06-15T18:15:00.000Z
10560958,HZ308070,016XX N KEDZIE AVE,0460,BATTERY,SIMPLE,VEHICLE - OTHER RIDE SERVICE,false,false,1421,14,26,23,08B,1154789,1910619,2016,06/22/2016 03:52:12 PM,41.910555052,-87.706797795,"(41.910555052, -87.706797795)",2016-06-15T18:29:00.000Z
10563717,HZ310787,015XX W 87TH ST,1320,CRIMINAL DAMAGE,TO VEHICLE,STREET,false,false,614,6,21,71,14,1167675,1847039,2016,06/22/2016 03:52:12 PM,41.735816901,-87.661286494,"(41.735816901, -87.661286494)",2016-06-15T18:30:00.000Z
10560969,HZ308077,007XX W 50TH PL,0496,BATTERY,AGGRAVATED DOMESTIC BATTERY: KNIFE/CUTTING INST,APARTMENT,false,false,935,9,3,61,04B,1172235,1871383,2016,06/22/2016 03:52:12 PM,41.802520836,-87.643865412,"(41.802520836, -87.643865412)",2016-06-15T18:30:00.000Z
10560961,HZ308067,082XX S ELLIS AVE,1310,CRIMINAL DAMAGE,TO PROPERTY,APARTMENT,false,true,631,6,8,44,14,1184332,1850497,2016,06/22/2016 03:52:12 PM,41.744932898,-87.600153957,"(41.744932898, -87.600153957)",2016-06-15T18:30:00.000Z
10560936,HZ308076,014XX W CULLERTON ST,0320,ROBBERY,STRONGARM - NO WEAPON,RESIDENCE,false,false,1235,12,25,31,03,1167099,1890518,2016,06/22/2016 03:52:12 PM,41.855140734,-87.662153061,"(41.855140734, -87.662153061)",2016-06-15T18:45:00.000Z
10561455,HZ308351,019XX S SPAULDING AVE,0810,THEFT,OVER $500,STREET,false,false,1022,10,24,29,06,1154669,1890330,2016,06/22/2016 03:52:12 PM,41.854882401,-87.707781928,"(41.854882401, -87.707781928)",2016-06-15T19:00:00.000Z
10560970,HZ308079,044XX S SHIELDS AVE,0497,BATTERY,AGGRAVATED DOMESTIC BATTERY: OTHER DANG WEAPON,STREET,false,true,925,9,3,37,04B,1174713,1875615,2016,06/22/2016 03:52:12 PM,41.814078945,-87.634651385,"(41.814078945, -87.634651385)",2016-06-15T19:09:00.000Z
10560962,HZ308083,009XX S SACRAMENTO BLVD,1310,CRIMINAL DAMAGE,TO PROPERTY,APARTMENT,false,true,1135,11,28,27,14,1156505,1895789,2016,06/22/2016 03:52:12 PM,41.869825578,-87.700895375,"(41.869825578, -87.700895375)",2016-06-15T19:15:00.000Z
10561467,HZ308371,015XX N MAPLEWOOD AVE,0610,BURGLARY,FORCIBLE ENTRY,COMMERCIAL / BUSINESS OFFICE,false,false,1423,14,26,24,05,1159124,1910208,2016,06/22/2016 03:52:12 PM,41.909339239,-87.690883897,"(41.909339239, -87.690883897)",2016-06-15T19:30:00.000Z
10561442,HZ308278,015XX S WABASH AVE,0820,THEFT,$500 AND UNDER,STREET,false,false,131,1,2,33,06,1177014,1892855,2016,06/22/2016 03:52:12 PM,41.861335178,-87.625690175,"(41.861335178, -87.625690175)",2016-06-15T19:30:00.000Z
10560960,HZ308087,030XX N PULASKI RD,0312,ROBBERY,ARMED:KNIFE/CUTTING INSTRUMENT,SMALL RETAIL STORE,false,false,2523,25,31,21,03,1149201,1919750,2016,06/22/2016 03:52:12 PM,41.935721524,-87.727089019,"(41.935721524, -87.727089019)",2016-06-15T19:40:00.000Z
10560985,HZ308096,053XX W BELMONT AVE,0610,BURGLARY,FORCIBLE ENTRY,OTHER,false,false,2514,25,30,19,05,1140245,1920758,2016,07/15/2016 03:47:21 PM,41.938656649,-87.759978587,"(41.938656649, -87.759978587)",2016-06-15T19:53:00.000Z
10562950,HZ309939,025XX W TOUHY AVE,2820,OTHER OFFENSE,TELEPHONE THREAT,RESIDENCE,false,true,2411,24,50,2,26,1158164,1947690,2016,06/22/2016 03:52:12 PM,42.012211619,-87.693382186,"(42.012211619, -87.693382186)",2016-06-15T20:00:00.000Z
10560990,HZ308101,044XX S INDIANA AVE,0330,ROBBERY,AGGRAVATED,STREET,false,false,215,2,3,38,03,1178339,1875742,2016,06/22/2016 03:52:12 PM,41.814345775,-87.621347126,"(41.814345775, -87.621347126)",2016-06-15T20:00:00.000Z
10560994,HZ308092,003XX W 106TH ST,0486,BATTERY,DOMESTIC BATTERY SIMPLE,RESIDENCE,false,true,512,5,34,49,08B,1175869,1834633,2016,06/22/2016 03:52:12 PM,41.701593637,-87.631637243,"(41.701593637, -87.631637243)",2016-06-15T20:15:00.000Z
10560993,HZ308098,110XX S EDBROOKE AVE,0520,ASSAULT,AGGRAVATED:KNIFE/CUTTING INSTR,RESIDENCE,false,true,513,5,9,49,04A,1179206,1831814,2016,06/22/2016 03:52:12 PM,41.693782648,-87.619503826,"(41.693782648, -87.619503826)",2016-06-15T20:30:00.000Z
10561688,HZ308559,0000X E OHIO ST,0810,THEFT,OVER $500,HOTEL/MOTEL,false,false,1834,18,42,8,06,1176443,1904200,2016,06/22/2016 03:52:12 PM,41.892479421,-87.627443675,"(41.892479421, -87.627443675)",2016-06-15T20:45:00.000Z
10567053,HZ309363,063XX S BISHOP ST,1310,CRIMINAL DAMAGE,TO PROPERTY,APARTMENT,false,false,725,7,16,67,14,1167756,1862606,2016,07/04/2016 03:55:03 PM,41.77853312,-87.660543723,"(41.77853312, -87.660543723)",2016-06-15T21:00:00.000Z
10563210,HZ308128,111XX S DR MARTIN LUTHER KING JR DR,0610,BURGLARY,FORCIBLE ENTRY,APARTMENT,false,false,531,5,9,49,05,1180891,1831206,2016,07/04/2016 03:55:03 PM,41.692075726,-87.613353288,"(41.692075726, -87.613353288)",2016-06-15T21:00:00.000Z
10572740,HZ320685,074XX S ROCKWELL ST,0820,THEFT,$500 AND UNDER,APARTMENT,false,false,835,8,18,66,06,1160330,1855251,2016,06/27/2016 03:50:03 PM,41.758506141,-87.68797035,"(41.758506141, -87.68797035)",2016-06-15T21:00:00.000Z
10561006,HZ308111,019XX S KEDZIE AVE,0320,ROBBERY,STRONGARM - NO WEAPON,SIDEWALK,false,false,1022,10,24,29,03,1155337,1890214,2016,06/22/2016 03:52:12 PM,41.854550703,-87.705333178,"(41.854550703, -87.705333178)",2016-06-15T21:25:00.000Z
10570321,HZ318366,002XX N KEYSTONE AVE,2050,NARCOTICS,CRIMINAL DRUG CONSPIRACY,STREET,true,false,1114,11,28,26,18,1149364,1900767,2016,06/27/2016 03:50:03 PM,41.883627156,-87.726983152,"(41.883627156, -87.726983152)",2016-06-15T22:00:00.000Z
10561040,HZ308173,019XX W MAYPOLE AVE,2015,NARCOTICS,MANU/DELIVER: HALLUCINOGEN,RESIDENCE,true,false,1223,12,27,28,18,1163490,1901044,2016,06/22/2016 03:52:12 PM,41.884101668,-87.675103439,"(41.884101668, -87.675103439)",2016-06-15T22:05:00.000Z
10561223,HZ308143,0000X E ADAMS ST,0820,THEFT,$500 AND UNDER,ALLEY,true,false,112,1,42,32,06,1176613,1899471,2016,06/22/2016 03:52:12 PM,41.87949895,-87.626962303,"(41.87949895, -87.626962303)",2016-06-15T22:30:00.000Z
10561134,HZ308181,024XX W LEXINGTON ST,2026,NARCOTICS,POSS: PCP,APARTMENT,true,false,1135,11,2,28,18,1160164,1896630,2016,06/22/2016 03:52:12 PM,41.872058601,-87.68743886,"(41.872058601, -87.68743886)",2016-06-15T22:30:00.000Z
10561239,HZ308188,053XX W BELMONT AVE,0560,ASSAULT,SIMPLE,SIDEWALK,false,true,2514,25,30,19,08A,1140307,1920760,2016,06/22/2016 03:52:12 PM,41.938660999,-87.75975067,"(41.938660999, -87.75975067)",2016-06-15T22:44:00.000Z
10563058,HZ308641,067XX S JEFFERY BLVD,0810,THEFT,OVER $500,RESIDENCE,false,false,331,3,5,43,06,1190707,1860610,2016,07/04/2016 03:55:03 PM,41.772532392,-87.57646936,"(41.772532392, -87.57646936)",2016-06-15T23:00:00.000Z
10562697,HZ309730,048XX N TROY ST,0810,THEFT,OVER $500,STREET,false,false,1713,17,33,14,06,1154501,1932076,2016,06/22/2016 03:52:12 PM,41.969440397,-87.707280129,"(41.969440397, -87.707280129)",2016-06-15T23:00:00.000Z
10561266,HZ308204,010XX N MASSASOIT AVE,1150,DECEPTIVE PRACTICE,CREDIT CARD FRAUD,APARTMENT,false,false,1511,15,29,25,11,1137836,1906254,2016,06/22/2016 03:52:12 PM,41.898899892,-87.769183038,"(41.898899892, -87.769183038)",2016-06-15T23:00:00.000Z
10561208,HZ308232,028XX W BARRY AVE,2093,NARCOTICS,FOUND SUSPECT NARCOTICS,"SCHOOL, PUBLIC, BUILDING",true,false,1411,14,33,21,18,1156856,1920476,2016,06/22/2016 03:52:12 PM,41.937561729,-87.698936486,"(41.937561729, -87.698936486)",2016-06-15T23:00:00.000Z
10561897,HZ308158,011XX W TAYLOR ST,0484,BATTERY,PRO EMP HANDS NO/MIN INJURY,STREET,false,false,1232,12,25,28,08B,1168819,1895740,2016,07/04/2016 03:55:03 PM,41.869433264,-87.655688627,"(41.869433264, -87.655688627)",2016-06-15T23:15:00.000Z
10561167,HZ308176,052XX S UNIVERSITY AVE,1360,CRIMINAL TRESPASS,TO VEHICLE,STREET,true,false,233,2,4,41,26,1184693,1870715,2016,06/22/2016 03:52:12 PM,41.800404485,-87.598197981,"(41.800404485, -87.598197981)",2016-06-15T23:18:00.000Z
10562126,HZ308732,043XX W BERWYN AVE,0610,BURGLARY,FORCIBLE ENTRY,RESIDENCE,false,false,1712,17,39,13,05,1146593,1934991,2016,06/22/2016 03:52:12 PM,41.977594253,-87.736283452,"(41.977594253, -87.736283452)",2016-06-15T23:20:00.000Z
10564733,HZ311813,012XX W LELAND AVE,0560,ASSAULT,SIMPLE,APARTMENT,false,false,1913,19,46,3,08A,1167324,1931353,2016,06/22/2016 03:52:12 PM,41.967189655,-87.660150847,"(41.967189655, -87.660150847)",2016-06-15T23:30:00.000Z
10561333,HZ308221,049XX S KNOX AVE,1310,CRIMINAL DAMAGE,TO PROPERTY,RESIDENTIAL YARD (FRONT/BACK),true,false,815,8,23,56,14,1146191,1871534,2016,06/22/2016 03:52:12 PM,41.803468775,-87.739377171,"(41.803468775, -87.739377171)",2016-06-15T23:30:00.000Z
10563195,HZ309980,070XX S HONORE ST,0486,BATTERY,DOMESTIC BATTERY SIMPLE,APARTMENT,false,true,735,7,17,67,08B,1165236,1857947,2016,06/22/2016 03:52:12 PM,41.765801935,-87.669913973,"(41.765801935, -87.669913973)",2016-06-15T23:50:00.000Z
10916390,JA229837,055XX W KAMERLING AVE,1153,DECEPTIVE PRACTICE,FINANCIAL IDENTITY THEFT OVER $ 300,APARTMENT,false,false,2532,25,37,25,11,"","",2016,04/19/2017 03:53:51 PM,"","","",2016-06-16T00:00:00.000Z
10569386,HZ317219,018XX W FARRAGUT AVE,1154,DECEPTIVE PRACTICE,FINANCIAL IDENTITY THEFT $300 AND UNDER,APARTMENT,false,false,2012,20,40,4,11,1163016,1934892,2016,11/02/2016 03:47:39 PM,41.976992604,-87.67589094,"(41.976992604, -87.67589094)",2016-06-16T00:00:00.000Z
10562650,HZ309700,002XX S FRANKLIN ST,0870,THEFT,POCKET-PICKING,CTA PLATFORM,false,false,122,1,2,32,06,1174371,1898999,2016,06/22/2016 03:52:12 PM,41.878254093,-87.635208595,"(41.878254093, -87.635208595)",2016-06-16T00:00:00.000Z
10562101,HZ309043,026XX S SENOUR AVE,1360,CRIMINAL TRESPASS,TO VEHICLE,STREET,false,false,913,9,11,60,26,1170348,1886818,2016,06/22/2016 03:52:12 PM,41.844917311,-87.650335845,"(41.844917311, -87.650335845)",2016-06-16T00:00:00.000Z
10561546,HZ308319,050XX S DR MARTIN LUTHER KING JR DR,0486,BATTERY,DOMESTIC BATTERY SIMPLE,APARTMENT,false,true,223,2,3,38,08B,1179754,1871532,2016,06/22/2016 03:52:12 PM,41.802760889,-87.616285646,"(41.802760889, -87.616285646)",2016-06-16T00:00:00.000Z
10561138,HZ308201,072XX S PEORIA ST,0560,ASSAULT,SIMPLE,SIDEWALK,false,false,733,7,17,68,08A,1171556,1856936,2016,06/22/2016 03:52:12 PM,41.762891526,-87.646778636,"(41.762891526, -87.646778636)",2016-06-16T00:01:00.000Z
10561154,HZ308191,015XX S RIDGEWAY AVE,051A,ASSAULT,AGGRAVATED: HANDGUN,RESIDENCE,false,true,1014,10,24,29,04A,1151626,1892250,2016,06/22/2016 03:52:12 PM,41.8602114,-87.718900712,"(41.8602114, -87.718900712)",2016-06-16T00:10:00.000Z
10567824,HZ308214,111XX S HALSTED ST,0460,BATTERY,SIMPLE,STREET,false,false,2233,22,34,75,08B,1172967,1831077,2016,07/04/2016 03:55:03 PM,41.69189982,-87.642367883,"(41.69189982, -87.642367883)",2016-06-16T00:15:00.000Z
10561936,HZ308821,014XX W HIGHLAND AVE,1310,CRIMINAL DAMAGE,TO PROPERTY,RESIDENCE,false,false,2433,24,40,77,14,1165470,1942312,2016,06/22/2016 03:52:12 PM,41.997301259,-87.666654119,"(41.997301259, -87.666654119)",2016-06-16T00:15:00.000Z
10561429,HZ308252,001XX W VAN BUREN ST,0460,BATTERY,SIMPLE,STREET,false,false,122,1,2,32,08B,1175032,1898500,2016,06/22/2016 03:52:12 PM,41.876870027,-87.632796531,"(41.876870027, -87.632796531)",2016-06-16T00:15:00.000Z
10561597,HZ308199,016XX S CENTRAL PARK AVE,0486,BATTERY,DOMESTIC BATTERY SIMPLE,APARTMENT,false,true,1021,10,24,29,08B,1152642,1891557,2016,06/22/2016 03:52:12 PM,41.858289714,-87.715189527,"(41.858289714, -87.715189527)",2016-06-16T00:20:00.000Z
10561432,HZ308247,119XX S EMERALD AVE,0486,BATTERY,DOMESTIC BATTERY SIMPLE,RESIDENCE,false,true,524,5,34,53,08B,1173470,1825723,2016,06/22/2016 03:52:12 PM,41.677196508,-87.640683932,"(41.677196508, -87.640683932)",2016-06-16T00:20:00.000Z
10561592,HZ308205,040XX W CERMAK RD,1320,CRIMINAL DAMAGE,TO VEHICLE,STREET,false,false,1013,10,22,29,14,1149692,1889072,2016,06/22/2016 03:52:12 PM,41.851528338,-87.726082487,"(41.851528338, -87.726082487)",2016-06-16T00:22:00.000Z
10562696,HZ309747,031XX N PARKSIDE AVE,0820,THEFT,$500 AND UNDER,RESIDENTIAL YARD (FRONT/BACK),false,false,2514,25,30,19,06,1138155,1920284,2016,06/22/2016 03:52:12 PM,41.937394045,-87.767671448,"(41.937394045, -87.767671448)",2016-06-16T00:30:00.000Z
10561637,HZ308484,003XX N CENTRAL PARK AVE,0820,THEFT,$500 AND UNDER,PARK PROPERTY,false,false,1123,11,28,27,06,1152330,1901857,2016,06/22/2016 03:52:12 PM,41.886560206,-87.716062887,"(41.886560206, -87.716062887)",2016-06-16T00:30:00.000Z
10561220,HZ308229,066XX N NORTHWEST HWY,0890,THEFT,FROM BUILDING,RESIDENCE,false,false,1612,16,41,9,06,1125476,1943477,2016,06/22/2016 03:52:12 PM,42.001258305,-87.813752928,"(42.001258305, -87.813752928)",2016-06-16T00:30:00.000Z
10561352,HZ308251,010XX N PULASKI RD,2024,NARCOTICS,POSS: HEROIN(WHITE),ABANDONED BUILDING,true,false,1111,11,37,23,18,1149532,1906598,2016,06/22/2016 03:52:12 PM,41.899624779,-87.726214733,"(41.899624779, -87.726214733)",2016-06-16T00:39:00.000Z
10561818,HZ308257,002XX W 104TH ST,0560,ASSAULT,SIMPLE,"SCHOOL, PRIVATE, BUILDING",false,false,512,5,34,49,08A,1176490,1835977,2016,07/04/2016 03:55:03 PM,41.705267858,-87.629323117,"(41.705267858, -87.629323117)",2016-06-16T00:45:00.000Z
10561193,HZ308226,051XX W NORTH AVE,0498,BATTERY,AGGRAVATED DOMESTIC BATTERY: HANDS/FIST/FEET SERIOUS INJURY,RESIDENCE,false,true,2533,25,37,25,04B,1141999,1910154,2016,06/22/2016 03:52:12 PM,41.909525798,-87.753795526,"(41.909525798, -87.753795526)",2016-06-16T00:45:00.000Z
10602328,HZ354412,059XX W CHICAGO AVE,1152,DECEPTIVE PRACTICE,ILLEGAL USE CASH CARD,RESIDENCE,false,false,1511,15,29,25,11,"","",2016,07/19/2016 04:00:08 PM,"","","",2016-06-16T01:00:00.000Z
10586550,HZ337067,021XX N MARMORA AVE,1120,DECEPTIVE PRACTICE,FORGERY,RESIDENCE,false,false,2515,25,29,19,10,1136722,1913473,2016,07/07/2016 03:49:15 PM,41.918729728,-87.773101599,"(41.918729728, -87.773101599)",2016-06-16T01:00:00.000Z
10564686,HZ311580,004XX W 31ST ST,1130,DECEPTIVE PRACTICE,FRAUD OR CONFIDENCE GAME,ATHLETIC CLUB,false,false,914,9,11,60,11,1173964,1884386,2016,06/22/2016 03:52:12 PM,41.838164026,-87.63713806,"(41.838164026, -87.63713806)",2016-06-16T01:00:00.000Z
10563335,HZ310076,039XX W MAYPOLE AVE,0810,THEFT,OVER $500,PARKING LOT/GARAGE(NON.RESID.),false,false,1122,11,28,26,06,1150154,1900926,2016,06/22/2016 03:52:12 PM,41.884048115,-87.724078038,"(41.884048115, -87.724078038)",2016-06-16T01:00:00.000Z
10562921,HZ309903,045XX N OAKLEY AVE,1156,DECEPTIVE PRACTICE,ATTEMPT - FINANCIAL IDENTITY THEFT,RESIDENCE,false,false,1911,19,47,4,11,1160214,1930082,2016,06/22/2016 03:52:12 PM,41.963852286,-87.686328717,"(41.963852286, -87.686328717)",2016-06-16T01:00:00.000Z
10561509,HZ308362,051XX W NORTH AVE,1153,DECEPTIVE PRACTICE,FINANCIAL IDENTITY THEFT OVER $ 300,OTHER,false,false,2533,25,37,25,11,1141947,1910153,2016,06/22/2016 03:52:12 PM,41.909524018,-87.753986578,"(41.909524018, -87.753986578)",2016-06-16T01:00:00.000Z
10561595,HZ308301,081XX S VINCENNES AVE,143A,WEAPONS VIOLATION,UNLAWFUL POSS OF HANDGUN,"SCHOOL, PUBLIC, BUILDING",true,false,622,6,21,44,15,1174708,1850883,2016,06/22/2016 03:52:12 PM,41.74621174,-87.635406033,"(41.74621174, -87.635406033)",2016-06-16T01:11:00.000Z
10561549,HZ308380,047XX S DR MARTIN LUTHER KING JR DR,0560,ASSAULT,SIMPLE,STREET,true,true,224,2,3,38,08A,1179656,1873779,2016,06/22/2016 03:52:12 PM,41.808929094,-87.616576329,"(41.808929094, -87.616576329)",2016-06-16T01:15:00.000Z
10561258,HZ308282,0000X S DEARBORN ST,2820,OTHER OFFENSE,TELEPHONE THREAT,OTHER,false,false,112,1,42,32,26,1175945,1900240,2016,06/22/2016 03:52:12 PM,41.881624191,-87.629391908,"(41.881624191, -87.629391908)",2016-06-16T01:15:00.000Z
10561579,HZ308455,017XX W PRYOR AVE,0460,BATTERY,SIMPLE,"SCHOOL, PUBLIC, BUILDING",true,false,2212,22,19,75,08B,1166533,1831078,2016,06/22/2016 03:52:12 PM,41.692041778,-87.665923635,"(41.692041778, -87.665923635)",2016-06-16T01:17:00.000Z
10561796,HZ308312,058XX W CHICAGO AVE,0486,BATTERY,DOMESTIC BATTERY SIMPLE,SIDEWALK,false,true,1511,15,29,25,08B,1137276,1904745,2016,07/04/2016 03:55:03 PM,41.894769094,-87.771276238,"(41.894769094, -87.771276238)",2016-06-16T01:30:00.000Z
10561576,HZ308457,005XX W HARRISON ST,0560,ASSAULT,SIMPLE,GOVERNMENT BUILDING/PROPERTY,true,false,124,1,2,28,08A,1172659,1897574,2016,06/22/2016 03:52:12 PM,41.874381838,-87.641536792,"(41.874381838, -87.641536792)",2016-06-16T01:30:00.000Z
10561559,HZ308315,039XX W NORTH AVE,0430,BATTERY,AGGRAVATED: OTHER DANG WEAPON,STREET,true,false,2535,25,30,23,04B,1149676,1910342,2016,06/22/2016 03:52:12 PM,41.909895889,-87.725588389,"(41.909895889, -87.725588389)",2016-06-16T01:30:00.000Z
10562181,HZ309096,037XX W 26TH ST,0860,THEFT,RETAIL THEFT,OTHER,false,false,1031,10,22,30,06,1151692,1886461,2016,06/22/2016 03:52:12 PM,41.844324387,-87.718810515,"(41.844324387, -87.718810515)",2016-06-16T01:37:00.000Z
10561601,HZ308325,023XX W CERMAK RD,0810,THEFT,OVER $500,PAWN SHOP,false,false,1034,10,25,31,06,1161087,1889344,2016,08/26/2016 03:52:51 PM,41.852045995,-87.684252376,"(41.852045995, -87.684252376)",2016-06-16T01:45:00.000Z
10561563,HZ308324,061XX S MAY ST,0520,ASSAULT,AGGRAVATED:KNIFE/CUTTING INSTR,ALLEY,false,false,712,7,16,68,04A,1169703,1864064,2016,06/22/2016 03:52:12 PM,41.782492024,-87.653363635,"(41.782492024, -87.653363635)",2016-06-16T01:45:00.000Z
10561465,HZ308341,031XX S ASHLAND AVE,1130,DECEPTIVE PRACTICE,FRAUD OR CONFIDENCE GAME,BARBERSHOP,false,false,912,9,11,59,11,1166176,1883920,2016,06/22/2016 03:52:12 PM,41.837054941,-87.665729137,"(41.837054941, -87.665729137)",2016-06-16T01:45:00.000Z
10562297,HZ309407,087XX S CREGIER AVE,4387,OTHER OFFENSE,VIOLATE ORDER OF PROTECTION,RESIDENCE,true,true,412,4,8,48,26,1189711,1847238,2016,02/06/2017 03:51:51 PM,41.735862433,-87.580549254,"(41.735862433, -87.580549254)",2016-06-16T02:00:00.000Z
10562974,HZ309978,012XX S WESTERN AVE,1320,CRIMINAL DAMAGE,TO VEHICLE,STREET,false,false,1233,12,25,28,14,1160565,1894479,2016,06/22/2016 03:52:12 PM,41.866147762,-87.68602617,"(41.866147762, -87.68602617)",2016-06-16T02:00:00.000Z
10562954,HZ309975,064XX S YALE AVE,1320,CRIMINAL DAMAGE,TO VEHICLE,PARKING LOT/GARAGE(NON.RESID.),false,false,722,7,20,68,14,1175609,1862380,2016,06/22/2016 03:52:12 PM,41.777740745,-87.631760999,"(41.777740745, -87.631760999)",2016-06-16T02:00:00.000Z
10561524,HZ308340,031XX N LINCOLN AVE,0890,THEFT,FROM BUILDING,CONSTRUCTION SITE,false,false,1933,19,32,6,06,1165493,1920923,2016,06/22/2016 03:52:12 PM,41.938608545,-87.667181276,"(41.938608545, -87.667181276)",2016-06-16T02:10:00.000Z
10561502,HZ308358,072XX S SOUTH SHORE DR,0486,BATTERY,DOMESTIC BATTERY SIMPLE,SIDEWALK,false,true,334,3,7,43,08B,1194878,1857803,2016,06/22/2016 03:52:12 PM,41.764728045,-87.561272312,"(41.764728045, -87.561272312)",2016-06-16T02:15:00.000Z
10571988,HZ310427,0000X W TERMINAL ST,0820,THEFT,$500 AND UNDER,AIRPORT VENDING ESTABLISHMENT,false,false,1651,16,41,76,06,1100317,1935229,2016,07/04/2016 03:55:03 PM,41.979006297,-87.906463155,"(41.979006297, -87.906463155)",2016-06-16T02:20:00.000Z
10562356,HZ309490,018XX N MONITOR AVE,1121,DECEPTIVE PRACTICE,COUNTERFEITING DOCUMENT,RESIDENCE,false,false,2531,25,29,25,10,1137130,1911902,2016,06/22/2016 03:52:12 PM,41.914411398,-87.771640347,"(41.914411398, -87.771640347)",2016-06-16T02:26:00.000Z
10562859,HZ308521,046XX S ELLIS AVE,1153,DECEPTIVE PRACTICE,FINANCIAL IDENTITY THEFT OVER $ 300,APARTMENT,false,false,222,2,4,39,11,1183699,1874469,2016,07/04/2016 03:55:03 PM,41.810729022,-87.601726053,"(41.810729022, -87.601726053)",2016-06-16T02:30:00.000Z
10562173,HZ309247,023XX W JACKSON BLVD,0620,BURGLARY,UNLAWFUL ENTRY,RESIDENCE,false,false,1225,12,2,28,05,1160870,1898642,2016,06/25/2016 03:50:05 PM,41.877565108,-87.68479102,"(41.877565108, -87.68479102)",2016-06-16T02:30:00.000Z
10562292,HZ309404,017XX W TAYLOR ST,1320,CRIMINAL DAMAGE,TO VEHICLE,PARKING LOT/GARAGE(NON.RESID.),false,false,1231,12,2,28,14,1165011,1895630,2016,06/22/2016 03:52:12 PM,41.869213054,-87.669671899,"(41.869213054, -87.669671899)",2016-06-16T02:31:00.000Z
10561964,HZ308364,006XX N ASHLAND AVE,041A,BATTERY,AGGRAVATED: HANDGUN,STREET,true,false,1215,12,1,24,04B,1165609,1904565,2016,04/25/2017 03:53:10 PM,41.893718696,-87.667221891,"(41.893718696, -87.667221891)",2016-06-16T02:33:00.000Z
10561920,HZ308442,0000X S MASON AVE,031A,ROBBERY,ARMED: HANDGUN,ALLEY,false,false,1513,15,29,25,03,1136841,1899237,2016,06/22/2016 03:52:12 PM,41.879662229,-87.773005992,"(41.879662229, -87.773005992)",2016-06-16T02:37:00.000Z
10561584,HZ308423,034XX W HURON ST,5002,OTHER OFFENSE,OTHER VEHICLE OFFENSE,STREET,false,false,1121,11,27,23,26,1153166,1904451,2016,06/22/2016 03:52:12 PM,41.893661858,-87.712923992,"(41.893661858, -87.712923992)",2016-06-16T02:37:00.000Z
10564895,HZ308370,062XX S DR MARTIN LUTHER KING JR DR,1320,CRIMINAL DAMAGE,TO VEHICLE,PARKING LOT/GARAGE(NON.RESID.),false,false,311,3,20,40,14,1179993,1863671,2016,07/04/2016 03:55:03 PM,41.781184105,-87.615649806,"(41.781184105, -87.615649806)",2016-06-16T02:38:00.000Z
10561644,HZ308518,062XX N MAGNOLIA AVE,0620,BURGLARY,UNLAWFUL ENTRY,RESIDENCE,true,false,2433,24,48,77,05,1166817,1941645,2016,06/28/2016 03:50:02 PM,41.995442112,-87.661718295,"(41.995442112, -87.661718295)",2016-06-16T02:38:00.000Z
10561630,HZ308410,008XX E 131ST ST,1310,CRIMINAL DAMAGE,TO PROPERTY,CHA APARTMENT,true,true,533,5,9,54,14,1184168,1818524,2016,06/22/2016 03:52:12 PM,41.657198752,-87.601750041,"(41.657198752, -87.601750041)",2016-06-16T02:44:00.000Z
10561552,HZ308436,013XX S CALIFORNIA BLVD,2820,OTHER OFFENSE,TELEPHONE THREAT,RESIDENCE,false,true,1023,10,28,29,26,1157904,1893526,2016,06/22/2016 03:52:12 PM,41.863587276,-87.69582092,"(41.863587276, -87.69582092)",2016-06-16T02:44:00.000Z
10561507,HZ308390,082XX S MARYLAND AVE,0820,THEFT,$500 AND UNDER,SIDEWALK,false,false,631,6,8,44,06,1183341,1850446,2016,06/22/2016 03:52:12 PM,41.744816062,-87.603786672,"(41.744816062, -87.603786672)",2016-06-16T02:45:00.000Z
10561766,HZ308405,066XX N DAMEN AVE,0860,THEFT,RETAIL THEFT,CONVENIENCE STORE,true,false,2412,24,50,2,06,1161753,1944078,2016,06/22/2016 03:52:12 PM,42.002225812,-87.680277948,"(42.002225812, -87.680277948)",2016-06-16T02:50:00.000Z
10561431,HZ308395,084XX S MORGAN ST,0820,THEFT,$500 AND UNDER,STREET,false,false,613,6,21,71,06,1171117,1848951,2016,06/22/2016 03:52:12 PM,41.740989245,-87.648620554,"(41.740989245, -87.648620554)",2016-06-16T02:50:00.000Z
10561551,HZ308386,045XX S LAMON AVE,0486,BATTERY,DOMESTIC BATTERY SIMPLE,RESIDENCE,false,true,814,8,23,56,08B,1144457,1874012,2016,06/22/2016 03:52:12 PM,41.8103015,-87.745674553,"(41.8103015, -87.745674553)",2016-06-16T02:55:00.000Z
10564675,HZ311554,060XX W 55TH ST,0810,THEFT,OVER $500,VEHICLE NON-COMMERCIAL,false,false,811,8,23,56,06,1136842,1867478,2016,06/22/2016 03:52:12 PM,41.792510573,-87.773762005,"(41.792510573, -87.773762005)",2016-06-16T02:57:00.000Z
10566133,HZ309558,041XX S PRAIRIE AVE,0610,BURGLARY,FORCIBLE ENTRY,APARTMENT,false,false,213,2,3,38,05,1178727,1877604,2016,07/04/2016 03:55:03 PM,41.819446427,-87.619867204,"(41.819446427, -87.619867204)",2016-06-16T03:00:00.000Z
10562866,HZ308826,064XX N SHERIDAN RD,1320,CRIMINAL DAMAGE,TO VEHICLE,"SCHOOL, PRIVATE, GROUNDS",false,false,2432,24,49,1,14,1167088,1943136,2016,07/04/2016 03:55:03 PM,41.999527609,-87.66067834,"(41.999527609, -87.66067834)",2016-06-16T03:00:00.000Z
10568661,HZ316763,039XX W FOSTER AVE,5000,OTHER OFFENSE,OTHER CRIME AGAINST PERSON,CTA BUS,false,false,1712,17,39,14,26,1148850,1934256,2016,06/23/2016 03:46:04 PM,41.975533897,-87.728002414,"(41.975533897, -87.728002414)",2016-06-16T03:00:00.000Z
10563552,HZ310572,034XX W WALNUT ST,2825,OTHER OFFENSE,HARASSMENT BY TELEPHONE,APARTMENT,false,true,1123,11,28,27,26,1153460,1901460,2016,06/22/2016 03:52:12 PM,41.885448417,-87.711923777,"(41.885448417, -87.711923777)",2016-06-16T03:00:00.000Z
10562273,HZ309227,025XX N LONG AVE,141A,WEAPONS VIOLATION,UNLAWFUL USE HANDGUN,RESIDENCE,false,false,2515,25,30,19,15,1139946,1916544,2016,06/22/2016 03:52:12 PM,41.92709848,-87.761180855,"(41.92709848, -87.761180855)",2016-06-16T03:00:00.000Z
10561828,HZ308425,014XX W HUBBARD ST,5011,OTHER OFFENSE,LICENSE VIOLATION,FACTORY/MANUFACTURING BUILDING,true,false,1215,12,27,24,26,1166528,1903194,2016,06/22/2016 03:52:12 PM,41.889936945,-87.663886013,"(41.889936945, -87.663886013)",2016-06-16T03:00:00.000Z
10561721,HZ308489,001XX W JACKSON BLVD,0320,ROBBERY,STRONGARM - NO WEAPON,SIDEWALK,false,false,122,1,2,32,03,1175230,1898963,2016,06/22/2016 03:52:12 PM,41.87813609,-87.632055653,"(41.87813609, -87.632055653)",2016-06-16T03:00:00.000Z
10561653,HZ308430,012XX W 49TH PL,0486,BATTERY,DOMESTIC BATTERY SIMPLE,ALLEY,false,true,933,9,16,61,08B,1168878,1871956,2016,06/22/2016 03:52:12 PM,41.804166446,-87.656160405,"(41.804166446, -87.656160405)",2016-06-16T03:00:00.000Z
10561593,HZ308397,026XX W 60TH ST,0560,ASSAULT,SIMPLE,APARTMENT,false,true,825,8,15,66,08A,1159959,1864777,2016,06/22/2016 03:52:12 PM,41.784654487,-87.689068516,"(41.784654487, -87.689068516)",2016-06-16T03:00:00.000Z
10561585,HZ308420,033XX W HARRISON ST,1811,NARCOTICS,POSS: CANNABIS 30GMS OR LESS,GAS STATION,true,false,1134,11,24,27,18,1153993,1897159,2016,06/22/2016 03:52:12 PM,41.873635421,-87.710081187,"(41.873635421, -87.710081187)",2016-06-16T03:00:00.000Z
10564768,HZ311884,100XX W OHARE ST,0810,THEFT,OVER $500,AIRPORT BUILDING NON-TERMINAL - NON-SECURE AREA,false,false,1651,16,41,76,06,1100658,1934241,2016,06/22/2016 03:52:12 PM,41.976290414,-87.905227221,"(41.976290414, -87.905227221)",2016-06-16T03:15:00.000Z
10575639,HZ324161,040XX N SHERIDAN RD,1150,DECEPTIVE PRACTICE,CREDIT CARD FRAUD,CTA BUS,false,false,1915,19,46,3,11,1168883,1926821,2016,06/30/2016 03:48:43 PM,41.954719937,-87.654550627,"(41.954719937, -87.654550627)",2016-06-16T03:22:00.000Z
10561740,HZ308432,013XX W GLENLAKE AVE,0620,BURGLARY,UNLAWFUL ENTRY,RESIDENCE-GARAGE,false,false,2433,24,48,77,05,1166278,1940636,2016,06/22/2016 03:52:12 PM,41.992684975,-87.663730023,"(41.992684975, -87.663730023)",2016-06-16T03:24:00.000Z
10561708,HZ308492,015XX W 18TH PL,143A,WEAPONS VIOLATION,UNLAWFUL POSS OF HANDGUN,SIDEWALK,true,false,1233,12,25,31,15,1166440,1891161,2016,06/22/2016 03:52:12 PM,41.856919294,-87.664553498,"(41.856919294, -87.664553498)",2016-06-16T03:29:00.000Z
10562254,HZ309332,020XX N CENTRAL PARK AVE,0460,BATTERY,SIMPLE,"SCHOOL, PUBLIC, GROUNDS",false,false,2525,25,26,22,08B,1152052,1913194,2016,06/22/2016 03:52:12 PM,41.917675506,-87.716784566,"(41.917675506, -87.716784566)",2016-06-16T03:30:00.000Z
10562160,HZ309201,009XX W 115TH ST,1365,CRIMINAL TRESPASS,TO RESIDENCE,RESIDENCE,false,false,2234,22,34,75,26,1172038,1828568,2016,06/22/2016 03:52:12 PM,41.685035122,-87.645842381,"(41.685035122, -87.645842381)",2016-06-16T03:30:00.000Z
10596502,HZ347426,028XX E 83RD ST,0810,THEFT,OVER $500,GROCERY FOOD STORE,false,false,423,4,7,46,06,"","",2016,07/14/2016 03:51:03 PM,"","","",2016-06-16T03:35:00.000Z
10561600,HZ308461,105XX S WENTWORTH AVE,0320,ROBBERY,STRONGARM - NO WEAPON,SIDEWALK,false,true,512,5,34,49,03,1176819,1834896,2016,06/22/2016 03:52:12 PM,41.702294054,-87.628150774,"(41.702294054, -87.628150774)",2016-06-16T03:40:00.000Z
10561679,HZ308485,034XX N WESTERN AVE,0860,THEFT,RETAIL THEFT,GROCERY FOOD STORE,false,false,1921,19,47,5,06,1159771,1922681,2016,06/22/2016 03:52:12 PM,41.943552694,-87.688162342,"(41.943552694, -87.688162342)",2016-06-16T03:50:00.000Z
10561616,HZ308466,019XX S SPRINGFIELD AVE,1310,CRIMINAL DAMAGE,TO PROPERTY,RESIDENCE,false,false,1014,10,24,29,14,1150707,1890145,2016,06/22/2016 03:52:12 PM,41.854453024,-87.722329136,"(41.854453024, -87.722329136)",2016-06-16T03:52:00.000Z
10562212,HZ309200,030XX W COLUMBIA AVE,0610,BURGLARY,FORCIBLE ENTRY,RESIDENCE,false,false,2412,24,50,2,05,1154585,1944792,2016,06/22/2016 03:52:12 PM,42.004332055,-87.706629118,"(42.004332055, -87.706629118)",2016-06-16T03:55:00.000Z
10564584,HZ311505,049XX W ADAMS ST,2826,OTHER OFFENSE,HARASSMENT BY ELECTRONIC MEANS,RESIDENCE,false,true,1533,15,28,25,26,1143609,1898880,2016,06/22/2016 03:52:12 PM,41.878558635,-87.748163473,"(41.878558635, -87.748163473)",2016-06-16T03:56:00.000Z
10806129,JA103913,0000X N STATE ST,2826,OTHER OFFENSE,HARASSMENT BY ELECTRONIC MEANS,"SCHOOL, PUBLIC, BUILDING",false,false,112,1,42,32,26,"","",2016,01/06/2017 03:55:08 PM,"","","",2016-06-16T16:00:00.000Z
10576780,HZ325466,001XX E DELAWARE PL,1156,DECEPTIVE PRACTICE,ATTEMPT - FINANCIAL IDENTITY THEFT,HOTEL/MOTEL,false,false,1833,18,42,8,11,1176911,1906649,2016,06/30/2016 03:48:43 PM,41.899189017,-87.625650736,"(41.899189017, -87.625650736)",2016-06-16T16:00:00.000Z
10576598,HZ325266,046XX N SPRINGFIELD AVE,0820,THEFT,$500 AND UNDER,VEHICLE NON-COMMERCIAL,false,false,1723,17,39,14,06,1149555,1930593,2016,06/30/2016 03:48:43 PM,41.965468678,-87.725505423,"(41.965468678, -87.725505423)",2016-06-16T16:00:00.000Z
10563307,HZ309733,096XX S MICHIGAN AVE,0545,ASSAULT,PRO EMP HANDS NO/MIN INJURY,"SCHOOL, PUBLIC, BUILDING",false,false,511,5,6,49,08A,1178850,1841009,2016,06/23/2016 03:46:04 PM,41.71902307,-87.620528559,"(41.71902307, -87.620528559)",2016-06-16T16:00:00.000Z
10562995,HZ309993,067XX S LANGLEY AVE,0910,MOTOR VEHICLE THEFT,AUTOMOBILE,STREET,false,false,321,3,6,42,07,1182055,1860448,2016,06/22/2016 03:52:12 PM,41.772292412,-87.608189787,"(41.772292412, -87.608189787)",2016-06-16T16:00:00.000Z
10562887,HZ309634,004XX W MENOMONEE ST,0620,BURGLARY,UNLAWFUL ENTRY,STREET,false,false,1813,18,43,7,05,1173203,1912260,2016,06/22/2016 03:52:12 PM,41.914669013,-87.639103196,"(41.914669013, -87.639103196)",2016-06-16T16:00:00.000Z
10561991,HZ308876,017XX W PRYOR AVE,0810,THEFT,OVER $500,"SCHOOL, PUBLIC, BUILDING",true,false,2212,22,19,75,06,1166533,1831078,2016,06/22/2016 03:52:12 PM,41.692041778,-87.665923635,"(41.692041778, -87.665923635)",2016-06-16T16:00:00.000Z
10561837,HZ308528,011XX W DIVERSEY PKWY,031A,ROBBERY,ARMED: HANDGUN,GAS STATION,false,false,1933,19,44,6,03,1168113,1918745,2016,06/22/2016 03:52:12 PM,41.932575738,-87.657615295,"(41.932575738, -87.657615295)",2016-06-16T16:07:00.000Z
10561750,HZ308572,010XX N PULASKI RD,1360,CRIMINAL TRESPASS,TO VEHICLE,SIDEWALK,true,false,1112,11,27,23,26,1149528,1906727,2016,06/22/2016 03:52:12 PM,41.899978845,-87.726226072,"(41.899978845, -87.726226072)",2016-06-16T16:08:00.000Z
10562218,HZ308507,082XX S DORCHESTER AVE,0560,ASSAULT,SIMPLE,APARTMENT,false,true,411,4,8,45,08A,1186973,1850574,2016,07/04/2016 03:55:03 PM,41.745082036,-87.590474634,"(41.745082036, -87.590474634)",2016-06-16T16:10:00.000Z
10564176,HZ311201,022XX W 81ST ST,0560,ASSAULT,SIMPLE,RESIDENCE,false,false,835,8,18,70,08A,1162743,1850903,2016,06/22/2016 03:52:12 PM,41.746524572,-87.679247993,"(41.746524572, -87.679247993)",2016-06-16T16:15:00.000Z
10561876,HZ308669,038XX N HAMLIN AVE,0820,THEFT,$500 AND UNDER,SIDEWALK,false,false,1732,17,39,16,06,1150378,1925158,2016,06/22/2016 03:52:12 PM,41.950538585,-87.722621826,"(41.950538585, -87.722621826)",2016-06-16T16:15:00.000Z
10562968,HZ309987,019XX W MONTEREY AVE,0430,BATTERY,AGGRAVATED: OTHER DANG WEAPON,VEHICLE NON-COMMERCIAL,false,false,2212,22,19,75,04B,1165635,1830887,2016,06/22/2016 03:52:12 PM,41.691536687,-87.669216744,"(41.691536687, -87.669216744)",2016-06-16T16:20:00.000Z
10561739,HZ308558,023XX W ROOSEVELT RD,0486,BATTERY,DOMESTIC BATTERY SIMPLE,STREET,false,true,1225,12,25,28,08B,1160986,1894660,2016,06/22/2016 03:52:12 PM,41.866635722,-87.684475621,"(41.866635722, -87.684475621)",2016-06-16T16:20:00.000Z
10562010,HZ308817,015XX N CLYBOURN AVE,0890,THEFT,FROM BUILDING,GROCERY FOOD STORE,false,false,1822,18,27,8,06,1171167,1910123,2016,06/22/2016 03:52:12 PM,41.908849952,-87.646645976,"(41.908849952, -87.646645976)",2016-06-16T16:30:00.000Z
10561748,HZ308590,096XX S MICHIGAN AVE,0545,ASSAULT,PRO EMP HANDS NO/MIN INJURY,"SCHOOL, PRIVATE, BUILDING",true,false,511,5,6,49,08A,1178850,1841009,2016,06/22/2016 03:52:12 PM,41.71902307,-87.620528559,"(41.71902307, -87.620528559)",2016-06-16T16:30:00.000Z
10561698,HZ308550,037XX W DIVISION ST,2024,NARCOTICS,POSS: HEROIN(WHITE),SIDEWALK,true,false,1112,11,27,23,18,1151016,1907736,2016,06/22/2016 03:52:12 PM,41.902718615,-87.720734113,"(41.902718615, -87.720734113)",2016-06-16T16:35:00.000Z
10566233,HZ310688,001XX S STATE ST,1153,DECEPTIVE PRACTICE,FINANCIAL IDENTITY THEFT OVER $ 300,DEPARTMENT STORE,false,false,112,1,42,32,11,1176401,1899804,2016,06/23/2016 03:46:04 PM,41.880417506,-87.627730673,"(41.880417506, -87.627730673)",2016-06-16T16:37:00.000Z
10561638,HZ308500,071XX S RHODES AVE,0486,BATTERY,DOMESTIC BATTERY SIMPLE,SIDEWALK,false,false,323,3,6,69,08B,1181143,1857756,2016,06/22/2016 03:52:12 PM,41.764926344,-87.611615683,"(41.764926344, -87.611615683)",2016-06-16T16:37:00.000Z
10663710,HZ308535,054XX S WABASH AVE,1821,NARCOTICS,MANU/DEL:CANNABIS 10GM OR LESS,SIDEWALK,true,false,225,2,3,40,18,"","",2016,02/04/2017 03:47:15 PM,"","","",2016-06-16T16:40:00.000Z
10562451,HZ308726,002XX N LA SALLE ST,0890,THEFT,FROM BUILDING,RESTAURANT,false,false,122,1,42,32,06,1175098,1901792,2016,07/04/2016 03:55:03 PM,41.885901992,-87.632455489,"(41.885901992, -87.632455489)",2016-06-16T16:45:00.000Z
10562447,HZ308617,015XX N KINGSBURY ST,2870,PUBLIC PEACE VIOLATION,PEEPING TOM,DEPARTMENT STORE,false,false,1822,18,32,8,24,1169206,1910721,2016,07/04/2016 03:55:03 PM,41.910533752,-87.653832316,"(41.910533752, -87.653832316)",2016-06-16T16:45:00.000Z
10572380,HZ320222,008XX N RUSH ST,0810,THEFT,OVER $500,VEHICLE NON-COMMERCIAL,false,false,1833,18,42,8,06,1176786,1906166,2016,06/27/2016 03:50:03 PM,41.897866471,-87.626124476,"(41.897866471, -87.626124476)",2016-06-16T16:45:00.000Z
10566479,HZ314162,001XX W MADISON ST,1130,DECEPTIVE PRACTICE,FRAUD OR CONFIDENCE GAME,BANK,false,false,122,1,42,32,11,1175421,1900363,2016,06/23/2016 03:46:04 PM,41.881973488,-87.631312304,"(41.881973488, -87.631312304)",2016-06-16T16:54:00.000Z
10561827,HZ308625,076XX S HALSTED ST,0530,ASSAULT,AGGRAVATED: OTHER DANG WEAPON,GAS STATION,true,false,621,6,17,71,04A,1172288,1854297,2016,06/22/2016 03:52:12 PM,41.755633717,-87.644173224,"(41.755633717, -87.644173224)",2016-06-16T16:59:00.000Z
10918017,JA231502,0000X E MONROE ST,1153,DECEPTIVE PRACTICE,FINANCIAL IDENTITY THEFT OVER $ 300,OTHER,false,false,112,1,42,32,11,"","",2016,04/20/2017 03:58:21 PM,"","","",2016-06-16T05:00:00.000Z
10579524,HZ328385,008XX W 68TH ST,0610,BURGLARY,FORCIBLE ENTRY,CHURCH/SYNAGOGUE/PLACE OF WORSHIP,false,false,723,7,17,68,05,1171722,1859757,2016,07/04/2016 03:55:03 PM,41.770629058,-87.646087606,"(41.770629058, -87.646087606)",2016-06-16T05:00:00.000Z
10571229,HZ318761,015XX S STATE ST,1150,DECEPTIVE PRACTICE,CREDIT CARD FRAUD,RESIDENCE,false,false,131,1,3,33,11,1176584,1892788,2016,07/04/2016 03:55:03 PM,41.861161041,-87.627270627,"(41.861161041, -87.627270627)",2016-06-16T05:00:00.000Z
10565728,HZ308739,035XX W CHICAGO AVE,0320,ROBBERY,STRONGARM - NO WEAPON,APARTMENT,false,true,1121,11,27,23,03,1152462,1905105,2016,07/04/2016 03:55:03 PM,41.895470438,-87.715492263,"(41.895470438, -87.715492263)",2016-06-16T05:00:00.000Z
10562467,HZ308668,044XX S DR MARTIN LUTHER KING JR DR,0460,BATTERY,SIMPLE,"SCHOOL, PRIVATE, GROUNDS",false,false,221,2,3,38,08B,1179599,1875714,2016,07/04/2016 03:55:03 PM,41.8142402,-87.61672621,"(41.8142402, -87.61672621)",2016-06-16T05:00:00.000Z
10564391,HZ309967,078XX S MARYLAND AVE,0440,BATTERY,AGG: HANDS/FIST/FEET NO/MINOR INJURY,STREET,false,false,624,6,6,69,08B,1183259,1853307,2016,06/22/2016 03:52:12 PM,41.752668856,-87.603998269,"(41.752668856, -87.603998269)",2016-06-16T05:00:00.000Z
10561891,HZ308653,072XX S EXCHANGE AVE,0810,THEFT,OVER $500,STREET,false,false,334,3,7,43,06,1194063,1857345,2016,06/22/2016 03:52:12 PM,41.763491294,-87.56427446,"(41.763491294, -87.56427446)",2016-06-16T05:00:00.000Z
10562955,HZ309803,017XX W PRYOR AVE,0320,ROBBERY,STRONGARM - NO WEAPON,"SCHOOL, PUBLIC, BUILDING",true,false,2212,22,19,75,03,1166533,1831078,2016,06/22/2016 03:52:12 PM,41.692041778,-87.665923635,"(41.692041778, -87.665923635)",2016-06-16T05:02:00.000Z
10562187,HZ308708,037XX W ROOSEVELT RD,1310,CRIMINAL DAMAGE,TO PROPERTY,CONVENIENCE STORE,false,false,1011,10,24,29,14,1151705,1894455,2016,07/04/2016 03:55:03 PM,41.866260623,-87.71855276,"(41.866260623, -87.71855276)",2016-06-16T05:10:00.000Z
10564414,HZ308612,061XX S EBERHART AVE,0498,BATTERY,AGGRAVATED DOMESTIC BATTERY: HANDS/FIST/FEET SERIOUS INJURY,RESIDENCE PORCH/HALLWAY,false,true,313,3,20,42,04B,1180634,1864484,2016,07/04/2016 03:55:03 PM,41.78340035,-87.613274825,"(41.78340035, -87.613274825)",2016-06-16T05:14:00.000Z
10561722,HZ308599,024XX S ALBANY AVE,2826,OTHER OFFENSE,HARASSMENT BY ELECTRONIC MEANS,OTHER,false,true,1033,10,12,30,26,1156078,1887703,2016,06/22/2016 03:52:12 PM,41.847645331,-87.702681074,"(41.847645331, -87.702681074)",2016-06-16T05:18:00.000Z
10563582,HZ308780,078XX S HALSTED ST,4255,KIDNAPPING,UNLAWFUL INTERFERE/VISITATION,POLICE FACILITY/VEH PARKING LOT,false,false,621,6,17,71,26,1172325,1852947,2016,07/04/2016 03:55:03 PM,41.751928332,-87.644077264,"(41.751928332, -87.644077264)",2016-06-16T05:25:00.000Z
10562019,HZ309035,035XX W FULTON BLVD,0870,THEFT,POCKET-PICKING,SIDEWALK,false,false,1123,11,28,27,06,1152684,1901766,2016,06/22/2016 03:52:12 PM,41.886303497,-87.714765311,"(41.886303497, -87.714765311)",2016-06-16T05:25:00.000Z
10562947,HZ309873,001XX S MICHIGAN AVE,1156,DECEPTIVE PRACTICE,ATTEMPT - FINANCIAL IDENTITY THEFT,RESTAURANT,false,false,112,1,42,32,11,1177321,1899613,2016,06/22/2016 03:52:12 PM,41.879872586,-87.62435836,"(41.879872586, -87.62435836)",2016-06-16T05:30:00.000Z
10562883,HZ309870,001XX S MICHIGAN AVE,0890,THEFT,FROM BUILDING,RESTAURANT,false,false,112,1,42,32,06,1177321,1899613,2016,06/22/2016 03:52:12 PM,41.879872586,-87.62435836,"(41.879872586, -87.62435836)",2016-06-16T05:30:00.000Z
10562048,HZ308796,023XX S CHRISTIANA AVE,0460,BATTERY,SIMPLE,"SCHOOL, PUBLIC, BUILDING",false,false,1024,10,22,30,08B,1154399,1888201,2016,06/22/2016 03:52:12 PM,41.849045571,-87.708829783,"(41.849045571, -87.708829783)",2016-06-16T05:30:00.000Z
10562040,HZ308971,060XX S WESTERN AVE,0910,MOTOR VEHICLE THEFT,AUTOMOBILE,"SCHOOL, PUBLIC, GROUNDS",false,false,825,8,16,66,07,1161408,1864461,2016,06/22/2016 03:52:12 PM,41.783757424,-87.683764609,"(41.783757424, -87.683764609)",2016-06-16T05:30:00.000Z
10561925,HZ308722,027XX N LOCKWOOD AVE,0330,ROBBERY,AGGRAVATED,SIDEWALK,false,false,2514,25,31,19,03,1140582,1917527,2016,06/22/2016 03:52:12 PM,41.929784265,-87.758819589,"(41.929784265, -87.758819589)",2016-06-16T05:30:00.000Z
10561887,HZ308647,001XX S CAMPBELL AVE,0460,BATTERY,SIMPLE,"SCHOOL, PUBLIC, GROUNDS",false,false,1125,11,2,28,08B,1159774,1899157,2016,06/22/2016 03:52:12 PM,41.879000971,-87.688801046,"(41.879000971, -87.688801046)",2016-06-16T05:30:00.000Z
10561781,HZ308638,057XX S ROCKWELL ST,1320,CRIMINAL DAMAGE,TO VEHICLE,STREET,false,false,824,8,16,63,14,1160021,1866466,2016,06/22/2016 03:52:12 PM,41.789288059,-87.688794775,"(41.789288059, -87.688794775)",2016-06-16T05:30:00.000Z
10561929,HZ308680,011XX S CANAL ST,0860,THEFT,RETAIL THEFT,DEPARTMENT STORE,true,false,124,1,2,28,06,1173303,1895451,2016,06/22/2016 03:52:12 PM,41.868541914,-87.639235361,"(41.868541914, -87.639235361)",2016-06-16T05:44:00.000Z
10562041,HZ308916,009XX N FRANKLIN ST,0910,MOTOR VEHICLE THEFT,AUTOMOBILE,STREET,true,false,1823,18,27,8,07,1174153,1906615,2016,06/29/2016 03:50:48 PM,41.899157702,-87.63578171,"(41.899157702, -87.63578171)",2016-06-16T05:45:00.000Z
10562170,HZ309225,0000X S WABASH AVE,0820,THEFT,$500 AND UNDER,RESTAURANT,false,false,112,1,42,32,06,1176815,1900232,2016,06/22/2016 03:52:12 PM,41.881582612,-87.626197575,"(41.881582612, -87.626197575)",2016-06-16T05:45:00.000Z
10561908,HZ308663,034XX W FRANKLIN BLVD,0486,BATTERY,DOMESTIC BATTERY SIMPLE,APARTMENT,false,true,1121,11,27,23,08B,1153324,1903120,2016,06/22/2016 03:52:12 PM,41.890006326,-87.712379085,"(41.890006326, -87.712379085)",2016-06-16T05:57:00.000Z
10630769,HZ383748,034XX E 95TH ST,0890,THEFT,FROM BUILDING,OTHER,false,false,432,4,10,52,06,"","",2016,08/09/2016 04:02:00 PM,"","","",2016-06-16T06:00:00.000Z
10621575,HZ374714,042XX W ADAMS ST,0620,BURGLARY,UNLAWFUL ENTRY,APARTMENT,false,false,1115,11,28,26,05,"","",2016,08/03/2016 03:52:15 PM,"","","",2016-06-16T06:00:00.000Z
10575533,HZ323999,082XX S MUSKEGON AVE,1310,CRIMINAL DAMAGE,TO PROPERTY,RESIDENCE,false,false,423,4,7,46,14,1196593,1850977,2016,06/30/2016 03:48:43 PM,41.745954596,-87.555212789,"(41.745954596, -87.555212789)",2016-06-16T06:00:00.000Z
10567450,HZ315251,113XX S CALUMET AVE,1153,DECEPTIVE PRACTICE,FINANCIAL IDENTITY THEFT OVER $ 300,OTHER,false,false,531,5,9,49,11,1180603,1829729,2016,06/23/2016 03:46:04 PM,41.688029232,-87.614452816,"(41.688029232, -87.614452816)",2016-06-16T06:00:00.000Z
10562452,HZ309605,010XX W 72ND ST,1320,CRIMINAL DAMAGE,TO VEHICLE,STREET,false,false,733,7,17,68,14,1170432,1857070,2016,06/22/2016 03:52:12 PM,41.763283783,-87.650894386,"(41.763283783, -87.650894386)",2016-06-16T06:00:00.000Z
10561957,HZ308816,004XX N CLARK ST,0890,THEFT,FROM BUILDING,RESTAURANT,false,false,1831,18,42,8,06,1175457,1903377,2016,06/22/2016 03:52:12 PM,41.890243266,-87.631089546,"(41.890243266, -87.631089546)",2016-06-16T06:00:00.000Z
10563045,HZ308689,0000X E 57TH ST,1310,CRIMINAL DAMAGE,TO PROPERTY,APARTMENT,false,true,225,2,20,40,14,1177851,1867251,2016,07/04/2016 03:55:03 PM,41.791056773,-87.623394402,"(41.791056773, -87.623394402)",2016-06-16T06:05:00.000Z
10561930,HZ308755,043XX S MARSHFIELD AVE,1310,CRIMINAL DAMAGE,TO PROPERTY,STREET,false,false,924,9,12,61,14,1166064,1875894,2016,06/22/2016 03:52:12 PM,41.815033139,-87.666368742,"(41.815033139, -87.666368742)",2016-06-16T06:05:00.000Z
10562062,HZ308799,040XX W IRVING PARK RD,2024,NARCOTICS,POSS: HEROIN(WHITE),GAS STATION,true,false,1722,17,39,16,18,1148903,1926279,2016,06/22/2016 03:52:12 PM,41.953643409,-87.72801475,"(41.953643409, -87.72801475)",2016-06-16T06:10:00.000Z
10562057,HZ308842,049XX W ARMITAGE AVE,0910,MOTOR VEHICLE THEFT,AUTOMOBILE,STREET,false,false,2522,25,31,19,07,1142978,1912840,2016,06/22/2016 03:52:12 PM,41.916878263,-87.750131963,"(41.916878263, -87.750131963)",2016-06-16T06:10:00.000Z
10561939,HZ308666,045XX N PULASKI RD,0860,THEFT,RETAIL THEFT,DRUG STORE,false,false,1722,17,39,14,06,1148908,1929906,2016,06/22/2016 03:52:12 PM,41.963596071,-87.727902167,"(41.963596071, -87.727902167)",2016-06-16T06:15:00.000Z
10562186,HZ308747,064XX N GLENWOOD AVE,0320,ROBBERY,STRONGARM - NO WEAPON,ALLEY,false,false,2432,24,40,1,03,1165771,1942887,2016,07/04/2016 03:55:03 PM,41.998872636,-87.665530364,"(41.998872636, -87.665530364)",2016-06-16T06:20:00.000Z
10561910,HZ308690,050XX W ADAMS ST,1661,GAMBLING,GAME/DICE,PARK PROPERTY,true,false,1533,15,28,25,19,1142522,1898854,2016,06/22/2016 03:52:12 PM,41.878507556,-87.752155409,"(41.878507556, -87.752155409)",2016-06-16T06:20:00.000Z
10564761,HZ309277,039XX W ARTHINGTON ST,2826,OTHER OFFENSE,HARASSMENT BY ELECTRONIC MEANS,RESIDENCE,false,false,1132,11,24,26,26,1150187,1895743,2016,07/04/2016 03:55:03 PM,41.86982474,-87.724091957,"(41.86982474, -87.724091957)",2016-06-16T06:23:00.000Z
10562479,HZ308888,070XX S PULASKI RD,0890,THEFT,FROM BUILDING,DEPARTMENT STORE,false,false,833,8,13,65,06,1150923,1857420,2016,07/04/2016 03:55:03 PM,41.764646721,-87.722390196,"(41.764646721, -87.722390196)",2016-06-16T06:30:00.000Z
10561989,HZ308779,050XX W GUNNISON ST,0486,BATTERY,DOMESTIC BATTERY SIMPLE,RESIDENCE,false,true,1623,16,45,11,08B,1141832,1931778,2016,06/22/2016 03:52:12 PM,41.968867246,-87.753872056,"(41.968867246, -87.753872056)",2016-06-16T06:30:00.000Z
10561974,HZ308714,050XX W WASHINGTON BLVD,0486,BATTERY,DOMESTIC BATTERY SIMPLE,APARTMENT,true,false,1533,15,28,25,08B,1142690,1900032,2016,06/22/2016 03:52:12 PM,41.881737011,-87.751509217,"(41.881737011, -87.751509217)",2016-06-16T06:38:00.000Z
10561923,HZ308771,123XX S NORMAL AVE,143A,WEAPONS VIOLATION,UNLAWFUL POSS OF HANDGUN,"SCHOOL, PUBLIC, BUILDING",true,false,523,5,34,53,15,1175201,1823045,2016,06/22/2016 03:52:12 PM,41.669809286,-87.634427475,"(41.669809286, -87.634427475)",2016-06-16T06:44:00.000Z
10562138,HZ308943,004XX W ONTARIO ST,1150,DECEPTIVE PRACTICE,CREDIT CARD FRAUD,OTHER,false,false,1831,18,42,8,11,1173228,1904407,2016,06/22/2016 03:52:12 PM,41.893119413,-87.639244787,"(41.893119413, -87.639244787)",2016-06-16T06:45:00.000Z
10562043,HZ308724,062XX S LANGLEY AVE,0320,ROBBERY,STRONGARM - NO WEAPON,STREET,false,false,313,3,20,42,03,1181965,1863888,2016,06/22/2016 03:52:12 PM,41.781734181,-87.608413399,"(41.781734181, -87.608413399)",2016-06-16T06:46:00.000Z
10562001,HZ308782,078XX S WESTERN AVE,0460,BATTERY,SIMPLE,CTA BUS STOP,false,false,835,8,18,70,08B,1161740,1852591,2016,06/22/2016 03:52:12 PM,41.751177563,-87.682876487,"(41.751177563, -87.682876487)",2016-06-16T06:47:00.000Z
10588042,HZ338707,041XX N MOODY AVE,0266,CRIM SEXUAL ASSAULT,PREDATORY,RESIDENCE,false,false,1624,16,38,15,02,1134613,1926878,2016,07/11/2016 03:54:21 PM,41.955552075,-87.780532812,"(41.955552075, -87.780532812)",2016-06-16T07:00:00.000Z
10585713,HZ335776,043XX W VAN BUREN ST,0820,THEFT,$500 AND UNDER,VEHICLE NON-COMMERCIAL,false,false,1131,11,24,26,06,1147469,1897669,2016,07/07/2016 03:49:15 PM,41.875162416,-87.734021254,"(41.875162416, -87.734021254)",2016-06-16T07:00:00.000Z
10583164,HZ332587,014XX W BELDEN AVE,0890,THEFT,FROM BUILDING,APARTMENT,false,false,1811,18,32,7,06,1166482,1915394,2016,07/04/2016 03:55:03 PM,41.923415527,-87.663705186,"(41.923415527, -87.663705186)",2016-06-16T07:00:00.000Z
10563439,HZ309018,035XX N MILWAUKEE AVE,0430,BATTERY,AGGRAVATED: OTHER DANG WEAPON,STREET,false,false,1731,17,30,16,04B,1147027,1923436,2016,07/04/2016 03:55:03 PM,41.945878136,-87.734984141,"(41.945878136, -87.734984141)",2016-06-16T07:00:00.000Z
10563106,HZ309251,104XX S MARYLAND AVE,2851,PUBLIC PEACE VIOLATION,ARSON THREAT,FEDERAL BUILDING,false,false,512,5,9,50,26,1183749,1835991,2016,07/04/2016 03:55:03 PM,41.705140356,-87.602741235,"(41.705140356, -87.602741235)",2016-06-16T07:00:00.000Z
10562307,HZ308749,021XX E 87TH ST,0470,PUBLIC PEACE VIOLATION,RECKLESS CONDUCT,"SCHOOL, PUBLIC, BUILDING",false,false,412,4,8,45,24,1191768,1847705,2016,07/04/2016 03:55:03 PM,41.737094305,-87.572998178,"(41.737094305, -87.572998178)",2016-06-16T07:00:00.000Z
10563460,HZ310305,061XX N WINTHROP AVE,1154,DECEPTIVE PRACTICE,FINANCIAL IDENTITY THEFT $300 AND UNDER,APARTMENT,false,false,2433,24,48,77,11,1167745,1940971,2016,06/22/2016 03:52:12 PM,41.993572619,-87.658324204,"(41.993572619, -87.658324204)",2016-06-16T07:00:00.000Z
10562982,HZ309997,031XX W 15TH PL,0810,THEFT,OVER $500,CHURCH/SYNAGOGUE/PLACE OF WORSHIP,false,false,1022,10,24,29,06,1155631,1892288,2016,06/22/2016 03:52:12 PM,41.860236084,-87.704198291,"(41.860236084, -87.704198291)",2016-06-16T07:00:00.000Z
10562892,HZ309801,047XX W MADISON ST,0610,BURGLARY,FORCIBLE ENTRY,OTHER,false,false,1113,11,28,25,05,1144795,1899601,2016,06/22/2016 03:52:12 PM,41.880514874,-87.74379049,"(41.880514874, -87.74379049)",2016-06-16T07:00:00.000Z
10562141,HZ308839,026XX W MONROE ST,1780,OFFENSE INVOLVING CHILDREN,OTHER OFFENSE,SIDEWALK,false,true,1125,11,2,27,20,1158769,1899587,2016,06/22/2016 03:52:12 PM,41.880201583,-87.69247944,"(41.880201583, -87.69247944)",2016-06-16T07:00:00.000Z
10562182,HZ308754,053XX S HYDE PARK BLVD,1310,CRIMINAL DAMAGE,TO PROPERTY,OTHER,false,false,234,2,5,41,14,1188557,1870261,2016,07/04/2016 03:55:03 PM,41.799067121,-87.584042227,"(41.799067121, -87.584042227)",2016-06-16T07:04:00.000Z
10562178,HZ308756,053XX S HYDE PARK BLVD,1310,CRIMINAL DAMAGE,TO PROPERTY,OTHER,false,false,234,2,5,41,14,1188557,1870261,2016,07/04/2016 03:55:03 PM,41.799067121,-87.584042227,"(41.799067121, -87.584042227)",2016-06-16T07:04:00.000Z
10562038,HZ308837,054XX S BISHOP ST,0530,ASSAULT,AGGRAVATED: OTHER DANG WEAPON,APARTMENT,true,false,934,9,16,61,04A,1167593,1868601,2016,06/22/2016 03:52:12 PM,41.794987625,-87.660969421,"(41.794987625, -87.660969421)",2016-06-16T07:05:00.000Z
10562013,HZ308887,030XX W CERMAK RD,0560,ASSAULT,SIMPLE,APARTMENT,true,true,1033,10,12,30,08A,1156592,1889232,2016,06/22/2016 03:52:12 PM,41.851830706,-87.700753338,"(41.851830706, -87.700753338)",2016-06-16T07:05:00.000Z
10562064,HZ309121,001XX N CLARK ST,1130,DECEPTIVE PRACTICE,FRAUD OR CONFIDENCE GAME,DRUG STORE,false,false,111,1,42,32,11,1175506,1901583,2016,06/22/2016 03:52:12 PM,41.88531933,-87.630963524,"(41.88531933, -87.630963524)",2016-06-16T07:13:00.000Z
10562042,HZ308778,046XX W FULLERTON AVE,0910,MOTOR VEHICLE THEFT,AUTOMOBILE,STREET,false,false,2521,25,31,19,07,1145096,1915557,2016,06/22/2016 03:52:12 PM,41.924294197,-87.742281564,"(41.924294197, -87.742281564)",2016-06-16T07:15:00.000Z
10561934,HZ308804,012XX S HOMAN AVE,2820,OTHER OFFENSE,TELEPHONE THREAT,RESIDENCE,false,false,1021,10,24,29,26,1153901,1893988,2016,06/22/2016 03:52:12 PM,41.864935685,-87.71050344,"(41.864935685, -87.71050344)",2016-06-16T07:25:00.000Z
10571295,HZ319310,011XX W TAYLOR ST,1330,CRIMINAL TRESPASS,TO LAND,SIDEWALK,true,false,1232,12,25,28,26,1168758,1895738,2016,06/27/2016 03:50:03 PM,41.869429097,-87.655912631,"(41.869429097, -87.655912631)",2016-06-16T07:30:00.000Z
10562072,HZ308827,017XX E 71ST ST,1330,CRIMINAL TRESPASS,TO LAND,CONVENIENCE STORE,false,false,332,3,5,43,26,1188979,1858278,2016,06/22/2016 03:52:12 PM,41.766174746,-87.582878208,"(41.766174746, -87.582878208)",2016-06-16T07:34:00.000Z
10562129,HZ308850,011XX W WILSON AVE,0560,ASSAULT,SIMPLE,SIDEWALK,false,false,1913,19,46,3,08A,1167612,1930696,2016,06/22/2016 03:52:12 PM,41.96538061,-87.659110921,"(41.96538061, -87.659110921)",2016-06-16T07:36:00.000Z
10561966,HZ308823,046XX N WESTERN AVE,0560,ASSAULT,SIMPLE,CTA STATION,true,false,1911,19,47,4,08A,1159524,1931043,2016,06/22/2016 03:52:12 PM,41.966503588,-87.688839055,"(41.966503588, -87.688839055)",2016-06-16T07:37:00.000Z
10562135,HZ309089,006XX N PULASKI RD,0810,THEFT,OVER $500,STREET,false,false,1111,11,28,23,06,1149603,1904210,2016,06/22/2016 03:52:12 PM,41.89307048,-87.726016035,"(41.89307048, -87.726016035)",2016-06-16T07:40:00.000Z
10561961,HZ308824,010XX N WALLER AVE,0486,BATTERY,DOMESTIC BATTERY SIMPLE,OTHER,false,true,1511,15,29,25,08B,1138167,1906263,2016,06/22/2016 03:52:12 PM,41.89891861,-87.767967052,"(41.89891861, -87.767967052)",2016-06-16T07:45:00.000Z
10562097,HZ308912,040XX W FIFTH AVE,0910,MOTOR VEHICLE THEFT,AUTOMOBILE,STREET,false,false,1132,11,24,26,07,1149521,1896782,2016,06/22/2016 03:52:12 PM,41.872688822,-87.726510092,"(41.872688822, -87.726510092)",2016-06-16T07:50:00.000Z
10562069,HZ308929,048XX W ADAMS ST,1811,NARCOTICS,POSS: CANNABIS 30GMS OR LESS,STREET,true,false,1533,15,28,25,18,1144232,1898895,2016,06/22/2016 03:52:12 PM,41.878588118,-87.745875542,"(41.878588118, -87.745875542)",2016-06-16T07:50:00.000Z
10563084,HZ310038,064XX S YALE AVE,1320,CRIMINAL DAMAGE,TO VEHICLE,PARKING LOT/GARAGE(NON.RESID.),false,false,722,7,20,68,14,1175609,1862380,2016,06/22/2016 03:52:12 PM,41.777740745,-87.631760999,"(41.777740745, -87.631760999)",2016-06-16T08:00:00.000Z
10562948,HZ309717,007XX S FINANCIAL PL,5002,OTHER OFFENSE,OTHER VEHICLE OFFENSE,PARKING LOT/GARAGE(NON.RESID.),false,false,123,1,2,32,26,1175103,1897063,2016,06/22/2016 03:52:12 PM,41.872925218,-87.63257892,"(41.872925218, -87.63257892)",2016-06-16T08:00:00.000Z
10562874,HZ309854,058XX S KOSTNER AVE,1320,CRIMINAL DAMAGE,TO VEHICLE,"SCHOOL, PUBLIC, GROUNDS",false,false,813,8,13,62,14,1148032,1865537,2016,06/22/2016 03:52:12 PM,41.786976965,-87.732778884,"(41.786976965, -87.732778884)",2016-06-16T08:00:00.000Z
10562363,HZ309387,0000X E MADISON ST,1150,DECEPTIVE PRACTICE,CREDIT CARD FRAUD,RESTAURANT,false,false,112,1,42,32,11,1176948,1900418,2016,06/22/2016 03:52:12 PM,41.882089998,-87.625703578,"(41.882089998, -87.625703578)",2016-06-16T08:00:00.000Z
10562131,HZ308944,043XX N CLARENDON AVE,0560,ASSAULT,SIMPLE,SIDEWALK,false,false,1915,19,46,3,08A,1170138,1928943,2016,06/22/2016 03:52:12 PM,41.960515406,-87.649874859,"(41.960515406, -87.649874859)",2016-06-16T08:00:00.000Z
10562185,HZ308885,038XX W ROOSEVELT RD,1811,NARCOTICS,POSS: CANNABIS 30GMS OR LESS,SIDEWALK,true,false,1011,10,24,29,18,1151170,1894442,2016,06/22/2016 03:52:12 PM,41.866235446,-87.720517147,"(41.866235446, -87.720517147)",2016-06-16T08:01:00.000Z
10562239,HZ309174,043XX N GREENVIEW AVE,0610,BURGLARY,FORCIBLE ENTRY,RESIDENCE,false,false,1912,19,47,6,05,1165282,1929099,2016,06/22/2016 03:52:12 PM,41.96104837,-87.667723386,"(41.96104837, -87.667723386)",2016-06-16T08:18:00.000Z
10562060,HZ308962,011XX W 58TH ST,0470,PUBLIC PEACE VIOLATION,RECKLESS CONDUCT,SIDEWALK,true,false,712,7,16,68,24,1169498,1866331,2016,06/22/2016 03:52:12 PM,41.788717385,-87.65404956,"(41.788717385, -87.65404956)",2016-06-16T08:20:00.000Z
10561962,HZ308898,0000X N PINE AVE,2024,NARCOTICS,POSS: HEROIN(WHITE),STREET,true,false,1522,15,29,25,18,1139502,1899809,2016,06/22/2016 03:52:12 PM,41.881183782,-87.76322108,"(41.881183782, -87.76322108)",2016-06-16T08:20:00.000Z
10562087,HZ308969,071XX S WOLCOTT AVE,2024,NARCOTICS,POSS: HEROIN(WHITE),STREET,true,false,735,7,17,67,18,1164919,1857426,2016,06/22/2016 03:52:12 PM,41.764378943,-87.671090591,"(41.764378943, -87.671090591)",2016-06-16T08:22:00.000Z
10562157,HZ309000,064XX S STONY ISLAND AVE,0470,PUBLIC PEACE VIOLATION,RECKLESS CONDUCT,STREET,true,false,314,3,5,42,24,1187981,1862669,2016,06/22/2016 03:52:12 PM,41.778247855,-87.586396399,"(41.778247855, -87.586396399)",2016-06-16T08:28:00.000Z
10563521,HZ310179,068XX S WINCHESTER AVE,0530,ASSAULT,AGGRAVATED: OTHER DANG WEAPON,STREET,false,false,726,7,17,67,04A,1164534,1859405,2016,06/22/2016 03:52:12 PM,41.769817715,-87.672445985,"(41.769817715, -87.672445985)",2016-06-16T08:30:00.000Z
10562477,HZ309594,071XX S CONSTANCE AVE,1320,CRIMINAL DAMAGE,TO VEHICLE,STREET,false,false,324,3,5,43,14,1189606,1858070,2016,06/22/2016 03:52:12 PM,41.765588942,-87.580586738,"(41.765588942, -87.580586738)",2016-06-16T08:30:00.000Z
10562092,HZ309115,073XX S MAY ST,0820,THEFT,$500 AND UNDER,RESIDENCE,false,false,733,7,17,68,06,1169923,1856145,2016,06/22/2016 03:52:12 PM,41.760756531,-87.65278679,"(41.760756531, -87.65278679)",2016-06-16T08:30:00.000Z
10562053,HZ308900,087XX S EXCHANGE AVE,0560,ASSAULT,SIMPLE,SIDEWALK,false,false,423,4,10,46,08A,1197280,1847686,2016,06/22/2016 03:52:12 PM,41.736906763,-87.55280491,"(41.736906763, -87.55280491)",2016-06-16T08:30:00.000Z
10562014,HZ308976,002XX E RANDOLPH ST,0320,ROBBERY,STRONGARM - NO WEAPON,PARK PROPERTY,false,false,114,1,42,32,03,1177944,1901223,2016,06/22/2016 03:52:12 PM,41.884276366,-87.622021816,"(41.884276366, -87.622021816)",2016-06-16T08:30:00.000Z
10608030,HZ359192,006XX N LAKE SHORE DR,1153,DECEPTIVE PRACTICE,FINANCIAL IDENTITY THEFT OVER $ 300,"",false,false,1834,18,42,8,11,"","",2016,07/23/2016 03:50:11 PM,"","","",2016-06-16T08:50:00.000Z
10562425,HZ309493,023XX S NORMAL AVE,0910,MOTOR VEHICLE THEFT,AUTOMOBILE,STREET,false,false,914,9,25,34,07,1173067,1888426,2016,06/22/2016 03:52:12 PM,41.849270022,-87.640309932,"(41.849270022, -87.640309932)",2016-06-16T08:50:00.000Z
10561981,HZ308925,066XX S STONY ISLAND AVE,0460,BATTERY,SIMPLE,SIDEWALK,true,false,321,3,5,42,08B,1188012,1861466,2016,06/22/2016 03:52:12 PM,41.774945985,-87.586321063,"(41.774945985, -87.586321063)",2016-06-16T08:50:00.000Z
10562200,HZ309261,056XX W LAKE ST,0460,BATTERY,SIMPLE,PARK PROPERTY,false,false,1512,15,29,25,08B,1138819,1902193,2016,06/22/2016 03:52:12 PM,41.887738208,-87.765671149,"(41.887738208, -87.765671149)",2016-06-16T09:00:00.000Z
10562058,HZ309128,078XX S THROOP ST,1310,CRIMINAL DAMAGE,TO PROPERTY,RESIDENCE,false,false,612,6,17,71,14,1169246,1852639,2016,06/22/2016 03:52:12 PM,41.751150272,-87.65536929,"(41.751150272, -87.65536929)",2016-06-16T09:00:00.000Z
10562050,HZ309104,083XX S SAGINAW AVE,2826,OTHER OFFENSE,HARASSMENT BY ELECTRONIC MEANS,APARTMENT,false,false,423,4,7,46,26,1195285,1850143,2016,06/22/2016 03:52:12 PM,41.743698391,-87.560032931,"(41.743698391, -87.560032931)",2016-06-16T09:00:00.000Z
10562003,HZ308973,078XX S JEFFERY BLVD,0320,ROBBERY,STRONGARM - NO WEAPON,BARBERSHOP,false,false,414,4,8,43,03,1190898,1853307,2016,06/22/2016 03:52:12 PM,41.752487748,-87.576004911,"(41.752487748, -87.576004911)",2016-06-16T09:00:00.000Z
10562268,HZ308965,047XX W LAKE ST,0330,ROBBERY,AGGRAVATED,SMALL RETAIL STORE,true,false,1113,11,28,25,03,1144619,1901792,2016,07/14/2016 03:47:37 PM,41.886530554,-87.74438154,"(41.886530554, -87.74438154)",2016-06-16T09:02:00.000Z
10563633,HZ308978,039XX S INDIANA AVE,0430,BATTERY,AGGRAVATED: OTHER DANG WEAPON,PARKING LOT/GARAGE(NON.RESID.),false,false,213,2,3,38,04B,1178246,1878998,2016,07/04/2016 03:55:03 PM,41.823282623,-87.621589328,"(41.823282623, -87.621589328)",2016-06-16T09:05:00.000Z
10561978,HZ308963,080XX S CARPENTER ST,2820,OTHER OFFENSE,TELEPHONE THREAT,RESIDENCE,false,true,612,6,21,71,26,1170713,1851454,2016,06/22/2016 03:52:12 PM,41.747866627,-87.650027954,"(41.747866627, -87.650027954)",2016-06-16T09:06:00.000Z
10562150,HZ309038,055XX W CONGRESS PKWY,0495,BATTERY,AGGRAVATED OF A SENIOR CITIZEN,APARTMENT,true,false,1522,15,29,25,04B,1139445,1897133,2016,06/22/2016 03:52:12 PM,41.873841526,-87.763495624,"(41.873841526, -87.763495624)",2016-06-16T09:20:00.000Z
10562044,HZ309008,0000X N PINE AVE,1320,CRIMINAL DAMAGE,TO VEHICLE,STREET,false,false,1522,15,28,25,14,1139500,1899880,2016,06/22/2016 03:52:12 PM,41.881378652,-87.763226692,"(41.881378652, -87.763226692)",2016-06-16T09:27:00.000Z
10562236,HZ309314,064XX S KOMENSKY AVE,0496,BATTERY,AGGRAVATED DOMESTIC BATTERY: KNIFE/CUTTING INST,RESIDENCE,false,true,813,8,13,65,04B,1150479,1861531,2016,06/22/2016 03:52:12 PM,41.775936617,-87.72391083,"(41.775936617, -87.72391083)",2016-06-16T09:30:00.000Z
10562073,HZ309044,061XX S CALUMET AVE,0560,ASSAULT,SIMPLE,SIDEWALK,false,true,311,3,20,40,08A,1179549,1864469,2016,06/22/2016 03:52:12 PM,41.783384053,-87.617253227,"(41.783384053, -87.617253227)",2016-06-16T09:30:00.000Z
10562005,HZ309021,054XX S LUNA AVE,2820,OTHER OFFENSE,TELEPHONE THREAT,RESIDENCE,false,false,814,8,23,56,26,1140284,1868063,2016,06/22/2016 03:52:12 PM,41.79405374,-87.761126141,"(41.79405374, -87.761126141)",2016-06-16T09:35:00.000Z
10562076,HZ309041,0000X N MASON AVE,1811,NARCOTICS,POSS: CANNABIS 30GMS OR LESS,SIDEWALK,true,false,1513,15,29,25,18,1136773,1899643,2016,06/22/2016 03:52:12 PM,41.880777566,-87.773245953,"(41.880777566, -87.773245953)",2016-06-16T09:38:00.000Z
10562137,HZ309025,035XX W GRAND AVE,0860,THEFT,RETAIL THEFT,DRUG STORE,false,false,1121,11,26,23,06,1152431,1907428,2016,06/22/2016 03:52:12 PM,41.901845588,-87.715544681,"(41.901845588, -87.715544681)",2016-06-16T09:39:00.000Z
10562282,HZ309054,018XX W MAYPOLE AVE,0560,ASSAULT,SIMPLE,APARTMENT,false,true,1223,12,27,28,08A,1164135,1901069,2016,06/22/2016 03:52:12 PM,41.88415667,-87.672734226,"(41.88415667, -87.672734226)",2016-06-16T09:45:00.000Z
10562083,HZ309090,001XX N STATE ST,0860,THEFT,RETAIL THEFT,DEPARTMENT STORE,true,false,111,1,42,32,06,1176352,1900927,2016,06/22/2016 03:52:12 PM,41.883500187,-87.627876698,"(41.883500187, -87.627876698)",2016-06-16T09:45:00.000Z
10562100,HZ309093,007XX S HOMAN AVE,0430,BATTERY,AGGRAVATED: OTHER DANG WEAPON,SIDEWALK,false,false,1133,11,24,27,04B,1153816,1896743,2016,06/22/2016 03:52:12 PM,41.872497397,-87.710742126,"(41.872497397, -87.710742126)",2016-06-16T09:50:00.000Z
10564818,HZ311611,015XX N SANDBURG TER,1122,DECEPTIVE PRACTICE,COUNTERFEIT CHECK,RESIDENCE,false,false,1821,18,42,8,10,1175024,1910843,2016,06/22/2016 03:52:12 PM,41.91074006,-87.632455702,"(41.91074006, -87.632455702)",2016-06-16T09:54:00.000Z
10564851,HZ312073,028XX N MILWAUKEE AVE,0620,BURGLARY,UNLAWFUL ENTRY,APARTMENT,false,false,1412,14,35,21,05,1152539,1919003,2016,06/22/2016 03:52:12 PM,41.933606268,-87.714841358,"(41.933606268, -87.714841358)",2016-06-16T10:00:00.000Z
10563626,HZ310662,002XX E 132ND ST,0820,THEFT,$500 AND UNDER,STREET,false,false,533,5,9,54,06,1180208,1817915,2016,06/22/2016 03:52:12 PM,41.655618878,-87.616258766,"(41.655618878, -87.616258766)",2016-06-16T10:00:00.000Z
10563134,HZ310040,038XX W WASHINGTON BLVD,0820,THEFT,$500 AND UNDER,STREET,false,false,1122,11,28,26,06,1150810,1900144,2016,06/22/2016 03:52:12 PM,41.881889418,-87.721689584,"(41.881889418, -87.721689584)",2016-06-16T10:00:00.000Z
10563046,HZ309922,028XX E 91ST ST,0486,BATTERY,DOMESTIC BATTERY SIMPLE,APARTMENT,false,true,423,4,7,46,08B,1196791,1845177,2016,06/22/2016 03:52:12 PM,41.730034017,-87.554679575,"(41.730034017, -87.554679575)",2016-06-16T10:00:00.000Z
10562492,HZ309623,0000X E SCOTT ST,0810,THEFT,OVER $500,STREET,false,false,1824,18,43,8,06,1176283,1908714,2016,06/22/2016 03:52:12 PM,41.904869666,-87.627894967,"(41.904869666, -87.627894967)",2016-06-16T10:00:00.000Z
10562091,HZ309102,058XX S UNION AVE,0486,BATTERY,DOMESTIC BATTERY SIMPLE,SIDEWALK,false,true,711,7,20,68,08B,1172629,1866279,2016,06/22/2016 03:52:12 PM,41.788506235,-87.642570861,"(41.788506235, -87.642570861)",2016-06-16T10:04:00.000Z
10562099,HZ309072,053XX S PULASKI RD,0860,THEFT,RETAIL THEFT,GROCERY FOOD STORE,true,false,815,8,23,62,06,1150608,1868922,2016,06/22/2016 03:52:12 PM,41.796216157,-87.723245665,"(41.796216157, -87.723245665)",2016-06-16T10:05:00.000Z
10562089,HZ309154,079XX S SAGINAW AVE,1811,NARCOTICS,POSS: CANNABIS 30GMS OR LESS,STREET,true,false,422,4,7,46,18,1195224,1852934,2016,06/22/2016 03:52:12 PM,41.75135862,-87.560164545,"(41.75135862, -87.560164545)",2016-06-16T10:05:00.000Z
10562208,HZ309134,034XX W WALNUT ST,0486,BATTERY,DOMESTIC BATTERY SIMPLE,SIDEWALK,true,true,1123,11,28,27,08B,1153473,1901460,2016,06/22/2016 03:52:12 PM,41.885448159,-87.711876038,"(41.885448159, -87.711876038)",2016-06-16T10:07:00.000Z
10562148,HZ309073,007XX N CHRISTIANA AVE,0486,BATTERY,DOMESTIC BATTERY SIMPLE,RESIDENCE,true,true,1121,11,27,23,08B,1153910,1904735,2016,06/22/2016 03:52:12 PM,41.894426386,-87.710183945,"(41.894426386, -87.710183945)",2016-06-16T10:16:00.000Z
10562263,HZ309238,016XX W MONTEREY AVE,502R,OTHER OFFENSE,VEHICLE TITLE/REG OFFENSE,STREET,true,false,2234,22,34,75,26,1167330,1830179,2016,06/22/2016 03:52:12 PM,41.689557787,-87.663031308,"(41.689557787, -87.663031308)",2016-06-16T10:23:00.000Z
10562151,HZ309103,003XX N MICHIGAN AVE,0820,THEFT,$500 AND UNDER,SIDEWALK,false,false,114,1,42,32,06,1177245,1902400,2016,06/22/2016 03:52:12 PM,41.887521986,-87.624552898,"(41.887521986, -87.624552898)",2016-06-16T10:25:00.000Z
10570652,HZ318370,108XX S HALSTED ST,0910,MOTOR VEHICLE THEFT,AUTOMOBILE,STREET,false,false,2233,22,34,49,07,1172911,1832884,2016,06/27/2016 03:50:03 PM,41.69685974,-87.642519847,"(41.69685974, -87.642519847)",2016-06-16T10:30:00.000Z
10565860,HZ312872,060XX N WINTHROP AVE,0820,THEFT,$500 AND UNDER,RESIDENCE-GARAGE,false,false,2433,24,48,77,06,1167769,1940199,2016,06/22/2016 03:52:12 PM,41.991453716,-87.658258308,"(41.991453716, -87.658258308)",2016-06-16T10:30:00.000Z
10564259,HZ311129,048XX N MILWAUKEE AVE,0820,THEFT,$500 AND UNDER,OTHER,false,false,1623,16,45,11,06,1139899,1931502,2016,06/22/2016 03:52:12 PM,41.968145533,-87.760986527,"(41.968145533, -87.760986527)",2016-06-16T10:30:00.000Z
10563485,HZ310541,009XX E 132ND ST,0460,BATTERY,SIMPLE,STREET,false,false,533,5,9,54,08B,1184960,1818082,2016,06/22/2016 03:52:12 PM,41.655967357,-87.598865792,"(41.655967357, -87.598865792)",2016-06-16T10:30:00.000Z
10562179,HZ309148,035XX W HURON ST,1153,DECEPTIVE PRACTICE,FINANCIAL IDENTITY THEFT OVER $ 300,APARTMENT,false,false,1121,11,27,23,11,1152733,1904442,2016,06/22/2016 03:52:12 PM,41.893645742,-87.714514501,"(41.893645742, -87.714514501)",2016-06-16T10:30:00.000Z
10562163,HZ309206,001XX E CHICAGO AVE,0860,THEFT,RETAIL THEFT,DEPARTMENT STORE,true,false,1833,18,42,8,06,1177003,1905748,2016,06/22/2016 03:52:12 PM,41.896714548,-87.625340136,"(41.896714548, -87.625340136)",2016-06-16T10:38:00.000Z
10562311,HZ309140,023XX N ELSTON AVE,0486,BATTERY,DOMESTIC BATTERY SIMPLE,APARTMENT,false,true,1432,14,32,22,08B,1162910,1915798,2016,06/22/2016 03:52:12 PM,41.924599921,-87.676818621,"(41.924599921, -87.676818621)",2016-06-16T10:42:00.000Z
10666624,HZ417343,050XX S CHAMPLAIN AVE,0890,THEFT,FROM BUILDING,APARTMENT,false,false,223,2,4,38,06,"","",2016,09/02/2016 03:51:20 PM,"","","",2016-06-16T11:00:00.000Z
10563685,HZ309359,011XX S RICHMOND ST,0460,BATTERY,SIMPLE,STREET,false,false,1135,11,28,29,08B,1156861,1895067,2016,07/04/2016 03:55:03 PM,41.867837131,-87.699607959,"(41.867837131, -87.699607959)",2016-06-16T11:00:00.000Z
10566757,HZ313971,082XX S MAY ST,1310,CRIMINAL DAMAGE,TO PROPERTY,RESIDENCE,false,false,613,6,21,71,14,1170088,1850149,2016,06/23/2016 03:46:04 PM,41.744299127,-87.652355994,"(41.744299127, -87.652355994)",2016-06-16T11:00:00.000Z
10564128,HZ311117,001XX N LONG AVE,1750,OFFENSE INVOLVING CHILDREN,CHILD ABUSE,RESIDENCE,false,false,1523,15,28,25,20,1140311,1900620,2016,06/22/2016 03:52:12 PM,41.883394483,-87.760230548,"(41.883394483, -87.760230548)",2016-06-16T11:00:00.000Z
10563773,HZ310877,061XX S CARPENTER ST,0486,BATTERY,DOMESTIC BATTERY SIMPLE,RESIDENCE PORCH/HALLWAY,false,true,712,7,16,68,08B,1170367,1864032,2016,06/22/2016 03:52:12 PM,41.782389777,-87.650930154,"(41.782389777, -87.650930154)",2016-06-16T11:00:00.000Z
10562429,HZ309588,051XX W WILSON AVE,0810,THEFT,OVER $500,STREET,false,false,1623,16,45,15,06,1140959,1930048,2016,06/22/2016 03:52:12 PM,41.964136136,-87.757124878,"(41.964136136, -87.757124878)",2016-06-16T11:00:00.000Z
10562299,HZ309297,030XX W FRANKLIN BLVD,0520,ASSAULT,AGGRAVATED:KNIFE/CUTTING INSTR,APARTMENT,true,true,1221,12,27,23,04A,1155812,1903175,2016,06/22/2016 03:52:12 PM,41.890107481,-87.70324051,"(41.890107481, -87.70324051)",2016-06-16T11:00:00.000Z
10562232,HZ309267,064XX S VERNON AVE,5111,OTHER OFFENSE,GUN OFFENDER: ANNUAL REGISTRATION,STREET,true,false,312,3,20,42,26,1180359,1862355,2016,06/22/2016 03:52:12 PM,41.777564483,-87.614348324,"(41.777564483, -87.614348324)",2016-06-16T11:00:00.000Z
10562244,HZ309207,082XX S HALSTED ST,0553,ASSAULT,AGGRAVATED PO: OTHER DANG WEAP,PARKING LOT/GARAGE(NON.RESID.),true,false,622,6,21,71,04A,1172408,1850141,2016,09/04/2016 03:46:04 PM,41.744226478,-87.643855503,"(41.744226478, -87.643855503)",2016-06-16T11:03:00.000Z
10562796,HZ309181,113XX S EMERALD AVE,051A,ASSAULT,AGGRAVATED: HANDGUN,STREET,false,false,2233,22,34,49,04A,1173340,1829761,2016,07/04/2016 03:55:03 PM,41.688280291,-87.641041003,"(41.688280291, -87.641041003)",2016-06-16T11:10:00.000Z
10562166,HZ309221,066XX S DREXEL AVE,0460,BATTERY,SIMPLE,SIDEWALK,false,false,321,3,5,42,08B,1183367,1861173,2016,06/22/2016 03:52:12 PM,41.774251423,-87.603357876,"(41.774251423, -87.603357876)",2016-06-16T11:10:00.000Z
10562226,HZ309191,003XX N LONG AVE,0460,BATTERY,SIMPLE,SIDEWALK,true,false,1523,15,28,25,08B,1140284,1901706,2016,06/22/2016 03:52:12 PM,41.886375099,-87.760303067,"(41.886375099, -87.760303067)",2016-06-16T11:11:00.000Z
10562225,HZ309178,006XX S LOCKWOOD AVE,1811,NARCOTICS,POSS: CANNABIS 30GMS OR LESS,STREET,true,false,1522,15,29,25,18,1141109,1896656,2016,06/22/2016 03:52:12 PM,41.872502099,-87.757397874,"(41.872502099, -87.757397874)",2016-06-16T11:11:00.000Z
10562262,HZ309171,073XX S ASHLAND AVE,031A,ROBBERY,ARMED: HANDGUN,CONVENIENCE STORE,false,false,735,7,17,67,03,1166958,1855870,2016,06/22/2016 03:52:12 PM,41.760065748,-87.663661519,"(41.760065748, -87.663661519)",2016-06-16T11:12:00.000Z
10562140,HZ309176,018XX W 63RD ST,1811,NARCOTICS,POSS: CANNABIS 30GMS OR LESS,STREET,true,false,714,7,15,67,18,1165014,1862888,2016,06/22/2016 03:52:12 PM,41.779365394,-87.67058812,"(41.779365394, -87.67058812)",2016-06-16T11:12:00.000Z
10562161,HZ309262,011XX S CANAL ST,0890,THEFT,FROM BUILDING,ATHLETIC CLUB,false,false,124,1,2,28,06,1173303,1895451,2016,06/22/2016 03:52:12 PM,41.868541914,-87.639235361,"(41.868541914, -87.639235361)",2016-06-16T11:15:00.000Z
10572604,HZ319957,049XX S PAULINA ST,0485,BATTERY,AGGRAVATED OF A CHILD,RESIDENCE,true,true,931,9,16,61,04B,1165848,1871825,2016,08/19/2016 03:53:53 PM,41.803871938,-87.667276739,"(41.803871938, -87.667276739)",2016-06-16T11:30:00.000Z
10562304,HZ309334,010XX W WILSON AVE,1152,DECEPTIVE PRACTICE,ILLEGAL USE CASH CARD,RESTAURANT,false,false,1914,19,46,3,11,1168692,1930721,2016,06/22/2016 03:52:12 PM,41.965425822,-87.655139299,"(41.965425822, -87.655139299)",2016-06-16T11:30:00.000Z
10562152,HZ309211,002XX S CICERO AVE,2024,NARCOTICS,POSS: HEROIN(WHITE),SIDEWALK,true,false,1533,15,28,25,18,1144430,1898428,2016,06/22/2016 03:52:12 PM,41.877302892,-87.745160269,"(41.877302892, -87.745160269)",2016-06-16T11:33:00.000Z
10562330,HZ309256,003XX N LONG AVE,0460,BATTERY,SIMPLE,RESIDENTIAL YARD (FRONT/BACK),false,false,1523,15,28,25,08B,1140282,1901761,2016,06/22/2016 03:52:12 PM,41.886526063,-87.760309062,"(41.886526063, -87.760309062)",2016-06-16T11:40:00.000Z
10562269,HZ309369,046XX W POLK ST,1506,PROSTITUTION,SOLICIT ON PUBLIC WAY,SIDEWALK,true,false,1131,11,24,25,16,1145482,1895957,2016,06/22/2016 03:52:12 PM,41.870502318,-87.741360148,"(41.870502318, -87.741360148)",2016-06-16T11:40:00.000Z
10577747,HZ326601,026XX N NARRAGANSETT AVE,1130,DECEPTIVE PRACTICE,FRAUD OR CONFIDENCE GAME,DEPARTMENT STORE,false,false,2512,25,36,19,11,1133297,1916857,2016,06/30/2016 03:48:43 PM,41.928076536,-87.785606186,"(41.928076536, -87.785606186)",2016-06-16T11:41:00.000Z
10562162,HZ309228,031XX S ASHLAND AVE,0860,THEFT,RETAIL THEFT,GROCERY FOOD STORE,true,false,912,9,11,59,06,1166183,1883676,2016,06/22/2016 03:52:12 PM,41.836385231,-87.66571041,"(41.836385231, -87.66571041)",2016-06-16T11:50:00.000Z
10562198,HZ309239,001XX S KENTON AVE,1506,PROSTITUTION,SOLICIT ON PUBLIC WAY,STREET,true,false,1113,11,28,25,16,1145676,1899109,2016,06/22/2016 03:52:12 PM,41.879148115,-87.740567984,"(41.879148115, -87.740567984)",2016-06-16T11:57:00.000Z
10562228,HZ309298,042XX S KEDZIE AVE,1811,NARCOTICS,POSS: CANNABIS 30GMS OR LESS,STREET,true,false,821,8,14,58,18,1155716,1876422,2016,06/22/2016 03:52:12 PM,41.816696167,-87.704312788,"(41.816696167, -87.704312788)",2016-06-16T11:59:00.000Z
10591907,HZ309841,054XX N MARMORA AVE,0486,BATTERY,DOMESTIC BATTERY SIMPLE,APARTMENT,false,true,1622,16,45,11,08B,1135879,1935876,2016,07/14/2016 03:47:37 PM,41.980220925,-87.775663342,"(41.980220925, -87.775663342)",2016-06-16T12:00:00.000Z
10563383,HZ310318,084XX S HOLLAND RD,0860,THEFT,RETAIL THEFT,OTHER,false,false,622,6,21,44,06,1175662,1848962,2016,06/22/2016 03:52:12 PM,41.740918989,-87.631967753,"(41.740918989, -87.631967753)",2016-06-16T12:00:00.000Z
10563006,HZ309963,059XX S ELIZABETH ST,0820,THEFT,$500 AND UNDER,RESIDENCE,false,false,713,7,16,67,06,1169007,1865318,2016,06/22/2016 03:52:12 PM,41.785948225,-87.655879147,"(41.785948225, -87.655879147)",2016-06-16T12:00:00.000Z
10562867,HZ309808,011XX N ASHLAND AVE,1320,CRIMINAL DAMAGE,TO VEHICLE,STREET,false,false,1213,12,1,24,14,1165524,1907478,2016,06/22/2016 03:52:12 PM,41.901713987,-87.667451031,"(41.901713987, -87.667451031)",2016-06-16T12:00:00.000Z
10562306,HZ309252,007XX N CHRISTIANA AVE,0520,ASSAULT,AGGRAVATED:KNIFE/CUTTING INSTR,APARTMENT,true,false,1121,11,27,23,04A,1153910,1904735,2016,06/22/2016 03:52:12 PM,41.894426386,-87.710183945,"(41.894426386, -87.710183945)",2016-06-16T12:00:00.000Z
10565881,HZ312638,003XX E RANDOLPH ST,0810,THEFT,OVER $500,PARK PROPERTY,false,false,114,1,42,32,06,1178722,1901251,2016,06/22/2016 03:52:12 PM,41.884335468,-87.619164088,"(41.884335468, -87.619164088)",2016-06-16T12:05:00.000Z
10562248,HZ309249,047XX W OHIO ST,0430,BATTERY,AGGRAVATED: OTHER DANG WEAPON,PARK PROPERTY,false,false,1111,11,28,25,04B,1144631,1903567,2016,06/22/2016 03:52:12 PM,41.891401135,-87.744292727,"(41.891401135, -87.744292727)",2016-06-16T12:06:00.000Z
10562154,HZ309248,049XX W ADAMS ST,0470,PUBLIC PEACE VIOLATION,RECKLESS CONDUCT,STREET,false,false,1533,15,28,25,24,1143652,1898881,2016,06/22/2016 03:52:12 PM,41.878560575,-87.748005559,"(41.878560575, -87.748005559)",2016-06-16T12:15:00.000Z
10562223,HZ309275,032XX W ARGYLE ST,0460,BATTERY,SIMPLE,SIDEWALK,false,false,1713,17,39,14,08B,1153716,1933030,2016,06/22/2016 03:52:12 PM,41.972073934,-87.710141078,"(41.972073934, -87.710141078)",2016-06-16T12:25:00.000Z
10562190,HZ309258,036XX W SHAKESPEARE AVE,4625,OTHER OFFENSE,PAROLE VIOLATION,SIDEWALK,true,false,2525,25,26,22,26,1151683,1914044,2016,06/22/2016 03:52:12 PM,41.920015253,-87.718117891,"(41.920015253, -87.718117891)",2016-06-16T12:25:00.000Z
10569496,HZ309271,042XX W MADISON ST,0820,THEFT,$500 AND UNDER,SIDEWALK,false,false,1115,11,28,26,06,1148227,1899678,2016,07/04/2016 03:55:03 PM,41.880660786,-87.731186405,"(41.880660786, -87.731186405)",2016-06-16T12:30:00.000Z
10563474,HZ310049,032XX W SUNNYSIDE AVE,0910,MOTOR VEHICLE THEFT,AUTOMOBILE,STREET,false,false,1724,17,33,14,07,1154074,1929728,2016,06/22/2016 03:52:12 PM,41.963005892,-87.708913139,"(41.963005892, -87.708913139)",2016-06-16T12:30:00.000Z
10562312,HZ309295,104XX S WABASH AVE,0486,BATTERY,DOMESTIC BATTERY SIMPLE,RESIDENCE,false,true,512,5,9,49,08B,1178419,1835771,2016,06/22/2016 03:52:12 PM,41.704659074,-87.622265594,"(41.704659074, -87.622265594)",2016-06-16T12:38:00.000Z
10562318,HZ309307,075XX S RHODES AVE,0486,BATTERY,DOMESTIC BATTERY SIMPLE,RESIDENCE,false,true,624,6,6,69,08B,1181212,1855090,2016,06/22/2016 03:52:12 PM,41.757608973,-87.611444783,"(41.757608973, -87.611444783)",2016-06-16T12:45:00.000Z
10562217,HZ309287,039XX W WILCOX ST,2024,NARCOTICS,POSS: HEROIN(WHITE),ALLEY,true,false,1122,11,28,26,18,1150209,1899047,2016,06/22/2016 03:52:12 PM,41.878890862,-87.723925066,"(41.878890862, -87.723925066)",2016-06-16T12:48:00.000Z
10562275,HZ309392,007XX W 79TH ST,5011,OTHER OFFENSE,LICENSE VIOLATION,RESTAURANT,false,false,621,6,17,71,26,1172583,1852485,2016,06/22/2016 03:52:12 PM,41.750654869,-87.643145394,"(41.750654869, -87.643145394)",2016-06-16T12:54:00.000Z
10696118,HZ310110,057XX S CICERO AVE,2091,NARCOTICS,FORFEIT PROPERTY,AIRPORT/AIRCRAFT,true,false,813,8,23,56,18,"","",2016,02/07/2017 03:53:30 PM,"","","",2016-06-16T13:00:00.000Z
10562453,HZ309459,019XX N CENTRAL PARK AVE,051B,ASSAULT,AGGRAVATED: OTHER FIREARM,ALLEY,false,false,2535,25,26,22,04A,1152068,1912667,2016,07/04/2016 03:55:03 PM,41.916229056,-87.716739702,"(41.916229056, -87.716739702)",2016-06-16T13:00:00.000Z
10564460,HZ311147,117XX S LOOMIS ST,0820,THEFT,$500 AND UNDER,STREET,false,false,524,5,34,53,06,1169107,1826999,2016,06/23/2016 03:46:04 PM,41.680793206,-87.656617147,"(41.680793206, -87.656617147)",2016-06-16T13:00:00.000Z
10563826,HZ310890,091XX S BURNSIDE AVE,0486,BATTERY,DOMESTIC BATTERY SIMPLE,RESIDENCE PORCH/HALLWAY,true,true,633,6,6,49,08B,1179762,1844319,2016,06/22/2016 03:52:12 PM,41.728085358,-87.617087356,"(41.728085358, -87.617087356)",2016-06-16T13:00:00.000Z
10563797,HZ310845,014XX W WEBSTER AVE,0820,THEFT,$500 AND UNDER,STREET,false,false,1811,18,32,7,06,1165948,1914730,2016,06/22/2016 03:52:12 PM,41.921604898,-87.665686285,"(41.921604898, -87.665686285)",2016-06-16T13:00:00.000Z
10563499,HZ310443,052XX N POTAWATOMIE AVE,0820,THEFT,$500 AND UNDER,OTHER,false,false,1614,16,41,76,06,1117645,1933591,2016,06/22/2016 03:52:12 PM,41.974256786,-87.842770999,"(41.974256786, -87.842770999)",2016-06-16T13:00:00.000Z
10562540,HZ309663,006XX W 124TH ST,0910,MOTOR VEHICLE THEFT,AUTOMOBILE,STREET,false,false,523,5,34,53,07,1174350,1822656,2016,06/22/2016 03:52:12 PM,41.668760704,-87.63755352,"(41.668760704, -87.63755352)",2016-06-16T13:00:00.000Z
10562482,HZ309610,0000X N LEAVITT ST,0910,MOTOR VEHICLE THEFT,AUTOMOBILE,STREET,false,false,1223,12,2,28,07,1161734,1900570,2016,06/22/2016 03:52:12 PM,41.88283775,-87.68156488,"(41.88283775, -87.68156488)",2016-06-16T13:00:00.000Z
10562406,HZ309394,084XX S HAMILTON AVE,1310,CRIMINAL DAMAGE,TO PROPERTY,RESIDENTIAL YARD (FRONT/BACK),false,false,614,6,18,71,14,1163492,1848860,2016,06/22/2016 03:52:12 PM,41.740902616,-87.676560602,"(41.740902616, -87.676560602)",2016-06-16T13:00:00.000Z
10562383,HZ309510,065XX S PROMONTORY DR,0486,BATTERY,DOMESTIC BATTERY SIMPLE,SIDEWALK,false,true,331,3,5,42,08B,1192337,1862034,2016,06/22/2016 03:52:12 PM,41.776400433,-87.570448042,"(41.776400433, -87.570448042)",2016-06-16T13:00:00.000Z
10562246,HZ309323,024XX W JACKSON BLVD,0560,ASSAULT,SIMPLE,SIDEWALK,false,false,1125,11,2,28,08A,1160170,1898627,2016,06/22/2016 03:52:12 PM,41.877538432,-87.687361652,"(41.877538432, -87.687361652)",2016-06-16T13:05:00.000Z
10564167,HZ311121,044XX W CONGRESS PKWY,0560,ASSAULT,SIMPLE,STREET,false,false,1131,11,24,26,08A,1146972,1897324,2016,06/22/2016 03:52:12 PM,41.874225203,-87.735854874,"(41.874225203, -87.735854874)",2016-06-16T13:10:00.000Z
10562354,HZ309319,062XX S COTTAGE GROVE AVE,041A,BATTERY,AGGRAVATED: HANDGUN,ALLEY,false,false,313,3,20,42,04B,1182636,1863821,2016,06/22/2016 03:52:12 PM,41.781534778,-87.605955453,"(41.781534778, -87.605955453)",2016-06-16T13:21:00.000Z
10562265,HZ309336,012XX S ALBANY AVE,2027,NARCOTICS,POSS: CRACK,SIDEWALK,true,false,1022,10,24,29,18,1155905,1894272,2016,06/22/2016 03:52:12 PM,41.86567488,-87.703139044,"(41.86567488, -87.703139044)",2016-06-16T13:26:00.000Z
10562327,HZ309385,095XX S WENTWORTH AVE,1310,CRIMINAL DAMAGE,TO PROPERTY,RESIDENCE,false,true,511,5,21,49,14,1176629,1841684,2016,06/22/2016 03:52:12 PM,41.720925534,-87.628643078,"(41.720925534, -87.628643078)",2016-06-16T13:28:00.000Z
10566239,HZ309482,076XX S STEWART AVE,0650,BURGLARY,HOME INVASION,APARTMENT,false,false,621,6,17,69,05,1174947,1854378,2016,07/04/2016 03:55:03 PM,41.755797128,-87.634426259,"(41.755797128, -87.634426259)",2016-06-16T13:30:00.000Z
10562787,HZ309613,047XX N ST LOUIS AVE,0820,THEFT,$500 AND UNDER,STREET,false,false,1723,17,33,14,06,1152196,1931269,2016,06/22/2016 03:52:12 PM,41.967271844,-87.715777069,"(41.967271844, -87.715777069)",2016-06-16T13:30:00.000Z
10562365,HZ309384,0000X N MICHIGAN AVE,0890,THEFT,FROM BUILDING,RESTAURANT,false,false,114,1,42,32,06,1177308,1900551,2016,06/22/2016 03:52:12 PM,41.882446804,-87.624377641,"(41.882446804, -87.624377641)",2016-06-16T13:30:00.000Z
10565876,HZ312913,023XX W LOGAN BLVD,0810,THEFT,OVER $500,ATHLETIC CLUB,false,false,1432,14,1,22,06,1160418,1917765,2016,06/22/2016 03:52:12 PM,41.930049492,-87.685920733,"(41.930049492, -87.685920733)",2016-06-16T13:35:00.000Z
10563667,HZ309418,098XX S THROOP ST,1320,CRIMINAL DAMAGE,TO VEHICLE,STREET,false,false,2213,22,21,73,14,1169387,1839692,2016,06/23/2016 03:46:04 PM,41.715618796,-87.655226392,"(41.715618796, -87.655226392)",2016-06-16T13:40:00.000Z
10562390,HZ309405,070XX S ADA ST,051A,ASSAULT,AGGRAVATED: HANDGUN,SIDEWALK,false,false,734,7,17,67,04A,1168545,1858042,2016,06/22/2016 03:52:12 PM,41.765991951,-87.657782626,"(41.765991951, -87.657782626)",2016-06-16T13:40:00.000Z
10562329,HZ309346,102XX S WENTWORTH AVE,0320,ROBBERY,STRONGARM - NO WEAPON,SIDEWALK,false,false,511,5,9,49,03,1176746,1837147,2016,06/22/2016 03:52:12 PM,41.708472756,-87.628350602,"(41.708472756, -87.628350602)",2016-06-16T13:45:00.000Z
10562347,HZ309485,071XX S BLACKSTONE AVE,033A,ROBBERY,ATTEMPT: ARMED-HANDGUN,SIDEWALK,true,false,324,3,5,43,03,1187435,1858054,2016,08/07/2016 03:46:42 PM,41.765596898,-87.588544545,"(41.765596898, -87.588544545)",2016-06-16T13:48:00.000Z
10582599,HZ328501,054XX W HADDON AVE,1753,OFFENSE INVOLVING CHILDREN,SEX ASSLT OF CHILD BY FAM MBR,RESIDENCE,false,true,1524,15,37,25,02,"","",2016,08/09/2017 03:49:49 PM,"","","",2016-06-16T13:50:00.000Z
10562284,HZ309374,027XX W 68TH ST,1330,CRIMINAL TRESPASS,TO LAND,HOSPITAL BUILDING/GROUNDS,true,false,831,8,15,66,26,1159381,1859440,2016,06/22/2016 03:52:12 PM,41.770020864,-87.6913338,"(41.770020864, -87.6913338)",2016-06-16T13:50:00.000Z
10562331,HZ309406,004XX W 63RD ST,1811,NARCOTICS,POSS: CANNABIS 30GMS OR LESS,STREET,true,false,711,7,20,68,18,1174491,1863157,2016,06/22/2016 03:52:12 PM,41.779897875,-87.635836483,"(41.779897875, -87.635836483)",2016-06-16T13:54:00.000Z
10562295,HZ309364,044XX N SAWYER AVE,0460,BATTERY,SIMPLE,SIDEWALK,false,false,1724,17,33,14,08B,1153921,1929273,2016,06/22/2016 03:52:12 PM,41.961760402,-87.709487847,"(41.961760402, -87.709487847)",2016-06-16T13:54:00.000Z
10933374,JA249612,053XX S HAMLIN AVE,2826,OTHER OFFENSE,HARASSMENT BY ELECTRONIC MEANS,RESIDENCE,false,false,822,8,23,62,26,"","",2016,05/04/2017 03:57:25 PM,"","","",2016-06-16T14:00:00.000Z
10562464,HZ309376,034XX W PARKER AVE,1310,CRIMINAL DAMAGE,TO PROPERTY,RESIDENCE,false,false,1412,14,35,22,14,1152934,1918075,2016,07/04/2016 03:55:03 PM,41.931051933,-87.713414403,"(41.931051933, -87.713414403)",2016-06-16T14:00:00.000Z
10562326,HZ309436,003XX S KILBOURN AVE,0460,BATTERY,SIMPLE,SIDEWALK,false,false,1131,11,24,26,08B,1146440,1898187,2016,06/22/2016 03:52:12 PM,41.876603524,-87.73778617,"(41.876603524, -87.73778617)",2016-06-16T14:00:00.000Z
10562294,HZ309365,042XX N KEDZIE AVE,1305,CRIMINAL DAMAGE,CRIMINAL DEFACEMENT,SIDEWALK,true,false,1724,17,33,16,14,1154295,1927955,2016,06/22/2016 03:52:12 PM,41.958136246,-87.708148159,"(41.958136246, -87.708148159)",2016-06-16T14:02:00.000Z
10562490,HZ309411,013XX S AVERS AVE,0460,BATTERY,SIMPLE,SIDEWALK,false,false,1011,10,24,29,08B,1150924,1893513,2016,07/04/2016 03:55:03 PM,41.863690977,-87.721444549,"(41.863690977, -87.721444549)",2016-06-16T14:10:00.000Z
10562279,HZ309377,066XX S STEWART AVE,0486,BATTERY,DOMESTIC BATTERY SIMPLE,APARTMENT,false,true,722,7,6,68,08B,1174775,1860698,2016,06/22/2016 03:52:12 PM,41.77314378,-87.634868524,"(41.77314378, -87.634868524)",2016-06-16T14:23:00.000Z
10562351,HZ309469,045XX W ADAMS ST,031A,ROBBERY,ARMED: HANDGUN,STREET,false,false,1113,11,28,26,03,1146105,1898627,2016,06/22/2016 03:52:12 PM,41.877817308,-87.739005009,"(41.877817308, -87.739005009)",2016-06-16T14:26:00.000Z
10562379,HZ309412,036XX W 51ST ST,031A,ROBBERY,ARMED: HANDGUN,STREET,false,false,822,8,23,62,03,1152790,1870560,2016,06/22/2016 03:52:12 PM,41.800668293,-87.715200829,"(41.800668293, -87.715200829)",2016-06-16T14:28:00.000Z
10580759,HZ329625,041XX S ROCKWELL ST,0820,THEFT,$500 AND UNDER,STREET,false,false,921,9,12,58,06,1159714,1877256,2016,07/04/2016 03:55:03 PM,41.818903519,-87.689624147,"(41.818903519, -87.689624147)",2016-06-16T14:30:00.000Z
10566423,HZ309667,034XX N ROCKWELL ST,1310,CRIMINAL DAMAGE,TO PROPERTY,PARK PROPERTY,false,false,1921,19,47,5,14,1158168,1922772,2016,07/04/2016 03:55:03 PM,41.94383536,-87.694051715,"(41.94383536, -87.694051715)",2016-06-16T14:30:00.000Z
10562579,HZ309661,045XX S AVERS AVE,0620,BURGLARY,UNLAWFUL ENTRY,RESIDENCE,false,false,821,8,14,57,05,1151446,1874375,2016,06/22/2016 03:52:12 PM,41.811163618,-87.720029935,"(41.811163618, -87.720029935)",2016-06-16T14:30:00.000Z
10562494,HZ309619,046XX S HOMAN AVE,0610,BURGLARY,FORCIBLE ENTRY,RESIDENCE-GARAGE,false,false,821,8,14,58,05,1154552,1873731,2016,06/22/2016 03:52:12 PM,41.809335003,-87.708654416,"(41.809335003, -87.708654416)",2016-06-16T14:30:00.000Z
10562322,HZ309426,056XX W FULTON ST,1365,CRIMINAL TRESPASS,TO RESIDENCE,RESIDENCE,true,false,1512,15,29,25,26,1138855,1901454,2016,06/22/2016 03:52:12 PM,41.885709644,-87.7655569,"(41.885709644, -87.7655569)",2016-06-16T14:30:00.000Z
10562308,HZ309403,026XX S MILLARD AVE,0486,BATTERY,DOMESTIC BATTERY SIMPLE,SIDEWALK,false,true,1032,10,22,30,08B,1152464,1886220,2016,06/22/2016 03:52:12 PM,41.84364786,-87.715983742,"(41.84364786, -87.715983742)",2016-06-16T14:30:00.000Z
10562402,HZ309497,025XX W MADISON ST,0810,THEFT,OVER $500,STREET,false,false,1222,12,2,28,06,1159456,1899930,2016,06/22/2016 03:52:12 PM,41.881128702,-87.689947408,"(41.881128702, -87.689947408)",2016-06-16T14:40:00.000Z
10562334,HZ309428,0000X E 120TH ST,0460,BATTERY,SIMPLE,SIDEWALK,false,false,532,5,9,53,08B,1178583,1825405,2016,06/22/2016 03:52:12 PM,41.676209553,-87.621978517,"(41.676209553, -87.621978517)",2016-06-16T14:40:00.000Z
10562348,HZ309445,074XX S BENNETT AVE,0486,BATTERY,DOMESTIC BATTERY SIMPLE,APARTMENT,true,true,324,3,8,43,08B,1189997,1855963,2016,07/09/2016 03:47:38 PM,41.759797759,-87.579221324,"(41.759797759, -87.579221324)",2016-06-16T15:00:00.000Z
10562443,HZ309463,015XX E 75TH ST,1310,CRIMINAL DAMAGE,TO PROPERTY,RESIDENCE PORCH/HALLWAY,false,false,324,3,5,43,14,1187699,1855562,2016,07/04/2016 03:55:03 PM,41.75875235,-87.587656092,"(41.75875235, -87.587656092)",2016-06-16T15:00:00.000Z
10563119,HZ309912,027XX W JEROME ST,0630,BURGLARY,ATTEMPT FORCIBLE ENTRY,RESIDENCE,false,false,2411,24,50,2,05,1156826,1949954,2016,06/23/2016 03:46:04 PM,42.018451449,-87.698243524,"(42.018451449, -87.698243524)",2016-06-16T15:00:00.000Z
10563242,HZ310175,010XX N LEAVITT ST,0820,THEFT,$500 AND UNDER,RESIDENCE,false,false,1212,12,32,24,06,1161544,1907103,2016,06/22/2016 03:52:12 PM,41.9007688,-87.682080486,"(41.9007688, -87.682080486)",2016-06-16T15:00:00.000Z
10562421,HZ309555,071XX N CLARK ST,0610,BURGLARY,FORCIBLE ENTRY,RESTAURANT,false,false,2423,24,49,1,05,1163297,1947567,2016,06/22/2016 03:52:12 PM,42.011767253,-87.674498965,"(42.011767253, -87.674498965)",2016-06-16T15:00:00.000Z
10562342,HZ309480,029XX W FILLMORE ST,0486,BATTERY,DOMESTIC BATTERY SIMPLE,SIDEWALK,false,true,1135,11,28,29,08B,1156773,1895232,2016,06/22/2016 03:52:12 PM,41.86829169,-87.699926554,"(41.86829169, -87.699926554)",2016-06-16T15:00:00.000Z
10562340,HZ309447,032XX N CLARK ST,0850,THEFT,ATTEMPT THEFT,SIDEWALK,true,false,1924,19,44,6,06,1169876,1921615,2016,06/22/2016 03:52:12 PM,41.940412833,-87.651052567,"(41.940412833, -87.651052567)",2016-06-16T15:10:00.000Z
10563630,HZ310302,013XX E 55TH ST,031A,ROBBERY,ARMED: HANDGUN,SIDEWALK,false,false,234,2,4,41,03,1186131,1868799,2016,06/23/2016 03:46:04 PM,41.795112967,-87.59298498,"(41.795112967, -87.59298498)",2016-06-16T15:30:00.000Z
10562396,HZ309487,083XX S COTTAGE GROVE AVE,0497,BATTERY,AGGRAVATED DOMESTIC BATTERY: OTHER DANG WEAPON,APARTMENT,false,false,632,6,6,44,04B,1183013,1849827,2016,06/22/2016 03:52:12 PM,41.743125083,-87.605007694,"(41.743125083, -87.605007694)",2016-06-16T15:32:00.000Z
10562730,HZ309644,076XX S BISHOP ST,0820,THEFT,$500 AND UNDER,RESIDENCE,false,false,612,6,17,71,06,1167885,1854003,2016,06/22/2016 03:52:12 PM,41.754922595,-87.660317581,"(41.754922595, -87.660317581)",2016-06-16T15:35:00.000Z
10562395,HZ309472,029XX N KILDARE AVE,0486,BATTERY,DOMESTIC BATTERY SIMPLE,RESIDENCE,true,true,2523,25,31,20,08B,1147092,1919159,2016,06/22/2016 03:52:12 PM,41.93414043,-87.734854976,"(41.93414043, -87.734854976)",2016-06-16T15:40:00.000Z
10562357,HZ309471,023XX N CICERO AVE,0486,BATTERY,DOMESTIC BATTERY SIMPLE,SIDEWALK,false,true,2522,25,31,19,08B,1144009,1915304,2016,06/22/2016 03:52:12 PM,41.92362043,-87.746282063,"(41.92362043, -87.746282063)",2016-06-16T15:40:00.000Z
10562364,HZ309462,121XX S WENTWORTH AVE,1310,CRIMINAL DAMAGE,TO PROPERTY,RESIDENCE-GARAGE,false,false,523,5,9,53,14,1177126,1824452,2016,06/22/2016 03:52:12 PM,41.673627257,-87.627340045,"(41.673627257, -87.627340045)",2016-06-16T15:45:00.000Z
10562355,HZ309465,089XX S UNION AVE,0486,BATTERY,DOMESTIC BATTERY SIMPLE,STREET,false,true,2223,22,21,71,08B,1173203,1845737,2016,06/22/2016 03:52:12 PM,41.732123799,-87.641072346,"(41.732123799, -87.641072346)",2016-06-16T15:50:00.000Z
10562343,HZ309476,010XX W WILSON AVE,1811,NARCOTICS,POSS: CANNABIS 30GMS OR LESS,SIDEWALK,true,false,1914,19,46,3,18,1168259,1930712,2016,06/22/2016 03:52:12 PM,41.96541052,-87.656731596,"(41.96541052, -87.656731596)",2016-06-16T15:53:00.000Z
10600164,HZ351464,006XX N TRUMBULL AVE,1130,DECEPTIVE PRACTICE,FRAUD OR CONFIDENCE GAME,APARTMENT,false,false,1121,11,27,23,11,"","",2016,07/17/2016 03:49:30 PM,"","","",2016-06-17T04:00:00.000Z
10566761,HZ313920,003XX S DEARBORN ST,0890,THEFT,FROM BUILDING,BAR OR TAVERN,false,false,113,1,2,32,06,1175987,1898766,2016,06/23/2016 03:48:09 PM,41.877578503,-87.629282088,"(41.877578503, -87.629282088)",2016-06-17T04:00:00.000Z
10566753,HZ313977,052XX N PAULINA ST,0810,THEFT,OVER $500,STREET,false,false,2012,20,40,77,06,"","",2016,06/23/2016 03:48:09 PM,"","","",2016-06-17T04:00:00.000Z
10564921,HZ312092,005XX E 103RD PL,1710,OFFENSE INVOLVING CHILDREN,ENDANGERING LIFE/HEALTH CHILD,RESIDENCE,false,true,512,5,9,49,20,1181875,1836458,2016,06/23/2016 03:48:09 PM,41.706465288,-87.609589172,"(41.706465288, -87.609589172)",2016-06-17T04:00:00.000Z
10562701,HZ309762,057XX S GREEN ST,0920,MOTOR VEHICLE THEFT,ATT: AUTOMOBILE,OTHER,false,false,712,7,16,68,07,1171617,1866852,2016,06/23/2016 03:48:09 PM,41.790100863,-87.646264692,"(41.790100863, -87.646264692)",2016-06-17T04:00:00.000Z
10562475,HZ309477,029XX W NORTH AVE,0486,BATTERY,DOMESTIC BATTERY SIMPLE,PARK PROPERTY,false,true,1423,14,26,24,08B,1156477,1910496,2016,06/23/2016 03:48:09 PM,41.910183527,-87.700600024,"(41.910183527, -87.700600024)",2016-06-17T04:00:00.000Z
10562373,HZ309495,008XX E 77TH ST,0420,BATTERY,AGGRAVATED:KNIFE/CUTTING INSTR,APARTMENT,true,true,624,6,6,69,04B,1183031,1854133,2016,06/23/2016 03:48:09 PM,41.754940787,-87.604808155,"(41.754940787, -87.604808155)",2016-06-17T04:00:00.000Z
10764408,HZ529163,048XX N CHRISTIANA AVE,2826,OTHER OFFENSE,HARASSMENT BY ELECTRONIC MEANS,APARTMENT,false,false,1713,17,39,14,26,"","",2016,11/26/2016 03:48:19 PM,"","","",2016-06-17T04:01:00.000Z
10587502,HZ337937,076XX S CORNELL AVE,0810,THEFT,OVER $500,OTHER,false,false,411,4,8,43,06,1188561,1854676,2016,07/11/2016 03:54:21 PM,41.756300539,-87.58452523,"(41.756300539, -87.58452523)",2016-06-17T04:01:00.000Z
10563635,HZ310648,112XX S WENTWORTH AVE,0460,BATTERY,SIMPLE,STREET,false,false,522,5,34,49,08B,1176936,1830594,2016,06/23/2016 03:48:09 PM,41.690486111,-87.627851381,"(41.690486111, -87.627851381)",2016-06-17T04:01:00.000Z
10563511,HZ310542,004XX E 42ND ST,2826,OTHER OFFENSE,HARASSMENT BY ELECTRONIC MEANS,OTHER,false,false,214,2,3,38,26,1179904,1877252,2016,06/23/2016 03:48:09 PM,41.818453611,-87.615560327,"(41.818453611, -87.615560327)",2016-06-17T04:01:00.000Z
10562930,HZ309907,037XX W 79TH PL,0610,BURGLARY,FORCIBLE ENTRY,RESIDENCE-GARAGE,false,false,834,8,18,70,05,1152771,1851616,2016,06/23/2016 03:48:09 PM,41.748683367,-87.715769404,"(41.748683367, -87.715769404)",2016-06-17T04:01:00.000Z
10562368,HZ309484,037XX S CALUMET AVE,0460,BATTERY,SIMPLE,RESIDENCE,true,false,212,2,3,35,08B,1179205,1880321,2016,06/23/2016 03:48:09 PM,41.826891184,-87.618030746,"(41.826891184, -87.618030746)",2016-06-17T04:01:00.000Z
10562378,HZ309496,036XX N RECREATION DR,1811,NARCOTICS,POSS: CANNABIS 30GMS OR LESS,PARK PROPERTY,true,false,1925,19,46,6,18,1172031,1924865,2016,06/23/2016 03:48:09 PM,41.949283608,-87.643036076,"(41.949283608, -87.643036076)",2016-06-17T04:10:00.000Z
10573422,HZ310956,048XX N NEWCASTLE AVE,1812,NARCOTICS,POSS: CANNABIS MORE THAN 30GMS,RESIDENCE,true,false,1613,16,41,10,18,"","",2016,12/03/2016 03:45:55 PM,"","","",2016-06-17T04:11:00.000Z
10562405,HZ309504,001XX N HAMLIN BLVD,1310,CRIMINAL DAMAGE,TO PROPERTY,APARTMENT,false,false,1122,11,28,26,14,1151042,1900286,2016,06/23/2016 03:48:09 PM,41.88227454,-87.720833956,"(41.88227454, -87.720833956)",2016-06-17T04:34:00.000Z
10563913,HZ309505,072XX S EAST END AVE,0486,BATTERY,DOMESTIC BATTERY SIMPLE,STREET,false,true,324,3,8,43,08B,1188786,1857412,2016,07/04/2016 03:55:03 PM,41.763802987,-87.583613278,"(41.763802987, -87.583613278)",2016-06-17T04:46:00.000Z
10562461,HZ309573,003XX W MARQUETTE RD,2820,OTHER OFFENSE,TELEPHONE THREAT,STREET,false,false,722,7,6,68,26,1175397,1860531,2016,06/23/2016 03:48:09 PM,41.772671628,-87.632593424,"(41.772671628, -87.632593424)",2016-06-17T04:51:00.000Z
10602995,HZ354979,005XX W FULTON ST,0820,THEFT,$500 AND UNDER,RESIDENCE-GARAGE,false,false,1214,12,42,28,06,"","",2016,07/19/2016 04:00:08 PM,"","","",2016-06-16T17:00:00.000Z
10562986,HZ309524,004XX E PERSHING RD,0560,ASSAULT,SIMPLE,GAS STATION,false,false,214,2,3,38,08A,1179996,1879223,2016,07/04/2016 03:55:03 PM,41.82386008,-87.615162409,"(41.82386008, -87.615162409)",2016-06-16T17:00:00.000Z
10563116,HZ309642,040XX W POTOMAC AVE,0497,BATTERY,AGGRAVATED DOMESTIC BATTERY: OTHER DANG WEAPON,APARTMENT,false,true,2534,25,27,23,04B,1149185,1908356,2016,06/23/2016 03:48:09 PM,41.904455641,-87.727443669,"(41.904455641, -87.727443669)",2016-06-16T17:00:00.000Z
10562903,HZ309836,089XX S PAULINA ST,0810,THEFT,OVER $500,RESIDENTIAL YARD (FRONT/BACK),false,false,2221,22,21,71,06,1166571,1845538,2016,06/23/2016 03:48:09 PM,41.731721519,-87.665373828,"(41.731721519, -87.665373828)",2016-06-16T17:00:00.000Z
10562445,HZ309523,013XX S LAWNDALE AVE,0486,BATTERY,DOMESTIC BATTERY SIMPLE,APARTMENT,false,true,1011,10,24,29,08B,1151922,1893510,2016,06/23/2016 03:48:09 PM,41.863663168,-87.717781003,"(41.863663168, -87.717781003)",2016-06-16T17:00:00.000Z
10562387,HZ309534,022XX E 96TH ST,0910,MOTOR VEHICLE THEFT,AUTOMOBILE,STREET,false,false,431,4,7,51,07,1192754,1841963,2016,06/23/2016 03:48:09 PM,41.721313758,-87.569572496,"(41.721313758, -87.569572496)",2016-06-16T17:00:00.000Z
10562385,HZ309511,040XX W LAWRENCE AVE,0860,THEFT,RETAIL THEFT,DRUG STORE,false,false,1712,17,39,14,06,1148714,1931595,2016,06/23/2016 03:48:09 PM,41.968234567,-87.728571616,"(41.968234567, -87.728571616)",2016-06-16T17:00:00.000Z
10562372,HZ309518,013XX W 15TH ST,0486,BATTERY,DOMESTIC BATTERY SIMPLE,STREET,false,true,1233,12,2,28,08B,1167732,1892862,2016,06/23/2016 03:48:09 PM,41.861559271,-87.65976218,"(41.861559271, -87.65976218)",2016-06-16T17:13:00.000Z
10562380,HZ309528,078XX S BURNHAM AVE,0460,BATTERY,SIMPLE,SIDEWALK,false,false,421,4,7,43,08B,1196080,1853618,2016,06/23/2016 03:48:09 PM,41.753214416,-87.557005172,"(41.753214416, -87.557005172)",2016-06-16T17:25:00.000Z
10565163,HZ309548,012XX S FAIRFIELD AVE,0486,BATTERY,DOMESTIC BATTERY SIMPLE,RESIDENTIAL YARD (FRONT/BACK),false,true,1023,10,28,29,08B,1158230,1894163,2016,07/04/2016 03:55:03 PM,41.86532862,-87.694606794,"(41.86532862, -87.694606794)",2016-06-16T17:30:00.000Z
10565555,HZ312954,048XX N MERRIMAC AVE,0486,BATTERY,DOMESTIC BATTERY SIMPLE,RESIDENCE,true,true,1622,16,45,11,08B,1133538,1931917,2016,06/23/2016 03:48:09 PM,41.969398556,-87.784366127,"(41.969398556, -87.784366127)",2016-06-16T17:30:00.000Z
10562932,HZ309787,055XX W EDDY ST,1320,CRIMINAL DAMAGE,TO VEHICLE,RESIDENCE,false,false,1633,16,38,15,14,1138828,1923055,2016,06/23/2016 03:48:09 PM,41.944985737,-87.765130519,"(41.944985737, -87.765130519)",2016-06-16T17:30:00.000Z
10562912,HZ309851,118XX S UNION AVE,0820,THEFT,$500 AND UNDER,STREET,false,false,524,5,34,53,06,1173778,1826398,2016,06/23/2016 03:48:09 PM,41.679042016,-87.639536668,"(41.679042016, -87.639536668)",2016-06-16T17:30:00.000Z
10562905,HZ309891,017XX N NORTH PARK AVE,1320,CRIMINAL DAMAGE,TO VEHICLE,STREET,false,false,1814,18,43,7,14,1173846,1911973,2016,06/23/2016 03:48:09 PM,41.913867166,-87.636749489,"(41.913867166, -87.636749489)",2016-06-16T17:30:00.000Z
10562535,HZ309668,009XX W 119TH ST,0810,THEFT,OVER $500,STREET,false,false,524,5,34,53,06,1172373,1825925,2016,06/23/2016 03:48:09 PM,41.677774958,-87.644693367,"(41.677774958, -87.644693367)",2016-06-16T17:30:00.000Z
10562474,HZ309546,015XX N MILWAUKEE AVE,0420,BATTERY,AGGRAVATED:KNIFE/CUTTING INSTR,STREET,false,false,1424,14,1,24,04B,1163106,1910334,2016,06/23/2016 03:48:09 PM,41.909602218,-87.676252259,"(41.909602218, -87.676252259)",2016-06-16T17:57:00.000Z
10567803,HZ315567,010XX N DEARBORN ST,0560,ASSAULT,SIMPLE,CONVENIENCE STORE,false,false,1824,18,42,8,08A,1175747,1907348,2016,06/23/2016 03:48:09 PM,41.901133376,-87.629904979,"(41.901133376, -87.629904979)",2016-06-16T18:00:00.000Z
10563356,HZ309709,035XX W CHICAGO AVE,0610,BURGLARY,FORCIBLE ENTRY,RESIDENCE PORCH/HALLWAY,false,false,1121,11,27,23,05,1152462,1905105,2016,06/23/2016 03:48:09 PM,41.895470438,-87.715492263,"(41.895470438, -87.715492263)",2016-06-16T18:00:00.000Z
10563285,HZ309826,060XX S PRAIRIE AVE,0910,MOTOR VEHICLE THEFT,AUTOMOBILE,STREET,false,false,311,3,20,40,07,1179075,1865009,2016,06/23/2016 03:48:09 PM,41.784876685,-87.618974609,"(41.784876685, -87.618974609)",2016-06-16T18:00:00.000Z
10562439,HZ309553,063XX S KOMENSKY AVE,0430,BATTERY,AGGRAVATED: OTHER DANG WEAPON,SIDEWALK,false,false,813,8,13,65,04B,1150453,1862475,2016,06/23/2016 03:48:09 PM,41.778527609,-87.723981624,"(41.778527609, -87.723981624)",2016-06-16T18:13:00.000Z
10562491,HZ309590,0000X W CHICAGO AVE,4387,OTHER OFFENSE,VIOLATE ORDER OF PROTECTION,OTHER,true,true,1832,18,42,8,26,1175959,1905721,2016,06/23/2016 03:48:09 PM,41.896664035,-87.629175344,"(41.896664035, -87.629175344)",2016-06-16T18:20:00.000Z
10562415,HZ309551,060XX W HIGGINS AVE,0860,THEFT,RETAIL THEFT,CONVENIENCE STORE,false,false,1622,16,45,11,06,1135114,1933335,2016,06/23/2016 03:48:09 PM,41.973261823,-87.778537299,"(41.973261823, -87.778537299)",2016-06-16T18:20:00.000Z
10562401,HZ309556,132XX S LANGLEY AVE,0630,BURGLARY,ATTEMPT FORCIBLE ENTRY,APARTMENT,false,false,533,5,9,54,05,1183256,1817717,2016,06/23/2016 03:48:09 PM,41.655005415,-87.605112115,"(41.655005415, -87.605112115)",2016-06-16T18:20:00.000Z
10562412,HZ309552,024XX W 60TH ST,0486,BATTERY,DOMESTIC BATTERY SIMPLE,RESIDENCE,false,true,825,8,15,66,08B,1160973,1864806,2016,06/23/2016 03:48:09 PM,41.784713157,-87.685349952,"(41.784713157, -87.685349952)",2016-06-16T18:25:00.000Z
10562409,HZ309564,037XX W ADDISON ST,0486,BATTERY,DOMESTIC BATTERY SIMPLE,GAS STATION,false,true,1732,17,30,16,08B,1150919,1923677,2016,06/23/2016 03:48:09 PM,41.946464013,-87.720672053,"(41.946464013, -87.720672053)",2016-06-16T18:40:00.000Z
10562446,HZ309586,072XX S PHILLIPS AVE,1310,CRIMINAL DAMAGE,TO PROPERTY,APARTMENT,true,true,334,3,7,43,14,1193732,1857463,2016,06/23/2016 03:48:09 PM,41.763823209,-87.565483757,"(41.763823209, -87.565483757)",2016-06-16T18:48:00.000Z
10566223,HZ313729,070XX S OAKLEY AVE,0281,CRIM SEXUAL ASSAULT,NON-AGGRAVATED,RESIDENCE,false,false,832,8,17,66,02,1162280,1858031,2016,06/23/2016 03:48:09 PM,41.766094496,-87.68074642,"(41.766094496, -87.68074642)",2016-06-16T19:00:00.000Z
10562777,HZ309695,092XX S BISHOP ST,2825,OTHER OFFENSE,HARASSMENT BY TELEPHONE,RESIDENCE,false,true,2222,22,21,73,26,1168290,1843418,2016,06/23/2016 03:48:09 PM,41.725867145,-87.65913727,"(41.725867145, -87.65913727)",2016-06-16T19:00:00.000Z
10562704,HZ309640,072XX S PRAIRIE AVE,0910,MOTOR VEHICLE THEFT,AUTOMOBILE,STREET,false,false,323,3,6,69,07,1179292,1857091,2016,06/23/2016 03:48:09 PM,41.763143931,-87.61842033,"(41.763143931, -87.61842033)",2016-06-16T19:00:00.000Z
10562417,HZ309563,039XX W NORTH AVE,2024,NARCOTICS,POSS: HEROIN(WHITE),SIDEWALK,true,false,2535,25,30,23,18,1149780,1910344,2016,06/23/2016 03:48:09 PM,41.909899354,-87.72520628,"(41.909899354, -87.72520628)",2016-06-16T19:03:00.000Z
10562441,HZ309587,014XX S AVERS AVE,2860,PUBLIC PEACE VIOLATION,FALSE POLICE REPORT,APARTMENT,false,true,1011,10,24,29,24,1150945,1892794,2016,06/23/2016 03:48:09 PM,41.861717546,-87.721386272,"(41.861717546, -87.721386272)",2016-06-16T19:15:00.000Z
10562433,HZ309578,014XX W MONTROSE AVE,0860,THEFT,RETAIL THEFT,CONVENIENCE STORE,false,false,1912,19,47,6,06,1165635,1929313,2016,06/23/2016 03:48:09 PM,41.961628063,-87.666419454,"(41.961628063, -87.666419454)",2016-06-16T19:15:00.000Z
10562434,HZ309582,099XX S LOWE AVE,1320,CRIMINAL DAMAGE,TO VEHICLE,STREET,false,true,2232,22,9,73,14,1173724,1838927,2016,06/23/2016 03:48:09 PM,41.713424694,-87.639364822,"(41.713424694, -87.639364822)",2016-06-16T19:25:00.000Z
10562957,HZ309849,059XX S HALSTED ST,0820,THEFT,$500 AND UNDER,GAS STATION,false,false,712,7,16,68,06,1171984,1865568,2016,06/23/2016 03:48:09 PM,41.786569368,-87.644956704,"(41.786569368, -87.644956704)",2016-06-16T19:30:00.000Z
10562473,HZ309591,094XX S WENTWORTH AVE,051A,ASSAULT,AGGRAVATED: HANDGUN,APARTMENT,true,false,634,6,21,49,04A,1176608,1842411,2016,06/23/2016 03:48:09 PM,41.722920991,-87.628698201,"(41.722920991, -87.628698201)",2016-06-16T19:30:00.000Z
10562465,HZ309579,043XX S FAIRFIELD AVE,0460,BATTERY,SIMPLE,APARTMENT,true,false,922,9,12,58,08B,1158756,1875739,2016,06/23/2016 03:48:09 PM,41.814760322,-87.693179922,"(41.814760322, -87.693179922)",2016-06-16T19:32:00.000Z
22553,HZ294139,039XX W BELMONT AVE,0110,HOMICIDE,FIRST DEGREE MURDER,STREET,true,false,1732,17,31,21,01A,1149350,1920983,2016,07/26/2016 03:52:32 PM,41.939102087,-87.726509353,"(41.939102087, -87.726509353)",2016-06-16T19:58:00.000Z
10569069,HZ317090,029XX W ADDISON ST,1320,CRIMINAL DAMAGE,TO VEHICLE,PARKING LOT/GARAGE(NON.RESID.),false,false,1733,17,33,21,14,1155975,1923781,2016,06/23/2016 03:48:09 PM,41.946648722,-87.702084879,"(41.946648722, -87.702084879)",2016-06-16T20:00:00.000Z
10562711,HZ309691,071XX W FOSTER AVE,0486,BATTERY,DOMESTIC BATTERY SIMPLE,RESIDENCE,true,true,1613,16,41,10,08B,1127720,1934106,2016,06/23/2016 03:48:09 PM,41.975505706,-87.805709819,"(41.975505706, -87.805709819)",2016-06-16T20:00:00.000Z
10562533,HZ309602,121XX S PARNELL AVE,1025,ARSON,AGGRAVATED,RESIDENCE,false,false,523,5,34,53,09,1174827,1824435,2016,06/23/2016 03:48:09 PM,41.673631987,-87.635755085,"(41.673631987, -87.635755085)",2016-06-16T20:00:00.000Z
10562460,HZ309595,091XX S STEWART AVE,0486,BATTERY,DOMESTIC BATTERY SIMPLE,RESIDENCE,false,true,634,6,21,49,08B,1175509,1844442,2016,06/23/2016 03:48:09 PM,41.728518942,-87.632663152,"(41.728518942, -87.632663152)",2016-06-16T20:00:00.000Z
10562454,HZ309592,033XX W SCHUBERT AVE,0560,ASSAULT,SIMPLE,STREET,false,false,1412,14,35,22,08A,1153512,1917756,2016,06/23/2016 03:48:09 PM,41.930165084,-87.711298861,"(41.930165084, -87.711298861)",2016-06-16T20:00:00.000Z
10562459,HZ309596,0000X E 79TH ST,0486,BATTERY,DOMESTIC BATTERY SIMPLE,CTA BUS STOP,false,true,623,6,6,44,08B,1177763,1852641,2016,06/23/2016 03:48:09 PM,41.750967358,-87.624158809,"(41.750967358, -87.624158809)",2016-06-16T20:11:00.000Z
10563243,HZ310171,038XX W 59TH ST,1320,CRIMINAL DAMAGE,TO VEHICLE,STREET,false,false,822,8,13,62,14,1151685,1865205,2016,06/23/2016 03:48:09 PM,41.785995107,-87.719393519,"(41.785995107, -87.719393519)",2016-06-16T20:30:00.000Z
10562448,HZ309599,035XX N ROCKWELL ST,1305,CRIMINAL DAMAGE,CRIMINAL DEFACEMENT,"SCHOOL, PUBLIC, BUILDING",false,false,1921,19,47,5,14,1158151,1923322,2016,06/23/2016 03:48:09 PM,41.945344943,-87.694099124,"(41.945344943, -87.694099124)",2016-06-16T20:30:00.000Z
10562462,HZ309609,102XX S HOXIE AVE,0470,PUBLIC PEACE VIOLATION,RECKLESS CONDUCT,RESIDENTIAL YARD (FRONT/BACK),true,false,431,4,10,51,24,1195161,1837572,2016,06/23/2016 03:48:09 PM,41.7092055,-87.560900588,"(41.7092055, -87.560900588)",2016-06-16T20:49:00.000Z
10562486,HZ309611,079XX S COTTAGE GROVE AVE,0486,BATTERY,DOMESTIC BATTERY SIMPLE,STREET,false,true,624,6,6,44,08B,1182930,1852635,2016,06/23/2016 03:48:09 PM,41.750832464,-87.605224746,"(41.750832464, -87.605224746)",2016-06-16T21:00:00.000Z
10564459,HZ310696,104XX S WABASH AVE,0910,MOTOR VEHICLE THEFT,AUTOMOBILE,STREET,false,false,512,5,9,49,07,1178421,1835701,2016,06/23/2016 03:48:09 PM,41.704466939,-87.622260387,"(41.704466939, -87.622260387)",2016-06-16T21:45:00.000Z
10594831,HZ309820,006XX W OHARE ST,2093,NARCOTICS,FOUND SUSPECT NARCOTICS,POLICE FACILITY/VEH PARKING LOT,true,false,1654,16,41,76,18,"","",2016,02/28/2017 04:01:55 PM,"","","",2016-06-16T22:00:00.000Z
10576899,HZ309807,033XX W FILLMORE ST,2093,NARCOTICS,FOUND SUSPECT NARCOTICS,POLICE FACILITY/VEH PARKING LOT,true,false,1134,11,24,29,18,"","",2016,11/15/2016 03:54:59 PM,"","","",2016-06-16T22:00:00.000Z
10566552,HZ314344,046XX N BEACON ST,0820,THEFT,$500 AND UNDER,RESIDENCE,false,false,1913,19,46,3,06,1166301,1930866,2016,06/23/2016 03:48:09 PM,41.965875304,-87.663926268,"(41.965875304, -87.663926268)",2016-06-16T22:00:00.000Z
10563631,HZ310499,036XX N MARSHFIELD AVE,0620,BURGLARY,UNLAWFUL ENTRY,APARTMENT,false,false,1922,19,47,6,05,1164672,1924308,2016,06/23/2016 03:48:09 PM,41.947914626,-87.670102377,"(41.947914626, -87.670102377)",2016-06-16T22:00:00.000Z
10562524,HZ309620,040XX W 21ST PL,1320,CRIMINAL DAMAGE,TO VEHICLE,STREET,false,false,1012,10,24,29,14,1149796,1889453,2016,06/23/2016 03:48:09 PM,41.85257183,-87.725690883,"(41.85257183, -87.725690883)",2016-06-16T22:05:00.000Z
10562875,HZ309627,045XX W LEXINGTON ST,0460,BATTERY,SIMPLE,STREET,false,false,1131,11,24,26,08B,1146015,1896326,2016,06/23/2016 03:48:09 PM,41.871504796,-87.739393934,"(41.871504796, -87.739393934)",2016-06-16T22:40:00.000Z
10572038,HZ319835,054XX W DRUMMOND PL,2826,OTHER OFFENSE,HARASSMENT BY ELECTRONIC MEANS,APARTMENT,false,false,2514,25,30,19,26,1139645,1917086,2016,06/27/2016 03:50:03 PM,41.928591291,-87.762273654,"(41.928591291, -87.762273654)",2016-06-16T23:00:00.000Z
10562860,HZ309749,101XX S FOREST AVE,2820,OTHER OFFENSE,TELEPHONE THREAT,RESIDENCE,false,true,511,5,9,49,26,1180036,1837880,2016,06/23/2016 03:48:09 PM,41.71040966,-87.616280104,"(41.71040966, -87.616280104)",2016-06-16T23:00:00.000Z
10562962,HZ309886,075XX S CONSTANCE AVE,0610,BURGLARY,FORCIBLE ENTRY,STREET,false,false,414,4,8,43,05,1189844,1855384,2016,06/23/2016 03:48:09 PM,41.758212612,-87.579800647,"(41.758212612, -87.579800647)",2016-06-16T23:15:00.000Z
10562702,HZ309660,066XX S WOOD ST,3960,INTIMIDATION,INTIMIDATION,RESIDENCE,false,false,726,7,15,67,26,1165486,1860570,2016,06/23/2016 03:48:09 PM,41.772994503,-87.668923367,"(41.772994503, -87.668923367)",2016-06-16T23:15:00.000Z
10562610,HZ309666,024XX W AUGUSTA BLVD,0486,BATTERY,DOMESTIC BATTERY SIMPLE,RESIDENCE,false,true,1212,12,1,24,08B,1159997,1906581,2016,06/23/2016 03:48:09 PM,41.899368474,-87.687777149,"(41.899368474, -87.687777149)",2016-06-16T23:25:00.000Z
10562522,HZ309651,094XX S EGGLESTON AVE,1320,CRIMINAL DAMAGE,TO VEHICLE,STREET,false,false,2223,22,21,73,14,1174948,1842305,2016,06/23/2016 03:48:09 PM,41.722667238,-87.634781734,"(41.722667238, -87.634781734)",2016-06-16T23:25:00.000Z
10563545,HZ310569,025XX W 51ST ST,0820,THEFT,$500 AND UNDER,APARTMENT,false,false,923,9,14,63,06,1160482,1870777,2016,06/23/2016 03:48:09 PM,41.801108514,-87.686985578,"(41.801108514, -87.686985578)",2016-06-16T23:30:00.000Z
10563534,HZ310482,027XX S TRUMBULL AVE,0620,BURGLARY,UNLAWFUL ENTRY,APARTMENT,false,false,1032,10,22,30,05,1153810,1885588,2016,06/23/2016 03:48:09 PM,41.841886919,-87.711060973,"(41.841886919, -87.711060973)",2016-06-16T23:30:00.000Z
10563486,HZ310468,019XX S SPAULDING AVE,0620,BURGLARY,UNLAWFUL ENTRY,APARTMENT,false,false,1024,10,24,29,05,1154670,1890310,2016,06/23/2016 03:48:09 PM,41.854827499,-87.707778793,"(41.854827499, -87.707778793)",2016-06-16T23:30:00.000Z
10562857,HZ309810,042XX W THOMAS ST,2825,OTHER OFFENSE,HARASSMENT BY TELEPHONE,RESIDENCE,false,false,1111,11,37,23,26,1147985,1906999,2016,06/23/2016 03:48:09 PM,41.900755066,-87.731886588,"(41.900755066, -87.731886588)",2016-06-16T23:30:00.000Z
10563945,HZ309726,058XX S ALBANY AVE,0497,BATTERY,AGGRAVATED DOMESTIC BATTERY: OTHER DANG WEAPON,STREET,false,true,824,8,14,63,04B,1156711,1865845,2016,06/23/2016 03:48:09 PM,41.787651399,-87.700948315,"(41.787651399, -87.700948315)",2016-06-16T23:40:00.000Z
10564303,HZ311305,022XX W 72ND ST,1310,CRIMINAL DAMAGE,TO PROPERTY,RESIDENCE,false,true,832,8,18,66,14,1162525,1856876,2016,06/23/2016 03:48:09 PM,41.762919907,-87.679880565,"(41.762919907, -87.679880565)",2016-06-16T23:45:00.000Z
10577333,HZ325913,020XX S MORGAN ST,0620,BURGLARY,UNLAWFUL ENTRY,APARTMENT,false,false,1235,12,25,31,05,1170009,1890437,2016,06/30/2016 03:48:43 PM,41.854855548,-87.651474466,"(41.854855548, -87.651474466)",2016-06-17T00:00:00.000Z
10565645,HZ312145,018XX W 43RD ST,0910,MOTOR VEHICLE THEFT,AUTOMOBILE,VEHICLE NON-COMMERCIAL,false,false,924,9,12,61,07,1164974,1876176,2016,06/23/2016 03:48:09 PM,41.815830125,-87.670359047,"(41.815830125, -87.670359047)",2016-06-17T00:00:00.000Z
10563730,HZ310800,037XX N LARAMIE AVE,0460,BATTERY,SIMPLE,"SCHOOL, PUBLIC, BUILDING",false,false,1634,16,38,15,08B,1141027,1924525,2016,06/23/2016 03:48:09 PM,41.948979271,-87.757011425,"(41.948979271, -87.757011425)",2016-06-17T00:00:00.000Z
10563516,HZ310490,005XX N LARAMIE AVE,1310,CRIMINAL DAMAGE,TO PROPERTY,PARKING LOT/GARAGE(NON.RESID.),false,false,1523,15,28,25,14,1141617,1902684,2016,06/23/2016 03:48:09 PM,41.88903432,-87.755383714,"(41.88903432, -87.755383714)",2016-06-17T00:00:00.000Z
10563432,HZ310282,050XX S DREXEL BLVD,0560,ASSAULT,SIMPLE,STREET,false,false,223,2,4,39,08A,1183036,1871813,2016,06/23/2016 03:48:09 PM,41.803456213,-87.604240484,"(41.803456213, -87.604240484)",2016-06-17T00:00:00.000Z
10563349,HZ310149,055XX S FRANCISCO AVE,0610,BURGLARY,FORCIBLE ENTRY,RESIDENCE,false,false,824,8,16,63,05,1157985,1867813,2016,06/23/2016 03:48:09 PM,41.793026056,-87.696223579,"(41.793026056, -87.696223579)",2016-06-17T00:00:00.000Z
10562649,HZ309687,048XX S PRAIRIE AVE,0820,THEFT,$500 AND UNDER,STREET,false,false,224,2,3,38,06,1178856,1873092,2016,06/23/2016 03:48:09 PM,41.807062178,-87.619531469,"(41.807062178, -87.619531469)",2016-06-17T00:00:00.000Z
10562756,HZ309775,052XX W IRVING PARK RD,0560,ASSAULT,SIMPLE,CTA BUS,true,false,1624,16,38,15,08A,1140812,1926094,2016,06/23/2016 03:48:09 PM,41.953288718,-87.757763007,"(41.953288718, -87.757763007)",2016-06-17T00:10:00.000Z
10562975,HZ309699,016XX N KEATING AVE,0486,BATTERY,DOMESTIC BATTERY SIMPLE,SIDEWALK,false,true,2533,25,37,25,08B,1144481,1910408,2016,06/23/2016 03:48:09 PM,41.910176421,-87.744671219,"(41.910176421, -87.744671219)",2016-06-17T00:16:00.000Z
10562761,HZ309723,117XX S PEORIA ST,0486,BATTERY,DOMESTIC BATTERY SIMPLE,SIDEWALK,true,true,524,5,34,53,08B,1172430,1827066,2016,06/23/2016 03:48:09 PM,41.680904798,-87.644451336,"(41.680904798, -87.644451336)",2016-06-17T00:25:00.000Z
10563697,HZ310523,013XX S CENTRAL PARK AVE,0620,BURGLARY,UNLAWFUL ENTRY,APARTMENT,false,false,1021,10,24,29,05,1152590,1893393,2016,06/23/2016 03:48:09 PM,41.863328937,-87.715331891,"(41.863328937, -87.715331891)",2016-06-17T00:30:00.000Z
10562985,HZ309734,074XX S COLFAX AVE,2820,OTHER OFFENSE,TELEPHONE THREAT,APARTMENT,false,false,334,3,7,43,26,1194663,1856116,2016,06/23/2016 03:48:09 PM,41.760104086,-87.562115767,"(41.760104086, -87.562115767)",2016-06-17T00:30:00.000Z
10563057,HZ309794,057XX S MAY ST,1360,CRIMINAL TRESPASS,TO VEHICLE,STREET,true,false,712,7,16,68,26,1169630,1866798,2016,06/23/2016 03:48:09 PM,41.789996024,-87.653552024,"(41.789996024, -87.653552024)",2016-06-17T00:45:00.000Z
10562788,HZ309792,057XX S MAY ST,1811,NARCOTICS,POSS: CANNABIS 30GMS OR LESS,VEHICLE NON-COMMERCIAL,true,false,712,7,16,68,18,1169630,1866798,2016,06/23/2016 03:48:09 PM,41.789996024,-87.653552024,"(41.789996024, -87.653552024)",2016-06-17T00:45:00.000Z
10562660,HZ309721,080XX S PRINCETON AVE,1310,CRIMINAL DAMAGE,TO PROPERTY,RESIDENCE-GARAGE,false,false,623,6,17,44,14,1175682,1851634,2016,06/23/2016 03:48:09 PM,41.748250843,-87.631814662,"(41.748250843, -87.631814662)",2016-06-17T00:45:00.000Z
10563183,HZ309727,096XX S UNIVERSITY AVE,0430,BATTERY,AGGRAVATED: OTHER DANG WEAPON,SIDEWALK,false,true,511,5,8,50,04B,1185568,1841249,2016,06/23/2016 03:48:09 PM,41.71952639,-87.595915445,"(41.71952639, -87.595915445)",2016-06-17T00:50:00.000Z
10563250,HZ310139,027XX N NEVA AVE,0820,THEFT,$500 AND UNDER,RESIDENTIAL YARD (FRONT/BACK),true,false,2512,25,36,18,06,1127953,1917383,2016,09/08/2016 03:45:34 PM,41.929611943,-87.805231923,"(41.929611943, -87.805231923)",2016-06-17T01:00:00.000Z
10582212,HZ331249,094XX S ASHLAND AVE,1153,DECEPTIVE PRACTICE,FINANCIAL IDENTITY THEFT OVER $ 300,BANK,false,false,2221,22,21,73,11,1167325,1842212,2016,07/04/2016 03:55:03 PM,41.722578383,-87.662706548,"(41.722578383, -87.662706548)",2016-06-17T01:00:00.000Z
10570657,HZ317227,089XX S BUFFALO AVE,0890,THEFT,FROM BUILDING,"SCHOOL, PUBLIC, BUILDING",false,false,424,4,10,46,06,1199596,1846366,2016,06/27/2016 03:50:03 PM,41.733226633,-87.544364336,"(41.733226633, -87.544364336)",2016-06-17T01:00:00.000Z
10568367,HZ316243,052XX S DAMEN AVE,0890,THEFT,FROM BUILDING,RESIDENCE,false,false,932,9,16,61,06,1163914,1869776,2016,06/23/2016 03:48:09 PM,41.798290139,-87.674427324,"(41.798290139, -87.674427324)",2016-06-17T01:00:00.000Z
10564045,HZ311031,066XX S MORGAN ST,0890,THEFT,FROM BUILDING,APARTMENT,false,false,723,7,17,68,06,1170786,1860853,2016,06/23/2016 03:48:09 PM,41.773657088,-87.649486669,"(41.773657088, -87.649486669)",2016-06-17T01:00:00.000Z
10563678,HZ310737,002XX W 104TH ST,1750,OFFENSE INVOLVING CHILDREN,CHILD ABUSE,"SCHOOL, PUBLIC, BUILDING",false,false,512,5,34,49,20,1176490,1835977,2016,06/23/2016 03:48:09 PM,41.705267858,-87.629323117,"(41.705267858, -87.629323117)",2016-06-17T01:00:00.000Z
10563562,HZ310005,027XX E 89TH ST,0820,THEFT,$500 AND UNDER,"SCHOOL, PUBLIC, GROUNDS",false,false,423,4,7,46,06,1195915,1846487,2016,06/23/2016 03:48:09 PM,41.73365047,-87.557845321,"(41.73365047, -87.557845321)",2016-06-17T01:00:00.000Z
10563510,HZ310472,008XX E 90TH ST,0486,BATTERY,DOMESTIC BATTERY SIMPLE,APARTMENT,true,true,633,6,8,44,08B,1183391,1845481,2016,06/23/2016 03:48:09 PM,41.731190387,-87.603757691,"(41.731190387, -87.603757691)",2016-06-17T01:00:00.000Z
10562952,HZ309843,040XX W LEXINGTON ST,0553,ASSAULT,AGGRAVATED PO: OTHER DANG WEAP,RESIDENCE,true,false,1132,11,24,26,04A,1149630,1896473,2016,06/23/2016 03:48:09 PM,41.871838775,-87.726117926,"(41.871838775, -87.726117926)",2016-06-17T01:00:00.000Z
10562811,HZ309796,011XX S CANAL ST,0890,THEFT,FROM BUILDING,ATHLETIC CLUB,false,false,124,1,2,28,06,1173303,1895451,2016,06/23/2016 03:48:09 PM,41.868541914,-87.639235361,"(41.868541914, -87.639235361)",2016-06-17T01:00:00.000Z
10562685,HZ309728,035XX S RHODES AVE,0810,THEFT,OVER $500,APARTMENT,false,false,212,2,4,35,06,1180162,1881716,2016,06/23/2016 03:48:09 PM,41.830697249,-87.614476891,"(41.830697249, -87.614476891)",2016-06-17T01:00:00.000Z
10571021,HZ318492,037XX W 77TH PL,0820,THEFT,$500 AND UNDER,STREET,false,false,833,8,18,70,06,1152363,1852876,2016,06/27/2016 03:50:03 PM,41.752149046,-87.71723142,"(41.752149046, -87.71723142)",2016-06-17T01:30:00.000Z
10564344,HZ311202,024XX W WARNER AVE,0910,MOTOR VEHICLE THEFT,AUTOMOBILE,STREET,false,false,1911,19,47,5,07,1159403,1927488,2016,06/23/2016 03:48:09 PM,41.956750976,-87.689382185,"(41.956750976, -87.689382185)",2016-06-17T01:30:00.000Z
10562734,HZ309756,006XX E 88TH ST,0460,BATTERY,SIMPLE,STREET,false,false,632,6,6,44,08B,1181970,1846771,2016,06/23/2016 03:48:09 PM,41.734763232,-87.608923509,"(41.734763232, -87.608923509)",2016-06-17T01:30:00.000Z
10562899,HZ309780,011XX N LONG AVE,041A,BATTERY,AGGRAVATED: HANDGUN,SIDEWALK,false,false,1524,15,37,25,04B,1140091,1907244,2016,06/23/2016 03:48:09 PM,41.901575581,-87.760876131,"(41.901575581, -87.760876131)",2016-06-17T01:40:00.000Z
10562783,HZ309778,051XX N WINTHROP AVE,1811,NARCOTICS,POSS: CANNABIS 30GMS OR LESS,"SCHOOL, PUBLIC, BUILDING",true,false,2033,20,48,3,18,1167940,1934412,2016,06/23/2016 03:48:09 PM,41.975570342,-87.657797212,"(41.975570342, -87.657797212)",2016-06-17T01:55:00.000Z
10564684,HZ311588,058XX N PULASKI RD,0560,ASSAULT,SIMPLE,PARK PROPERTY,false,false,1711,17,39,13,08A,1148682,1938093,2016,06/23/2016 03:48:09 PM,41.986066128,-87.728520584,"(41.986066128, -87.728520584)",2016-06-17T02:00:00.000Z
10563745,HZ310826,091XX S COTTAGE GROVE AVE,0890,THEFT,FROM BUILDING,HOTEL/MOTEL,false,false,633,6,6,44,06,1183159,1844621,2016,06/23/2016 03:48:09 PM,41.728835841,-87.604634255,"(41.728835841, -87.604634255)",2016-06-17T02:00:00.000Z
10563317,HZ309954,123XX S YALE AVE,0820,THEFT,$500 AND UNDER,RESIDENCE,false,false,523,5,34,53,06,1176841,1823113,2016,06/23/2016 03:48:09 PM,41.669959233,-87.628423258,"(41.669959233, -87.628423258)",2016-06-17T02:00:00.000Z
10562971,HZ309902,080XX S VINCENNES AVE,4387,OTHER OFFENSE,VIOLATE ORDER OF PROTECTION,RESIDENCE,false,true,621,6,17,44,26,1174860,1851696,2016,06/23/2016 03:48:09 PM,41.748439329,-87.63482489,"(41.748439329, -87.63482489)",2016-06-17T02:00:00.000Z
10562936,HZ309933,101XX S PROSPECT AVE,2826,OTHER OFFENSE,HARASSMENT BY ELECTRONIC MEANS,RESIDENCE,false,false,2213,22,19,72,26,1167462,1837476,2016,06/23/2016 03:48:09 PM,41.709579131,-87.662339927,"(41.709579131, -87.662339927)",2016-06-17T02:00:00.000Z
10563150,HZ309883,079XX S LOWE AVE,0430,BATTERY,AGGRAVATED: OTHER DANG WEAPON,STREET,true,false,621,6,17,71,04B,1173346,1852217,2016,06/23/2016 03:48:09 PM,41.749902613,-87.640357318,"(41.749902613, -87.640357318)",2016-06-17T02:02:00.000Z
10563278,HZ309806,032XX W GEORGE ST,0486,BATTERY,DOMESTIC BATTERY SIMPLE,"SCHOOL, PUBLIC, BUILDING",false,true,1412,14,35,21,08B,1154333,1919117,2016,06/23/2016 03:48:09 PM,41.93388339,-87.708245411,"(41.93388339, -87.708245411)",2016-06-17T02:10:00.000Z
10562901,HZ309832,047XX W 48TH ST,501A,OTHER OFFENSE,ANIMAL ABUSE/NEGLECT,STREET,true,false,815,8,23,56,26,1145674,1872388,2016,06/23/2016 03:48:09 PM,41.805822071,-87.741251715,"(41.805822071, -87.741251715)",2016-06-17T02:10:00.000Z
10562931,HZ309893,048XX N MILWAUKEE AVE,0460,BATTERY,SIMPLE,OTHER,true,false,1623,16,45,11,08B,1139794,1931670,2016,06/23/2016 03:48:09 PM,41.968608464,-87.761368487,"(41.968608464, -87.761368487)",2016-06-17T02:12:00.000Z
10563191,HZ309777,120XX S EMERALD AVE,0560,ASSAULT,SIMPLE,STREET,false,true,523,5,34,53,08A,1173478,1824983,2016,06/23/2016 03:48:09 PM,41.675165651,-87.640676424,"(41.675165651, -87.640676424)",2016-06-17T02:20:00.000Z
10563085,HZ309900,076XX N SHERIDAN RD,0820,THEFT,$500 AND UNDER,STREET,false,false,2422,24,49,1,06,1165467,1950780,2016,06/23/2016 03:48:09 PM,42.020537666,-87.666422486,"(42.020537666, -87.666422486)",2016-06-17T02:20:00.000Z
10562847,HZ309842,068XX S MAY ST,1310,CRIMINAL DAMAGE,TO PROPERTY,RESIDENCE,false,false,724,7,17,68,14,1169832,1859399,2016,06/23/2016 03:48:09 PM,41.769687895,-87.653025985,"(41.769687895, -87.653025985)",2016-06-17T02:20:00.000Z
10563295,HZ310187,035XX W ADAMS ST,2820,OTHER OFFENSE,TELEPHONE THREAT,RESIDENCE,false,true,1123,11,28,27,26,1152767,1898843,2016,06/23/2016 03:48:09 PM,41.878280838,-87.71453791,"(41.878280838, -87.71453791)",2016-06-17T02:24:00.000Z
10563331,HZ310133,012XX S TROY ST,0320,ROBBERY,STRONGARM - NO WEAPON,PARKING LOT/GARAGE(NON.RESID.),false,false,1022,10,24,29,03,1155552,1894374,2016,06/23/2016 03:48:09 PM,41.865961882,-87.704432189,"(41.865961882, -87.704432189)",2016-06-17T02:30:00.000Z
10562938,HZ309846,031XX W 54TH PL,1477,WEAPONS VIOLATION,RECKLESS FIREARM DISCHARGE,STREET,false,false,923,9,14,63,15,1156473,1868324,2016,06/23/2016 03:48:09 PM,41.794458926,-87.701754195,"(41.794458926, -87.701754195)",2016-06-17T02:34:00.000Z
10562896,HZ309837,055XX S SPAULDING AVE,1310,CRIMINAL DAMAGE,TO PROPERTY,APARTMENT,false,false,822,8,14,63,14,1155326,1867631,2016,06/23/2016 03:48:09 PM,41.792580283,-87.705978794,"(41.792580283, -87.705978794)",2016-06-17T02:35:00.000Z
10563152,HZ309946,0000X W RANDOLPH ST,1121,DECEPTIVE PRACTICE,COUNTERFEITING DOCUMENT,RESTAURANT,false,false,111,1,42,32,10,1176046,1901283,2016,06/23/2016 03:48:09 PM,41.884483968,-87.628989611,"(41.884483968, -87.628989611)",2016-06-17T02:50:00.000Z
10563013,HZ309862,039XX W FULLERTON AVE,0860,THEFT,RETAIL THEFT,DEPARTMENT STORE,true,false,2524,25,30,22,06,1149803,1915668,2016,06/23/2016 03:48:09 PM,41.924508458,-87.72498305,"(41.924508458, -87.72498305)",2016-06-17T02:50:00.000Z
10563038,HZ309871,081XX S EAST END AVE,0560,ASSAULT,SIMPLE,SIDEWALK,false,false,414,4,8,45,08A,1189016,1851194,2016,06/23/2016 03:48:09 PM,41.746734732,-87.582969064,"(41.746734732, -87.582969064)",2016-06-17T02:55:00.000Z
10576059,HZ324408,007XX W 77TH ST,0610,BURGLARY,FORCIBLE ENTRY,APARTMENT,false,false,621,6,17,71,05,1172503,1853804,2016,06/30/2016 03:48:43 PM,41.754276134,-87.643399792,"(41.754276134, -87.643399792)",2016-06-17T03:00:00.000Z
10568846,HZ316899,032XX N HARLEM AVE,2826,OTHER OFFENSE,HARASSMENT BY ELECTRONIC MEANS,OTHER,false,false,1631,16,36,17,26,1127515,1920655,2016,06/23/2016 03:48:09 PM,41.938598108,-87.806767636,"(41.938598108, -87.806767636)",2016-06-17T03:00:00.000Z
10564188,HZ311035,017XX S MILLER ST,0560,ASSAULT,SIMPLE,"SCHOOL, PUBLIC, BUILDING",false,false,1235,12,25,31,08A,1169798,1891838,2016,06/23/2016 03:48:09 PM,41.858704603,-87.65220813,"(41.858704603, -87.65220813)",2016-06-17T03:00:00.000Z
10563124,HZ310075,058XX S DR MARTIN LUTHER KING JR DR,0530,ASSAULT,AGGRAVATED: OTHER DANG WEAPON,RESIDENCE,false,false,232,2,20,40,04A,1179922,1866372,2016,06/23/2016 03:48:09 PM,41.788597534,-87.615827471,"(41.788597534, -87.615827471)",2016-06-17T03:00:00.000Z
10563036,HZ309945,087XX S HERMITAGE AVE,0560,ASSAULT,SIMPLE,RESIDENCE,false,true,2221,22,21,71,08A,1166202,1846767,2016,06/23/2016 03:48:09 PM,41.73510193,-87.666690752,"(41.73510193, -87.666690752)",2016-06-17T03:00:00.000Z
10562976,HZ309974,064XX S ASHLAND AVE,1320,CRIMINAL DAMAGE,TO VEHICLE,STREET,false,false,725,7,17,67,14,1166776,1862024,2016,06/23/2016 03:48:09 PM,41.776957021,-87.664153071,"(41.776957021, -87.664153071)",2016-06-17T03:00:00.000Z
10562888,HZ309859,003XX W SUPERIOR ST,1305,CRIMINAL DAMAGE,CRIMINAL DEFACEMENT,RESTAURANT,false,false,1831,18,42,8,14,1173915,1905302,2016,06/23/2016 03:48:09 PM,41.895560065,-87.636695028,"(41.895560065, -87.636695028)",2016-06-17T03:00:00.000Z
10563015,HZ309877,017XX N KOSTNER AVE,0860,THEFT,RETAIL THEFT,DEPARTMENT STORE,false,false,2533,25,31,23,06,1146787,1911143,2016,06/23/2016 03:48:09 PM,41.912149595,-87.736181,"(41.912149595, -87.736181)",2016-06-17T03:03:00.000Z
10563835,HZ310849,048XX W WABANSIA AVE,1310,CRIMINAL DAMAGE,TO PROPERTY,RESIDENCE,false,true,2533,25,37,25,14,1143656,1910861,2016,06/23/2016 03:48:09 PM,41.911434999,-87.747690616,"(41.911434999, -87.747690616)",2016-06-17T03:05:00.000Z
10563004,HZ309968,035XX W HURON ST,1811,NARCOTICS,POSS: CANNABIS 30GMS OR LESS,SIDEWALK,true,false,1121,11,27,23,18,1152804,1904443,2016,06/23/2016 03:48:09 PM,41.89364708,-87.714253714,"(41.89364708, -87.714253714)",2016-06-17T03:12:00.000Z
10562878,HZ309884,0000X S LEAMINGTON AVE,1811,NARCOTICS,POSS: CANNABIS 30GMS OR LESS,STREET,true,false,1533,15,28,25,18,1142140,1899421,2016,06/23/2016 03:48:09 PM,41.880070565,-87.753543987,"(41.880070565, -87.753543987)",2016-06-17T03:15:00.000Z
10562941,HZ309878,121XX S HALSTED ST,1821,NARCOTICS,MANU/DEL:CANNABIS 10GM OR LESS,STREET,true,false,524,5,34,53,18,1173190,1824256,2016,06/23/2016 03:48:09 PM,41.673176992,-87.641751912,"(41.673176992, -87.641751912)",2016-06-17T03:20:00.000Z
10566469,HZ314193,008XX N LAWNDALE AVE,0610,BURGLARY,FORCIBLE ENTRY,RESIDENCE,false,false,1112,11,27,23,05,1151567,1905334,2016,06/23/2016 03:48:09 PM,41.896116476,-87.718773382,"(41.896116476, -87.718773382)",2016-06-17T03:30:00.000Z
10563390,HZ310310,034XX S HALSTED ST,0810,THEFT,OVER $500,APARTMENT,false,false,913,9,11,60,06,1171535,1881894,2016,06/23/2016 03:48:09 PM,41.831379434,-87.646124318,"(41.831379434, -87.646124318)",2016-06-17T03:30:00.000Z
10563344,HZ309944,048XX S PULASKI RD,031A,ROBBERY,ARMED: HANDGUN,STREET,false,false,815,8,14,57,03,1150515,1872157,2016,06/23/2016 03:48:09 PM,41.805095287,-87.723502542,"(41.805095287, -87.723502542)",2016-06-17T03:30:00.000Z
10563329,HZ310198,010XX W PERSHING RD,1320,CRIMINAL DAMAGE,TO VEHICLE,STREET,false,false,915,9,11,60,14,1170122,1878970,2016,06/23/2016 03:48:09 PM,41.823386598,-87.651393874,"(41.823386598, -87.651393874)",2016-06-17T03:30:00.000Z
10562926,HZ309919,032XX N LAWNDALE AVE,2820,OTHER OFFENSE,TELEPHONE THREAT,APARTMENT,false,false,1732,17,35,21,26,1151153,1921341,2016,06/23/2016 03:48:09 PM,41.940049254,-87.719873387,"(41.940049254, -87.719873387)",2016-06-17T03:30:00.000Z
10563098,HZ309923,008XX N PAULINA ST,0460,BATTERY,SIMPLE,STREET,false,false,1213,12,1,24,08B,1164910,1905690,2016,06/23/2016 03:48:09 PM,41.896820642,-87.669757118,"(41.896820642, -87.669757118)",2016-06-17T03:40:00.000Z
10563040,HZ310030,103XX S ELIZABETH ST,0430,BATTERY,AGGRAVATED: OTHER DANG WEAPON,"SCHOOL, PUBLIC, BUILDING",true,false,2232,22,21,73,04B,1169846,1836216,2016,06/23/2016 03:48:09 PM,41.706070186,-87.653645803,"(41.706070186, -87.653645803)",2016-06-17T03:40:00.000Z
10563261,HZ310058,062XX S STONY ISLAND AVE,0470,PUBLIC PEACE VIOLATION,RECKLESS CONDUCT,"SCHOOL, PUBLIC, BUILDING",true,false,314,3,5,42,24,1187940,1864073,2016,06/23/2016 03:48:09 PM,41.78210152,-87.586502002,"(41.78210152, -87.586502002)",2016-06-17T03:45:00.000Z
10563327,HZ310024,039XX W FERDINAND ST,041A,BATTERY,AGGRAVATED: HANDGUN,STREET,false,false,1122,11,27,23,04B,1150217,1903053,2016,06/23/2016 03:48:09 PM,41.889883603,-87.723791212,"(41.889883603, -87.723791212)",2016-06-17T03:47:00.000Z
10563112,HZ310011,001XX N STATE ST,1310,CRIMINAL DAMAGE,TO PROPERTY,DEPARTMENT STORE,false,false,111,1,42,32,14,1176338,1901346,2016,06/23/2016 03:48:09 PM,41.884650262,-87.627915459,"(41.884650262, -87.627915459)",2016-06-17T03:47:00.000Z
10563612,HZ309994,072XX S COLES AVE,0820,THEFT,$500 AND UNDER,RESIDENCE PORCH/HALLWAY,false,false,334,3,7,43,06,1194354,1857791,2016,06/23/2016 03:48:09 PM,41.764708006,-87.563193271,"(41.764708006, -87.563193271)",2016-06-17T03:57:00.000Z
10563343,HZ310071,013XX S TALMAN AVE,0470,PUBLIC PEACE VIOLATION,RECKLESS CONDUCT,STREET,true,false,1023,10,28,29,24,1158928,1893659,2016,06/23/2016 03:48:09 PM,41.863931314,-87.692058227,"(41.863931314, -87.692058227)",2016-06-17T03:59:00.000Z
10597546,HZ348680,057XX S LOWE AVE,1150,DECEPTIVE PRACTICE,CREDIT CARD FRAUD,RESIDENCE,false,false,711,7,3,68,11,"","",2016,07/15/2016 03:49:41 PM,"","","",2016-06-17T16:00:00.000Z
10594469,HZ345823,009XX E 101ST ST,1153,DECEPTIVE PRACTICE,FINANCIAL IDENTITY THEFT OVER $ 300,RESIDENCE,false,false,511,5,8,50,11,1184491,1838015,2016,07/14/2016 03:47:37 PM,41.710677155,-87.599961024,"(41.710677155, -87.599961024)",2016-06-17T16:00:00.000Z
10566740,HZ314736,005XX N LONG AVE,1320,CRIMINAL DAMAGE,TO VEHICLE,RESIDENTIAL YARD (FRONT/BACK),false,false,1523,15,37,25,14,1140239,1902846,2016,06/23/2016 03:48:09 PM,41.889504226,-87.76044037,"(41.889504226, -87.76044037)",2016-06-17T16:00:00.000Z
10563613,HZ310670,084XX S BUFFALO AVE,0486,BATTERY,DOMESTIC BATTERY SIMPLE,STREET,false,true,424,4,10,46,08B,1199608,1849575,2016,06/23/2016 03:48:09 PM,41.742032062,-87.544212581,"(41.742032062, -87.544212581)",2016-06-17T16:00:00.000Z
10563573,HZ310614,016XX N MASON AVE,2826,OTHER OFFENSE,HARASSMENT BY ELECTRONIC MEANS,RESIDENCE,false,true,2531,25,29,25,26,1136498,1910381,2016,06/23/2016 03:48:09 PM,41.910248927,-87.773998699,"(41.910248927, -87.773998699)",2016-06-17T16:00:00.000Z
10563422,HZ310436,002XX S WACKER DR,0810,THEFT,OVER $500,SIDEWALK,false,false,122,1,2,32,06,1173895,1899278,2016,06/23/2016 03:48:09 PM,41.879030298,-87.636948032,"(41.879030298, -87.636948032)",2016-06-17T16:00:00.000Z
10563341,HZ310196,104XX S MARYLAND AVE,0870,THEFT,POCKET-PICKING,SIDEWALK,false,false,512,5,9,50,06,1183748,1836011,2016,06/23/2016 03:48:09 PM,41.705195261,-87.602744276,"(41.705195261, -87.602744276)",2016-06-17T16:00:00.000Z
10563301,HZ310215,0000X E JACKSON BLVD,0890,THEFT,FROM BUILDING,RESTAURANT,false,false,113,1,42,32,06,1177049,1899024,2016,06/23/2016 03:48:09 PM,41.878262498,-87.625374936,"(41.878262498, -87.625374936)",2016-06-17T16:00:00.000Z
10563194,HZ309958,008XX S DAMEN AVE,0486,BATTERY,DOMESTIC BATTERY SIMPLE,GOVERNMENT BUILDING/PROPERTY,false,true,1225,12,2,28,08B,1163182,1896278,2016,06/23/2016 03:48:09 PM,41.87102983,-87.676368411,"(41.87102983, -87.676368411)",2016-06-17T16:00:00.000Z
10563059,HZ309964,040XX W FOSTER AVE,0860,THEFT,RETAIL THEFT,GROCERY FOOD STORE,true,false,1712,17,39,13,06,1148424,1934247,2016,06/23/2016 03:48:09 PM,41.97551745,-87.729569215,"(41.97551745, -87.729569215)",2016-06-17T16:00:00.000Z
10562956,HZ309957,032XX W 47TH ST,0890,THEFT,FROM BUILDING,CURRENCY EXCHANGE,false,false,821,8,14,58,06,1155596,1873292,2016,06/23/2016 03:48:09 PM,41.808109441,-87.704836952,"(41.808109441, -87.704836952)",2016-06-17T16:00:00.000Z
10563066,HZ310017,023XX S MILLARD AVE,0560,ASSAULT,SIMPLE,"SCHOOL, PUBLIC, BUILDING",false,false,1013,10,22,30,08A,1152407,1888161,2016,06/23/2016 03:48:09 PM,41.848975326,-87.71614173,"(41.848975326, -87.71614173)",2016-06-17T16:05:00.000Z
10565402,HZ311468,005XX E 32ND ST,0486,BATTERY,DOMESTIC BATTERY SIMPLE,APARTMENT,false,true,211,2,4,35,08B,1180539,1883677,2016,06/23/2016 03:48:09 PM,41.836069707,-87.613033345,"(41.836069707, -87.613033345)",2016-06-17T16:09:00.000Z
10563034,HZ309982,007XX E 42ND ST,1320,CRIMINAL DAMAGE,TO VEHICLE,STREET,false,true,214,2,4,38,14,1181889,1877313,2016,06/23/2016 03:48:09 PM,41.818575268,-87.60827686,"(41.818575268, -87.60827686)",2016-06-17T16:10:00.000Z
10563225,HZ310140,041XX W 15TH ST,0820,THEFT,$500 AND UNDER,APARTMENT,false,false,1011,10,24,29,06,1149105,1892392,2016,06/23/2016 03:48:09 PM,41.8606502,-87.728151056,"(41.8606502, -87.728151056)",2016-06-17T16:15:00.000Z
10565949,HZ310181,023XX E 72ND ST,0820,THEFT,$500 AND UNDER,ALLEY,false,false,334,3,7,43,06,1193208,1857678,2016,06/23/2016 03:48:09 PM,41.764426005,-87.56739728,"(41.764426005, -87.56739728)",2016-06-17T16:18:00.000Z
10563308,HZ310227,0000X W VAN BUREN ST,0870,THEFT,POCKET-PICKING,CTA PLATFORM,false,false,113,1,2,32,06,1176359,1898527,2016,06/23/2016 03:48:09 PM,41.876914292,-87.62792343,"(41.876914292, -87.62792343)",2016-06-17T16:20:00.000Z
10563156,HZ310012,002XX S MICHIGAN AVE,0460,BATTERY,SIMPLE,STREET,false,false,113,1,42,32,08B,1177326,1899381,2016,06/23/2016 03:48:09 PM,41.879235852,-87.624347038,"(41.879235852, -87.624347038)",2016-06-17T16:20:00.000Z
10563412,HZ310082,036XX W LEXINGTON ST,0454,BATTERY,AGG PO HANDS NO/MIN INJURY,STREET,true,false,1133,11,24,27,08B,1152264,1896453,2016,06/23/2016 03:48:09 PM,41.871732355,-87.716447897,"(41.871732355, -87.716447897)",2016-06-17T16:25:00.000Z
10563283,HZ310142,096XX S MICHIGAN AVE,0460,BATTERY,SIMPLE,"SCHOOL, PUBLIC, BUILDING",true,false,511,5,6,49,08B,1178850,1841009,2016,06/23/2016 03:48:09 PM,41.71902307,-87.620528559,"(41.71902307, -87.620528559)",2016-06-17T16:28:00.000Z
10563241,HZ310150,096XX S MICHIGAN AVE,0460,BATTERY,SIMPLE,"SCHOOL, PUBLIC, BUILDING",true,false,511,5,6,49,08B,1178850,1841009,2016,06/23/2016 03:48:09 PM,41.71902307,-87.620528559,"(41.71902307, -87.620528559)",2016-06-17T16:28:00.000Z
10563398,HZ310009,059XX S LOOMIS BLVD,1310,CRIMINAL DAMAGE,TO PROPERTY,RESIDENCE,false,true,713,7,16,67,14,1168013,1865387,2016,06/23/2016 03:48:09 PM,41.786159003,-87.659521651,"(41.786159003, -87.659521651)",2016-06-17T16:30:00.000Z
10563288,HZ310064,019XX E 75TH ST,0484,BATTERY,PRO EMP HANDS NO/MIN INJURY,"SCHOOL, PUBLIC, BUILDING",false,false,414,4,8,43,08B,1190650,1855630,2016,06/23/2016 03:48:09 PM,41.758868246,-87.576838856,"(41.758868246, -87.576838856)",2016-06-17T16:30:00.000Z
10563049,HZ310007,133XX S BRAINARD AVE,0560,ASSAULT,SIMPLE,PARKING LOT/GARAGE(NON.RESID.),false,false,433,4,10,55,08A,1197792,1817144,2016,06/23/2016 03:48:09 PM,41.653083749,-87.55194424,"(41.653083749, -87.55194424)",2016-06-17T16:30:00.000Z
10563032,HZ310039,038XX W 84TH ST,0486,BATTERY,DOMESTIC BATTERY SIMPLE,RESIDENCE,false,true,834,8,18,70,08B,1152311,1848600,2016,06/23/2016 03:48:09 PM,41.740415992,-87.717534121,"(41.740415992, -87.717534121)",2016-06-17T16:30:00.000Z
10563415,HZ310382,046XX W PALMER ST,2820,OTHER OFFENSE,TELEPHONE THREAT,RESIDENCE,false,false,2522,25,31,19,26,1145187,1914226,2016,06/23/2016 03:48:09 PM,41.920640079,-87.741980915,"(41.920640079, -87.741980915)",2016-06-17T16:37:00.000Z
10563035,HZ310041,007XX W 111TH ST,1330,CRIMINAL TRESPASS,TO LAND,GAS STATION,true,false,2233,22,34,49,26,1173202,1831248,2016,06/23/2016 03:48:09 PM,41.692363894,-87.64150249,"(41.692363894, -87.64150249)",2016-06-17T16:39:00.000Z
10563348,HZ310135,047XX S SEELEY AVE,4386,OTHER OFFENSE,VIOLATION OF CIVIL NO CONTACT ORDER,RESIDENCE,false,false,931,9,12,61,26,1163492,1873185,2016,06/23/2016 03:48:09 PM,41.807653717,-87.675879259,"(41.807653717, -87.675879259)",2016-06-17T16:47:00.000Z
10597402,HZ310163,072XX S MAY ST,143A,WEAPONS VIOLATION,UNLAWFUL POSS OF HANDGUN,SIDEWALK,false,false,733,7,17,68,15,"","",2016,12/29/2016 03:52:46 PM,"","","",2016-06-17T05:00:00.000Z
10596491,HZ346940,057XX N CHRISTIANA AVE,1153,DECEPTIVE PRACTICE,FINANCIAL IDENTITY THEFT OVER $ 300,"",false,false,1711,17,39,13,11,"","",2016,07/14/2016 03:51:03 PM,"","","",2016-06-17T05:00:00.000Z
10563095,HZ310062,027XX S TRIPP AVE,0910,MOTOR VEHICLE THEFT,AUTOMOBILE,RESIDENCE-GARAGE,true,false,1031,10,22,30,07,1148499,1885387,2016,06/28/2016 03:50:02 PM,41.841439287,-87.73055606,"(41.841439287, -87.73055606)",2016-06-17T05:00:00.000Z
10572627,HZ320191,011XX W GRANVILLE AVE,0870,THEFT,POCKET-PICKING,CTA BUS,false,false,2433,24,48,77,06,1167543,1941332,2016,06/27/2016 03:50:03 PM,41.994567578,-87.65905678,"(41.994567578, -87.65905678)",2016-06-17T05:00:00.000Z
10566806,HZ314794,066XX S GREENWOOD AVE,0810,THEFT,OVER $500,APARTMENT,false,true,321,3,5,42,06,1184363,1861141,2016,06/23/2016 03:48:09 PM,41.774140355,-87.599707766,"(41.774140355, -87.599707766)",2016-06-17T05:00:00.000Z
10565866,HZ312826,006XX W DIVERSEY PKWY,1154,DECEPTIVE PRACTICE,FINANCIAL IDENTITY THEFT $300 AND UNDER,"",false,false,1934,19,44,6,11,1171738,1918860,2016,06/23/2016 03:48:09 PM,41.932812132,-87.64429052,"(41.932812132, -87.64429052)",2016-06-17T05:00:00.000Z
10563360,HZ310161,017XX W 63RD ST,0820,THEFT,$500 AND UNDER,LIBRARY,false,false,725,7,15,67,06,1165634,1862903,2016,06/23/2016 03:48:09 PM,41.779393421,-87.668314701,"(41.779393421, -87.668314701)",2016-06-17T05:00:00.000Z
10563224,HZ310055,081XX S COLFAX AVE,1310,CRIMINAL DAMAGE,TO PROPERTY,RESIDENCE,false,false,422,4,7,46,14,1194925,1851452,2016,06/23/2016 03:48:09 PM,41.747299263,-87.561308941,"(41.747299263, -87.561308941)",2016-06-17T05:08:00.000Z
22554,HZ300630,053XX S PRINCETON AVE,0110,HOMICIDE,FIRST DEGREE MURDER,STREET,true,false,935,9,3,37,01A,1175195,1869474,2016,01/05/2017 03:52:33 PM,41.797216684,-87.633066906,"(41.797216684, -87.633066906)",2016-06-17T05:09:00.000Z
10563345,HZ310090,033XX W 62ND ST,2820,OTHER OFFENSE,TELEPHONE THREAT,RESIDENCE,false,true,823,8,15,66,26,1155102,1863315,2016,06/23/2016 03:48:09 PM,41.78074103,-87.706915484,"(41.78074103, -87.706915484)",2016-06-17T05:11:00.000Z
10563287,HZ310087,022XX W RACE AVE,0460,BATTERY,SIMPLE,RESIDENCE,true,false,1221,12,26,24,08B,1161371,1903705,2016,06/23/2016 03:48:09 PM,41.891448015,-87.68281056,"(41.891448015, -87.68281056)",2016-06-17T05:14:00.000Z
10563848,HZ310118,088XX S MAY ST,0320,ROBBERY,STRONGARM - NO WEAPON,ALLEY,true,false,2222,22,21,71,03,1170199,1846287,2016,08/13/2016 03:49:28 PM,41.733698851,-87.6520613,"(41.733698851, -87.6520613)",2016-06-17T05:15:00.000Z
10563297,HZ310189,002XX W MONROE ST,0890,THEFT,FROM BUILDING,RESTAURANT,false,false,122,1,2,32,06,1174585,1899875,2016,06/23/2016 03:48:09 PM,41.880653112,-87.634396649,"(41.880653112, -87.634396649)",2016-06-17T05:15:00.000Z
10563204,HZ310111,028XX W 84TH ST,2093,NARCOTICS,FOUND SUSPECT NARCOTICS,STREET,true,false,835,8,18,70,18,1158781,1848882,2016,06/23/2016 03:48:09 PM,41.741060353,-87.693820846,"(41.741060353, -87.693820846)",2016-06-17T05:17:00.000Z
10563409,HZ310290,027XX W THOMAS ST,0610,BURGLARY,FORCIBLE ENTRY,RESIDENCE-GARAGE,true,false,1211,12,1,24,05,1157927,1907204,2016,06/27/2016 03:50:03 PM,41.901120531,-87.695363226,"(41.901120531, -87.695363226)",2016-06-17T05:18:00.000Z
10563330,HZ310137,032XX W MONROE ST,0460,BATTERY,SIMPLE,"SCHOOL, PRIVATE, BUILDING",true,false,1124,11,28,27,08B,1154551,1899349,2016,06/23/2016 03:48:09 PM,41.879633871,-87.707973888,"(41.879633871, -87.707973888)",2016-06-17T05:20:00.000Z
10563232,HZ310117,002XX S MICHIGAN AVE,0890,THEFT,FROM BUILDING,RESTAURANT,false,false,113,1,42,32,06,1177326,1899381,2016,06/23/2016 03:48:09 PM,41.879235852,-87.624347038,"(41.879235852, -87.624347038)",2016-06-17T05:30:00.000Z
10563450,HZ310182,073XX S STEWART AVE,143A,WEAPONS VIOLATION,UNLAWFUL POSS OF HANDGUN,STREET,true,false,731,7,17,69,15,1174894,1856342,2016,06/27/2016 03:50:03 PM,41.76118776,-87.634562027,"(41.76118776, -87.634562027)",2016-06-17T05:38:00.000Z
10563358,HZ310128,079XX S HERMITAGE AVE,0850,THEFT,ATTEMPT THEFT,STREET,true,false,611,6,21,71,06,1166060,1852047,2016,10/04/2016 03:50:48 PM,41.749594037,-87.667061214,"(41.749594037, -87.667061214)",2016-06-17T05:47:00.000Z
10563393,HZ310288,076XX S CICERO AVE,0860,THEFT,RETAIL THEFT,DEPARTMENT STORE,true,false,833,8,13,65,06,1145727,1853720,2016,06/23/2016 03:48:09 PM,41.754592961,-87.741528537,"(41.754592961, -87.741528537)",2016-06-17T05:47:00.000Z
10564669,HZ310174,043XX S SHIELDS AVE,0460,BATTERY,SIMPLE,APARTMENT,false,false,925,9,3,37,08B,1174702,1875965,2016,06/23/2016 03:48:09 PM,41.815039623,-87.634681296,"(41.815039623, -87.634681296)",2016-06-17T05:53:00.000Z
10570979,HZ318819,122XX S LA SALLE ST,2820,OTHER OFFENSE,TELEPHONE THREAT,RESIDENCE,false,true,523,5,9,53,26,1177473,1823851,2016,06/27/2016 03:50:03 PM,41.671970211,-87.626088052,"(41.671970211, -87.626088052)",2016-06-17T06:00:00.000Z
10568949,HZ316895,004XX N LA SALLE DR,0820,THEFT,$500 AND UNDER,SMALL RETAIL STORE,false,false,1831,18,42,8,06,1175059,1903375,2016,06/23/2016 03:48:09 PM,41.890246707,-87.63255123,"(41.890246707, -87.63255123)",2016-06-17T06:00:00.000Z
10564998,HZ311553,060XX W FULLERTON AVE,0910,MOTOR VEHICLE THEFT,AUTOMOBILE,STREET,false,false,2512,25,29,19,07,1135528,1915313,2016,06/23/2016 03:48:09 PM,41.923800223,-87.777444721,"(41.923800223, -87.777444721)",2016-06-17T06:00:00.000Z
10563483,HZ310299,050XX W BLOOMINGDALE AVE,1710,OFFENSE INVOLVING CHILDREN,ENDANGERING LIFE/HEALTH CHILD,RESIDENCE,false,false,2533,25,37,25,20,1142553,1911499,2016,06/23/2016 03:48:09 PM,41.913206335,-87.751726839,"(41.913206335, -87.751726839)",2016-06-17T06:00:00.000Z
10572693,HZ319975,014XX W CERMAK RD,0890,THEFT,FROM BUILDING,"SCHOOL, PUBLIC, BUILDING",false,false,1235,12,25,31,06,1167039,1889518,2016,07/04/2016 03:55:03 PM,41.852397931,-87.662401967,"(41.852397931, -87.662401967)",2016-06-17T06:10:00.000Z
10563337,HZ310172,012XX W 47TH ST,0486,BATTERY,DOMESTIC BATTERY SIMPLE,APARTMENT,true,true,933,9,3,61,08B,1169021,1873620,2016,06/23/2016 03:48:09 PM,41.80872955,-87.655587825,"(41.80872955, -87.655587825)",2016-06-17T06:10:00.000Z
10574995,HZ321490,0000X S WABASH AVE,2820,OTHER OFFENSE,TELEPHONE THREAT,HOTEL/MOTEL,false,false,112,1,42,32,26,1176813,1900276,2016,06/30/2016 03:48:43 PM,41.881703396,-87.626203588,"(41.881703396, -87.626203588)",2016-06-17T06:15:00.000Z
10565847,HZ312875,014XX W CERMAK RD,0890,THEFT,FROM BUILDING,"SCHOOL, PUBLIC, BUILDING",false,false,1235,12,25,31,06,1167039,1889518,2016,06/23/2016 03:48:09 PM,41.852397931,-87.662401967,"(41.852397931, -87.662401967)",2016-06-17T06:15:00.000Z
10563316,HZ310169,042XX S INDIANA AVE,1310,CRIMINAL DAMAGE,TO PROPERTY,RESIDENCE,false,true,213,2,3,38,14,1178307,1876889,2016,06/23/2016 03:48:09 PM,41.817493967,-87.621429649,"(41.817493967, -87.621429649)",2016-06-17T06:17:00.000Z
10563391,HZ310240,044XX W DICKENS AVE,051A,ASSAULT,AGGRAVATED: HANDGUN,STREET,true,false,2522,25,31,20,04A,1146464,1913586,2016,06/23/2016 03:48:09 PM,41.918859596,-87.73730525,"(41.918859596, -87.73730525)",2016-06-17T06:19:00.000Z
10563382,HZ310193,027XX S KOLIN AVE,0320,ROBBERY,STRONGARM - NO WEAPON,STREET,false,false,1031,10,22,30,03,1147832,1885527,2016,06/23/2016 03:48:09 PM,41.841836285,-87.733000162,"(41.841836285, -87.733000162)",2016-06-17T06:25:00.000Z
10563698,HZ310747,011XX S DELANO CT W,0860,THEFT,RETAIL THEFT,SMALL RETAIL STORE,false,false,123,1,2,32,06,1175107,1895288,2016,06/23/2016 03:48:09 PM,41.868054413,-87.632617432,"(41.868054413, -87.632617432)",2016-06-17T06:30:00.000Z
10563542,HZ310268,015XX E 87TH ST,0860,THEFT,RETAIL THEFT,SMALL RETAIL STORE,false,false,412,4,8,48,06,1187837,1847595,2016,06/23/2016 03:48:09 PM,41.736886852,-87.587403463,"(41.736886852, -87.587403463)",2016-06-17T06:30:00.000Z
10563618,HZ310213,001XX E CHICAGO AVE,0860,THEFT,RETAIL THEFT,DEPARTMENT STORE,false,false,1833,18,42,8,06,1177003,1905748,2016,06/23/2016 03:48:09 PM,41.896714548,-87.625340136,"(41.896714548, -87.625340136)",2016-06-17T06:35:00.000Z
10563379,HZ310216,048XX W MONROE ST,031A,ROBBERY,ARMED: HANDGUN,ALLEY,false,false,1533,15,28,25,03,1144165,1899224,2016,06/23/2016 03:48:09 PM,41.879492192,-87.746113289,"(41.879492192, -87.746113289)",2016-06-17T06:45:00.000Z
10563639,HZ310225,034XX S DR MARTIN LUTHER KING JR DR,2825,OTHER OFFENSE,HARASSMENT BY TELEPHONE,SMALL RETAIL STORE,false,false,211,2,2,35,26,1179381,1882139,2016,06/23/2016 03:48:09 PM,41.831875891,-87.617329448,"(41.831875891, -87.617329448)",2016-06-17T06:50:00.000Z
10563396,HZ310279,030XX W WALNUT ST,2092,NARCOTICS,SOLICIT NARCOTICS ON PUBLICWAY,SIDEWALK,true,false,1222,12,2,27,18,1156000,1901476,2016,06/23/2016 03:48:09 PM,41.885441472,-87.702595949,"(41.885441472, -87.702595949)",2016-06-17T06:55:00.000Z
10565767,HZ313272,044XX S LAVERGNE AVE,0910,MOTOR VEHICLE THEFT,AUTOMOBILE,RESIDENCE,false,false,814,8,23,56,07,1143776,1874521,2016,06/23/2016 03:48:09 PM,41.811711026,-87.748159706,"(41.811711026, -87.748159706)",2016-06-17T07:00:00.000Z
10564281,HZ311119,008XX W WAVELAND AVE,1541,OBSCENITY,SALE/DIST OBSCENE MAT TO MINOR,"SCHOOL, PUBLIC, BUILDING",true,false,1923,19,44,6,17,1169929,1924781,2016,06/23/2016 03:48:09 PM,41.949099305,-87.650765114,"(41.949099305, -87.650765114)",2016-06-17T07:00:00.000Z
10563401,HZ310306,009XX E 133RD PL,0460,BATTERY,SIMPLE,"SCHOOL, PUBLIC, GROUNDS",true,false,533,5,9,54,08B,1184674,1817270,2016,06/23/2016 03:48:09 PM,41.653745791,-87.599937561,"(41.653745791, -87.599937561)",2016-06-17T07:06:00.000Z
10563305,HZ310246,034XX W LAKE ST,0820,THEFT,$500 AND UNDER,CTA PLATFORM,false,false,1123,11,28,27,06,1153515,1901177,2016,06/23/2016 03:48:09 PM,41.884670744,-87.711729333,"(41.884670744, -87.711729333)",2016-06-17T07:08:00.000Z
10564245,HZ311163,020XX N CALIFORNIA AVE,0620,BURGLARY,UNLAWFUL ENTRY,APARTMENT,false,false,1431,14,1,22,05,1157381,1913225,2016,06/23/2016 03:48:09 PM,41.917653775,-87.697204719,"(41.917653775, -87.697204719)",2016-06-17T07:09:00.000Z
10565786,HZ310494,090XX S COMMERCIAL AVE,0320,ROBBERY,STRONGARM - NO WEAPON,SMALL RETAIL STORE,false,false,424,4,10,46,03,1197716,1845544,2016,06/23/2016 03:48:09 PM,41.731018083,-87.551278884,"(41.731018083, -87.551278884)",2016-06-17T07:10:00.000Z
10564672,HZ311566,012XX N MILWAUKEE AVE,0860,THEFT,RETAIL THEFT,SMALL RETAIL STORE,false,false,1424,14,1,24,06,1165109,1908650,2016,06/23/2016 03:48:09 PM,41.904938866,-87.66894203,"(41.904938866, -87.66894203)",2016-06-17T07:10:00.000Z
10563636,HZ310263,034XX S INDIANA AVE,0810,THEFT,OVER $500,SIDEWALK,false,false,211,2,3,35,06,1178168,1882126,2016,06/23/2016 03:48:09 PM,41.831867875,-87.621780433,"(41.831867875, -87.621780433)",2016-06-17T07:15:00.000Z
10563392,HZ310262,036XX N CENTRAL AVE,0860,THEFT,RETAIL THEFT,DRUG STORE,false,false,1633,16,38,15,06,1138378,1923543,2016,06/23/2016 03:48:09 PM,41.946333032,-87.766772709,"(41.946333032, -87.766772709)",2016-06-17T07:15:00.000Z
10563365,HZ310256,063XX S COTTAGE GROVE AVE,0870,THEFT,POCKET-PICKING,CTA PLATFORM,false,false,312,3,20,42,06,1182650,1863246,2016,06/23/2016 03:48:09 PM,41.7799566,-87.605921959,"(41.7799566, -87.605921959)",2016-06-17T07:15:00.000Z
10563426,HZ310460,001XX W CONGRESS PKWY,1150,DECEPTIVE PRACTICE,CREDIT CARD FRAUD,CTA PLATFORM,false,false,122,1,2,32,11,1175138,1898034,2016,06/23/2016 03:48:09 PM,41.875588919,-87.632421308,"(41.875588919, -87.632421308)",2016-06-17T07:23:00.000Z
10563640,HZ310385,035XX S RHODES AVE,0486,BATTERY,DOMESTIC BATTERY SIMPLE,APARTMENT,false,true,212,2,4,35,08B,1180172,1881335,2016,06/23/2016 03:48:09 PM,41.829651528,-87.614451899,"(41.829651528, -87.614451899)",2016-06-17T07:30:00.000Z
10563487,HZ310425,024XX N CANNON DR,0810,THEFT,OVER $500,PARK PROPERTY,false,false,1935,19,43,7,06,1174573,1916520,2016,06/23/2016 03:48:09 PM,41.92632809,-87.633942415,"(41.92632809, -87.633942415)",2016-06-17T07:30:00.000Z
10563381,HZ310294,053XX W LEXINGTON ST,0890,THEFT,FROM BUILDING,GOVERNMENT BUILDING/PROPERTY,false,false,1522,15,29,25,06,1141004,1896112,2016,06/23/2016 03:48:09 PM,41.871011224,-87.757796773,"(41.871011224, -87.757796773)",2016-06-17T07:30:00.000Z
10563435,HZ310280,084XX S MAY ST,0560,ASSAULT,SIMPLE,RESIDENCE,false,true,613,6,21,71,08A,1170123,1848897,2016,06/23/2016 03:48:09 PM,41.740862707,-87.652264058,"(41.740862707, -87.652264058)",2016-06-17T07:33:00.000Z
10564393,HZ311177,024XX S STATE ST,0460,BATTERY,SIMPLE,PARK PROPERTY,false,false,131,1,3,33,08B,1176697,1888303,2016,06/23/2016 03:48:09 PM,41.848851341,-87.626991263,"(41.848851341, -87.626991263)",2016-06-17T07:40:00.000Z
10563557,HZ310350,024XX W ARMITAGE AVE,0460,BATTERY,SIMPLE,ALLEY,false,false,1434,14,1,22,08B,1159572,1913207,2016,06/23/2016 03:48:09 PM,41.917559503,-87.689155396,"(41.917559503, -87.689155396)",2016-06-17T07:40:00.000Z
10563408,HZ310340,004XX S STATE ST,1536,PUBLIC INDECENCY,LICENSED PREMISE,LIBRARY,true,false,113,1,2,32,17,1176436,1898416,2016,06/23/2016 03:48:09 PM,41.876607964,-87.627644063,"(41.876607964, -87.627644063)",2016-06-17T07:40:00.000Z
10563492,HZ310360,042XX W 25TH ST,1330,CRIMINAL TRESPASS,TO LAND,RESIDENCE-GARAGE,true,false,1013,10,22,30,26,1148614,1887051,2016,08/08/2016 03:55:14 PM,41.846003305,-87.730091153,"(41.846003305, -87.730091153)",2016-06-17T07:45:00.000Z
10563400,HZ310321,081XX S ELLIS AVE,1811,NARCOTICS,POSS: CANNABIS 30GMS OR LESS,RESIDENTIAL YARD (FRONT/BACK),true,false,631,6,8,44,18,1184308,1851297,2016,06/23/2016 03:48:09 PM,41.747128743,-87.600216921,"(41.747128743, -87.600216921)",2016-06-17T07:45:00.000Z
10563369,HZ310315,052XX W CRYSTAL ST,0460,BATTERY,SIMPLE,SIDEWALK,false,false,2532,25,37,25,08B,1141233,1907824,2016,06/23/2016 03:48:09 PM,41.90314618,-87.756667059,"(41.90314618, -87.756667059)",2016-06-17T07:45:00.000Z
10563473,HZ310309,004XX W SUPERIOR ST,0560,ASSAULT,SIMPLE,OTHER,false,true,1831,18,42,8,08A,1173308,1905286,2016,06/23/2016 03:48:09 PM,41.895529663,-87.638924852,"(41.895529663, -87.638924852)",2016-06-17T07:55:00.000Z
10602759,HZ354652,007XX N DEARBORN ST,2826,OTHER OFFENSE,HARASSMENT BY ELECTRONIC MEANS,OTHER,false,false,1832,18,42,8,26,"","",2016,07/19/2016 04:00:08 PM,"","","",2016-06-17T08:00:00.000Z
10565529,HZ312907,016XX W MADISON ST,0820,THEFT,$500 AND UNDER,RESIDENCE,false,false,1224,12,2,28,06,1165476,1900090,2016,06/23/2016 03:48:09 PM,41.881441785,-87.667837814,"(41.881441785, -87.667837814)",2016-06-17T08:00:00.000Z
10565078,HZ311485,016XX W SUPERIOR ST,5002,OTHER OFFENSE,OTHER VEHICLE OFFENSE,PARKING LOT/GARAGE(NON.RESID.),false,false,1215,12,1,24,26,1165347,1905082,2016,06/23/2016 03:48:09 PM,41.895142959,-87.668169405,"(41.895142959, -87.668169405)",2016-06-17T08:00:00.000Z
10564952,HZ311979,100XX S WOODLAWN AVE,0460,BATTERY,SIMPLE,"SCHOOL, PUBLIC, GROUNDS",false,false,511,5,8,50,08B,1186531,1838828,2016,06/23/2016 03:48:09 PM,41.7128602,-87.592464611,"(41.7128602, -87.592464611)",2016-06-17T08:00:00.000Z
10564531,HZ311336,016XX W GRAND AVE,1310,CRIMINAL DAMAGE,TO PROPERTY,APARTMENT,false,false,1215,12,26,24,14,1165519,1903565,2016,06/23/2016 03:48:09 PM,41.890976538,-87.667580926,"(41.890976538, -87.667580926)",2016-06-17T08:00:00.000Z
10564253,HZ311168,017XX N MARCEY ST,1360,CRIMINAL TRESPASS,TO VEHICLE,VEHICLE NON-COMMERCIAL,false,false,1811,18,32,7,26,1168889,1911829,2016,06/23/2016 03:48:09 PM,41.913581053,-87.654964655,"(41.913581053, -87.654964655)",2016-06-17T08:00:00.000Z
10563676,HZ310617,061XX S KENWOOD AVE,2820,OTHER OFFENSE,TELEPHONE THREAT,APARTMENT,false,true,314,3,20,42,26,1186130,1864507,2016,06/23/2016 03:48:09 PM,41.7833354,-87.593124151,"(41.7833354, -87.593124151)",2016-06-17T08:00:00.000Z
10565911,HZ312869,028XX N Broadway,0820,THEFT,$500 AND UNDER,GROCERY FOOD STORE,false,false,1934,19,44,6,06,1171665,1919218,2016,06/23/2016 03:48:09 PM,41.933796108,-87.644548217,"(41.933796108, -87.644548217)",2016-06-17T08:14:00.000Z
10563539,HZ310393,051XX N KEELER AVE,0610,BURGLARY,FORCIBLE ENTRY,RESIDENCE,false,false,1712,17,39,14,05,1147453,1933910,2016,06/23/2016 03:48:09 PM,41.974611423,-87.733148644,"(41.974611423, -87.733148644)",2016-06-17T08:15:00.000Z
10722357,HZ481134,057XX N CALIFORNIA AVE,0810,THEFT,OVER $500,OTHER,false,false,2011,20,40,2,06,"","",2016,10/20/2016 03:52:17 PM,"","","",2016-06-17T08:30:00.000Z
10563601,HZ310679,050XX W FERDINAND ST,4387,OTHER OFFENSE,VIOLATE ORDER OF PROTECTION,SIDEWALK,true,true,1532,15,28,25,26,1142862,1902808,2016,06/28/2016 03:50:02 PM,41.889351489,-87.750808434,"(41.889351489, -87.750808434)",2016-06-17T08:30:00.000Z
10564462,HZ310363,063XX S STONY ISLAND AVE,0460,BATTERY,SIMPLE,STREET,false,false,314,3,20,42,08B,1187960,1863364,2016,06/23/2016 03:48:09 PM,41.780155491,-87.586451255,"(41.780155491, -87.586451255)",2016-06-17T08:30:00.000Z
10563622,HZ310681,080XX S JUSTINE ST,0820,THEFT,$500 AND UNDER,APARTMENT,false,false,612,6,21,71,06,1167402,1851430,2016,06/23/2016 03:48:09 PM,41.747872281,-87.662161198,"(41.747872281, -87.662161198)",2016-06-17T08:30:00.000Z
10563523,HZ310564,032XX W PALMER ST,0460,BATTERY,SIMPLE,STREET,false,false,1413,14,26,22,08B,1154287,1914437,2016,06/23/2016 03:48:09 PM,41.921042017,-87.708539784,"(41.921042017, -87.708539784)",2016-06-17T08:30:00.000Z
10563501,HZ310509,011XX N MILWAUKEE AVE,0810,THEFT,OVER $500,STREET,false,false,1213,12,1,24,06,1166207,1907721,2016,06/23/2016 03:48:09 PM,41.90236622,-87.664935345,"(41.90236622, -87.664935345)",2016-06-17T08:30:00.000Z
10745311,HZ310411,106XX S INDIANA AVE,2027,NARCOTICS,POSS: CRACK,RESIDENCE,true,false,512,5,9,49,18,"","",2016,03/25/2017 03:44:52 PM,"","","",2016-06-17T08:36:22.000Z
10622220,HZ375154,047XX W IRVING PARK RD,0860,THEFT,RETAIL THEFT,DEPARTMENT STORE,false,false,1722,17,45,15,06,"","",2016,08/03/2016 03:52:15 PM,"","","",2016-06-17T08:37:00.000Z
10563413,HZ310389,013XX W SCHUBERT AVE,0340,ROBBERY,ATTEMPT: STRONGARM-NO WEAPON,SIDEWALK,false,false,1932,19,32,7,03,1167092,1918052,2016,06/23/2016 03:48:09 PM,41.93069613,-87.661387298,"(41.93069613, -87.661387298)",2016-06-17T08:40:00.000Z
10563606,HZ310655,066XX W BELMONT AVE,1220,DECEPTIVE PRACTICE,THEFT OF LOST/MISLAID PROP,APARTMENT,false,false,2511,25,36,18,11,1131711,1920547,2016,06/23/2016 03:48:09 PM,41.938229982,-87.791348545,"(41.938229982, -87.791348545)",2016-06-17T08:41:00.000Z
10579241,HZ328046,028XX N KOLMAR AVE,0810,THEFT,OVER $500,RESIDENCE,false,false,2521,25,31,20,06,1145507,1918454,2016,07/04/2016 03:55:03 PM,41.932236058,-87.740697789,"(41.932236058, -87.740697789)",2016-06-17T09:00:00.000Z
10566498,HZ314252,107XX S CHURCH ST,0915,MOTOR VEHICLE THEFT,"TRUCK, BUS, MOTOR HOME",PARKING LOT/GARAGE(NON.RESID.),false,false,2212,22,19,75,07,1167956,1833580,2016,06/23/2016 03:48:09 PM,41.698877304,-87.660642276,"(41.698877304, -87.660642276)",2016-06-17T09:00:00.000Z
10565497,HZ312871,002XX N KEYSTONE AVE,2820,OTHER OFFENSE,TELEPHONE THREAT,RESIDENCE,false,true,1114,11,28,26,26,1149362,1900800,2016,06/23/2016 03:48:09 PM,41.88371775,-87.72698964,"(41.88371775, -87.72698964)",2016-06-17T09:00:00.000Z
10564238,HZ311171,048XX S CALUMET AVE,0820,THEFT,$500 AND UNDER,STREET,false,false,224,2,3,38,06,1179250,1873015,2016,06/23/2016 03:48:09 PM,41.806841894,-87.618088762,"(41.806841894, -87.618088762)",2016-06-17T09:00:00.000Z
10563823,HZ310922,095XX S DR MARTIN LUTHER KING JR DR,0870,THEFT,POCKET-PICKING,SPORTS ARENA/STADIUM,false,false,511,5,6,49,06,1180589,1841904,2016,06/23/2016 03:48:09 PM,41.721439376,-87.614131833,"(41.721439376, -87.614131833)",2016-06-17T09:00:00.000Z
10563611,HZ310600,009XX E 85TH ST,1310,CRIMINAL DAMAGE,TO PROPERTY,APARTMENT,false,false,632,6,8,44,14,1184164,1848829,2016,06/23/2016 03:48:09 PM,41.740359654,-87.600821552,"(41.740359654, -87.600821552)",2016-06-17T09:00:00.000Z
10563555,HZ310539,052XX N WINTHROP AVE,1130,DECEPTIVE PRACTICE,FRAUD OR CONFIDENCE GAME,SIDEWALK,false,false,2023,20,48,77,11,1167925,1934992,2016,06/23/2016 03:48:09 PM,41.977162203,-87.657835554,"(41.977162203, -87.657835554)",2016-06-17T09:00:00.000Z
10563550,HZ310423,061XX S WASHTENAW AVE,0820,THEFT,$500 AND UNDER,RESIDENTIAL YARD (FRONT/BACK),false,false,825,8,15,66,06,1159428,1863869,2016,06/23/2016 03:48:09 PM,41.78217371,-87.691040261,"(41.78217371, -87.691040261)",2016-06-17T09:00:00.000Z
10563493,HZ310428,001XX N STATE ST,0860,THEFT,RETAIL THEFT,DEPARTMENT STORE,true,false,111,1,42,32,06,1176338,1901346,2016,06/23/2016 03:48:09 PM,41.884650262,-87.627915459,"(41.884650262, -87.627915459)",2016-06-17T09:12:00.000Z
10563466,HZ310435,027XX N MONITOR AVE,0560,ASSAULT,SIMPLE,RESIDENCE,false,false,2514,25,30,19,08A,1136919,1917597,2016,06/23/2016 03:48:09 PM,41.930042916,-87.772278651,"(41.930042916, -87.772278651)",2016-06-17T09:16:00.000Z
10563574,HZ310473,028XX E 76TH PL,0610,BURGLARY,FORCIBLE ENTRY,APARTMENT,false,false,421,4,7,43,05,1196129,1854903,2016,06/23/2016 03:48:09 PM,41.756739336,-87.556783105,"(41.756739336, -87.556783105)",2016-06-17T09:20:00.000Z
10565259,HZ310524,006XX S WELLS ST,0860,THEFT,RETAIL THEFT,CONVENIENCE STORE,false,false,123,1,2,32,06,1174816,1897499,2016,06/23/2016 03:48:09 PM,41.874128055,-87.633619572,"(41.874128055, -87.633619572)",2016-06-17T09:30:00.000Z
10563724,HZ310805,0000X E 73RD ST,1320,CRIMINAL DAMAGE,TO VEHICLE,RESIDENCE,false,false,323,3,6,69,14,1177779,1856622,2016,06/23/2016 03:48:09 PM,41.761891316,-87.623979891,"(41.761891316, -87.623979891)",2016-06-17T09:30:00.000Z
10616077,HZ368748,037XX W WABANSIA AVE,1130,DECEPTIVE PRACTICE,FRAUD OR CONFIDENCE GAME,RESIDENCE,false,false,2535,25,26,23,11,"","",2016,07/29/2016 03:54:32 PM,"","","",2016-06-17T09:43:00.000Z
10563658,HZ310560,085XX S PEORIA ST,0486,BATTERY,DOMESTIC BATTERY SIMPLE,APARTMENT,false,true,613,6,21,71,08B,1171805,1848134,2016,06/23/2016 03:48:09 PM,41.738732237,-87.646123682,"(41.738732237, -87.646123682)",2016-06-17T09:45:00.000Z
10563608,HZ310666,018XX S HOMAN AVE,1811,NARCOTICS,POSS: CANNABIS 30GMS OR LESS,STREET,true,false,1021,10,24,29,18,1153988,1890942,2016,06/23/2016 03:48:09 PM,41.856575386,-87.710265209,"(41.856575386, -87.710265209)",2016-06-17T09:45:00.000Z
10563561,HZ310527,058XX S MAY ST,1811,NARCOTICS,POSS: CANNABIS 30GMS OR LESS,STREET,true,false,712,7,16,68,18,1169648,1866152,2016,06/23/2016 03:48:09 PM,41.788222935,-87.653504753,"(41.788222935, -87.653504753)",2016-06-17T09:50:00.000Z
10595322,HZ346782,026XX N LINCOLN AVE,0810,THEFT,OVER $500,STREET,false,false,1932,19,32,7,06,"","",2016,07/13/2016 03:50:12 PM,"","","",2016-06-17T10:00:00.000Z
10570276,HZ318321,049XX W NORTH AVE,0610,BURGLARY,FORCIBLE ENTRY,CONSTRUCTION SITE,false,false,2533,25,37,25,05,1142988,1910178,2016,06/27/2016 03:50:03 PM,41.909573262,-87.750161722,"(41.909573262, -87.750161722)",2016-06-17T10:00:00.000Z
10563680,HZ310625,082XX S EVANS AVE,0486,BATTERY,DOMESTIC BATTERY SIMPLE,RESIDENCE,false,false,631,6,6,44,08B,1182659,1850597,2016,06/24/2016 03:49:34 PM,41.745246262,-87.606280915,"(41.745246262, -87.606280915)",2016-06-17T10:00:00.000Z
10569500,HZ317426,054XX W AGATITE AVE,1320,CRIMINAL DAMAGE,TO VEHICLE,STREET,false,false,1623,16,45,15,14,1139302,1929056,2016,06/23/2016 03:48:09 PM,41.961444414,-87.76324153,"(41.961444414, -87.76324153)",2016-06-17T10:00:00.000Z
10565018,HZ311662,097XX S YATES AVE,0890,THEFT,FROM BUILDING,PARK PROPERTY,false,false,431,4,7,51,06,1194108,1840854,2016,06/23/2016 03:48:09 PM,41.718237486,-87.564649421,"(41.718237486, -87.564649421)",2016-06-17T10:00:00.000Z
10564758,HZ311834,051XX S DORCHESTER AVE,1320,CRIMINAL DAMAGE,TO VEHICLE,DRIVEWAY - RESIDENTIAL,false,false,234,2,4,41,14,1186422,1871242,2016,06/23/2016 03:48:09 PM,41.801809859,-87.59184062,"(41.801809859, -87.59184062)",2016-06-17T10:00:00.000Z
10563946,HZ311022,037XX N DAMEN AVE,1320,CRIMINAL DAMAGE,TO VEHICLE,RESIDENCE-GARAGE,false,false,1921,19,47,5,14,1162344,1925031,2016,06/23/2016 03:48:09 PM,41.94994769,-87.678639258,"(41.94994769, -87.678639258)",2016-06-17T10:00:00.000Z
10563751,HZ310798,005XX N UNION AVE,0810,THEFT,OVER $500,STREET,false,false,1214,12,27,24,06,1171435,1903937,2016,06/23/2016 03:48:09 PM,41.891869316,-87.645843585,"(41.891869316, -87.645843585)",2016-06-17T10:00:00.000Z
10563718,HZ310755,021XX N LINCOLN PARK WEST,0820,THEFT,$500 AND UNDER,VEHICLE - DELIVERY TRUCK,false,false,1814,18,43,7,06,1173912,1914607,2016,06/23/2016 03:48:09 PM,41.921093508,-87.636428384,"(41.921093508, -87.636428384)",2016-06-17T10:00:00.000Z
10563663,HZ310729,006XX S STATE ST,1320,CRIMINAL DAMAGE,TO VEHICLE,PARKING LOT/GARAGE(NON.RESID.),false,false,123,1,2,32,14,1176456,1897484,2016,06/23/2016 03:48:09 PM,41.874050049,-87.627598768,"(41.874050049, -87.627598768)",2016-06-17T10:00:00.000Z
10563533,HZ310521,034XX W ROOSEVELT RD,0860,THEFT,RETAIL THEFT,DRUG STORE,true,false,1021,10,24,29,06,1153720,1894499,2016,06/23/2016 03:48:09 PM,41.866341527,-87.711154301,"(41.866341527, -87.711154301)",2016-06-17T10:00:00.000Z
10563531,HZ310497,007XX S WASHTENAW AVE,1310,CRIMINAL DAMAGE,TO PROPERTY,APARTMENT,false,false,1135,11,28,27,14,1158488,1896493,2016,06/23/2016 03:48:09 PM,41.871717102,-87.69359592,"(41.871717102, -87.69359592)",2016-06-17T10:00:00.000Z
10564012,HZ311011,121XX S RACINE AVE,1320,CRIMINAL DAMAGE,TO VEHICLE,STREET,false,false,524,5,34,53,14,1170524,1824313,2016,06/23/2016 03:48:09 PM,41.673391711,-87.651508012,"(41.673391711, -87.651508012)",2016-06-17T10:05:00.000Z
10563702,HZ310581,024XX W 47TH ST,0820,THEFT,$500 AND UNDER,STREET,false,false,922,9,12,58,06,1160794,1873443,2016,06/23/2016 03:48:09 PM,41.808417911,-87.685767695,"(41.808417911, -87.685767695)",2016-06-17T10:15:00.000Z
10565260,HZ310586,003XX N MICHIGAN AVE,0860,THEFT,RETAIL THEFT,SMALL RETAIL STORE,false,false,111,1,42,32,06,1177244,1902417,2016,06/23/2016 03:48:09 PM,41.887568658,-87.624556055,"(41.887568658, -87.624556055)",2016-06-17T10:26:00.000Z
10565463,HZ312811,031XX S RACINE AVE,0610,BURGLARY,FORCIBLE ENTRY,RESIDENCE-GARAGE,false,false,913,9,11,60,05,1168831,1883821,2016,06/23/2016 03:48:09 PM,41.836726236,-87.655989741,"(41.836726236, -87.655989741)",2016-06-17T10:30:00.000Z
10564055,HZ311104,014XX N LEAVITT ST,1320,CRIMINAL DAMAGE,TO VEHICLE,STREET,false,false,1424,14,32,24,14,1161474,1909576,2016,06/23/2016 03:48:09 PM,41.907556359,-87.68226866,"(41.907556359, -87.68226866)",2016-06-17T10:30:00.000Z
10564039,HZ311100,008XX N HUDSON AVE,0820,THEFT,$500 AND UNDER,STREET,false,false,1823,18,27,8,06,1173027,1906080,2016,06/23/2016 03:48:09 PM,41.89771468,-87.639933321,"(41.89771468, -87.639933321)",2016-06-17T10:30:00.000Z
10563563,HZ310537,084XX S STONY ISLAND AVE,0486,BATTERY,DOMESTIC BATTERY SIMPLE,GAS STATION,false,true,412,4,8,45,08B,1188267,1849517,2016,06/23/2016 03:48:09 PM,41.742150773,-87.585766931,"(41.742150773, -87.585766931)",2016-06-17T10:30:00.000Z
10563572,HZ310563,047XX W NORTH AVE,1320,CRIMINAL DAMAGE,TO VEHICLE,PARKING LOT/GARAGE(NON.RESID.),false,false,2533,25,37,25,14,1144306,1910210,2016,06/23/2016 03:48:09 PM,41.909636382,-87.745319093,"(41.909636382, -87.745319093)",2016-06-17T10:35:00.000Z
10563524,HZ310554,066XX S HALSTED ST,1330,CRIMINAL TRESPASS,TO LAND,GAS STATION,true,false,723,7,6,68,26,1172118,1860614,2016,06/23/2016 03:48:09 PM,41.772972076,-87.644610871,"(41.772972076, -87.644610871)",2016-06-17T10:35:00.000Z
10563583,HZ310605,062XX S VERNON AVE,0470,PUBLIC PEACE VIOLATION,RECKLESS CONDUCT,OTHER,true,false,313,3,20,42,24,1180323,1863734,2016,06/23/2016 03:48:09 PM,41.781349419,-87.614438036,"(41.781349419, -87.614438036)",2016-06-17T10:43:00.000Z
10563672,HZ310680,105XX S MORGAN ST,2820,OTHER OFFENSE,TELEPHONE THREAT,PARK PROPERTY,false,true,2232,22,34,73,26,1171519,1834893,2016,06/23/2016 03:48:09 PM,41.702403273,-87.647557963,"(41.702403273, -87.647557963)",2016-06-17T10:45:00.000Z
10563647,HZ310597,012XX W JACKSON BLVD,0910,MOTOR VEHICLE THEFT,AUTOMOBILE,STREET,false,false,1231,12,27,28,07,1168139,1898774,2016,06/23/2016 03:48:09 PM,41.8777735,-87.658097453,"(41.8777735, -87.658097453)",2016-06-17T10:50:00.000Z
10563596,HZ310543,074XX S YATES BLVD,1310,CRIMINAL DAMAGE,TO PROPERTY,APARTMENT,false,true,334,3,7,43,14,1193494,1856161,2016,06/23/2016 03:48:09 PM,41.760256249,-87.56639861,"(41.760256249, -87.56639861)",2016-06-17T10:50:00.000Z
10563764,HZ310790,024XX W CONGRESS PKWY,0555,ASSAULT,AGG PRO.EMP: HANDGUN,RESIDENCE,true,false,1135,11,2,28,04A,1160051,1897695,2016,08/26/2016 03:52:51 PM,41.874983395,-87.687824325,"(41.874983395, -87.687824325)",2016-06-17T11:00:00.000Z
10568235,HZ315774,010XX N MILWAUKEE AVE,0820,THEFT,$500 AND UNDER,OTHER,false,false,1213,12,27,24,06,1166695,1907307,2016,07/16/2016 03:45:53 PM,41.901219729,-87.663154731,"(41.901219729, -87.663154731)",2016-06-17T11:00:00.000Z
10568221,HZ315216,0000X W TERMINAL ST,0820,THEFT,$500 AND UNDER,AIRPORT BUILDING NON-TERMINAL - SECURE AREA,false,false,1651,16,41,76,06,"","",2016,06/23/2016 03:48:09 PM,"","","",2016-06-17T11:00:00.000Z
10564283,HZ311038,015XX W FULLERTON AVE,0820,THEFT,$500 AND UNDER,STREET,false,false,1811,18,32,7,06,1165473,1916022,2016,06/23/2016 03:48:09 PM,41.925160357,-87.667394686,"(41.925160357, -87.667394686)",2016-06-17T11:00:00.000Z
10564072,HZ311102,012XX N CALIFORNIA AVE,5001,OTHER OFFENSE,OTHER CRIME INVOLVING PROPERTY,PARK PROPERTY,false,false,1423,14,26,24,26,1157507,1907945,2016,06/23/2016 03:48:09 PM,41.903162458,-87.696885733,"(41.903162458, -87.696885733)",2016-06-17T11:00:00.000Z
10563691,HZ310645,028XX S KENNETH AVE,0460,BATTERY,SIMPLE,RESIDENCE PORCH/HALLWAY,false,false,1031,10,22,30,08B,1147190,1884827,2016,06/23/2016 03:48:09 PM,41.839927681,-87.735374011,"(41.839927681, -87.735374011)",2016-06-17T11:00:00.000Z
10563571,HZ310638,072XX W WELLINGTON AVE,1320,CRIMINAL DAMAGE,TO VEHICLE,RESIDENTIAL YARD (FRONT/BACK),false,false,2511,25,36,17,14,1127445,1919164,2016,06/23/2016 03:48:09 PM,41.9345078,-87.807058548,"(41.9345078, -87.807058548)",2016-06-17T11:00:00.000Z
10563654,HZ310570,051XX S CALUMET AVE,033A,ROBBERY,ATTEMPT: ARMED-HANDGUN,STREET,false,false,231,2,3,40,03,1179364,1871039,2016,06/23/2016 03:48:09 PM,41.801416973,-87.61773099,"(41.801416973, -87.61773099)",2016-06-17T11:05:00.000Z
10663713,HZ310661,039XX W GRENSHAW ST,1811,NARCOTICS,POSS: CANNABIS 30GMS OR LESS,APARTMENT,true,false,1132,11,24,29,18,"","",2016,02/04/2017 03:45:12 PM,"","","",2016-06-17T11:17:00.000Z
10563673,HZ310731,044XX W MADISON ST,1506,PROSTITUTION,SOLICIT ON PUBLIC WAY,STREET,true,false,1113,11,28,26,16,1146838,1899646,2016,06/23/2016 03:48:09 PM,41.880599603,-87.73628756,"(41.880599603, -87.73628756)",2016-06-17T11:19:00.000Z
10563664,HZ310699,025XX W 45TH ST,1345,CRIMINAL DAMAGE,TO CITY OF CHICAGO PROPERTY,RESIDENTIAL YARD (FRONT/BACK),false,false,922,9,12,58,14,1160362,1874755,2016,06/23/2016 03:48:09 PM,41.812027124,-87.687316006,"(41.812027124, -87.687316006)",2016-06-17T11:30:00.000Z
10563568,HZ310634,026XX N HARLEM AVE,1210,DECEPTIVE PRACTICE,THEFT OF LABOR/SERVICES,SMALL RETAIL STORE,false,false,2512,25,36,18,11,1127636,1916911,2016,06/23/2016 03:48:09 PM,41.928322067,-87.806407493,"(41.928322067, -87.806407493)",2016-06-17T11:30:00.000Z
10563739,HZ310609,008XX S CICERO AVE,1506,PROSTITUTION,SOLICIT ON PUBLIC WAY,SIDEWALK,true,false,1131,11,24,25,16,1144522,1895791,2016,06/23/2016 03:48:09 PM,41.870064907,-87.744888845,"(41.870064907, -87.744888845)",2016-06-17T11:35:00.000Z
10563683,HZ310649,042XX W WILCOX ST,1020,ARSON,BY FIRE,RESIDENCE,false,false,1115,11,28,26,09,1148126,1898998,2016,06/23/2016 03:48:09 PM,41.878796732,-87.731574779,"(41.878796732, -87.731574779)",2016-06-17T11:35:00.000Z
10563660,HZ310658,015XX N PULASKI RD,031A,ROBBERY,ARMED: HANDGUN,STREET,false,false,2535,25,30,23,03,1149436,1909953,2016,06/23/2016 03:48:09 PM,41.908833098,-87.726480168,"(41.908833098, -87.726480168)",2016-06-17T11:39:00.000Z
10580907,HZ310720,048XX W ST PAUL AVE,143A,WEAPONS VIOLATION,UNLAWFUL POSS OF HANDGUN,RESIDENCE,false,false,2533,25,37,25,15,"","",2016,12/01/2016 03:51:44 PM,"","","",2016-06-17T11:40:00.000Z
10591401,HZ342574,047XX S COTTAGE GROVE AVE,1130,DECEPTIVE PRACTICE,FRAUD OR CONFIDENCE GAME,SMALL RETAIL STORE,false,false,223,2,4,39,11,1182389,1873821,2016,07/11/2016 03:54:21 PM,41.808981361,-87.606551046,"(41.808981361, -87.606551046)",2016-06-17T11:50:00.000Z
10563675,HZ310657,015XX W MARQUETTE RD,0460,BATTERY,SIMPLE,SIDEWALK,false,false,725,7,17,67,08B,1167348,1860302,2016,06/23/2016 03:48:09 PM,41.7722194,-87.662105404,"(41.7722194, -87.662105404)",2016-06-17T11:50:00.000Z
10563551,HZ310647,017XX E 72ND ST,2820,OTHER OFFENSE,TELEPHONE THREAT,RESIDENCE,false,false,324,3,5,43,26,1189229,1857587,2016,06/23/2016 03:48:09 PM,41.764272595,-87.581984007,"(41.764272595, -87.581984007)",2016-06-17T11:55:00.000Z
10564304,HZ310678,044XX W ADAMS ST,0486,BATTERY,DOMESTIC BATTERY SIMPLE,APARTMENT,true,true,1113,11,28,26,08B,1146905,1898645,2016,11/05/2016 03:45:30 PM,41.877851463,-87.736067119,"(41.877851463, -87.736067119)",2016-06-17T12:00:00.000Z
10570430,HZ317168,079XX S WOLCOTT AVE,0610,BURGLARY,FORCIBLE ENTRY,RESIDENCE,false,false,611,6,18,71,05,1165071,1851955,2016,07/04/2016 03:55:03 PM,41.749362535,-87.670687926,"(41.749362535, -87.670687926)",2016-06-17T12:00:00.000Z
10564376,HZ311273,057XX S TRIPP AVE,0620,BURGLARY,UNLAWFUL ENTRY,APARTMENT,false,false,813,8,13,62,05,1149016,1866147,2016,06/23/2016 03:48:09 PM,41.788631984,-87.729155236,"(41.788631984, -87.729155236)",2016-06-17T12:00:00.000Z
10564342,HZ311099,066XX S STEWART AVE,0910,MOTOR VEHICLE THEFT,AUTOMOBILE,VEHICLE NON-COMMERCIAL,false,false,722,7,6,68,07,1174775,1860717,2016,06/23/2016 03:48:09 PM,41.773195918,-87.634867958,"(41.773195918, -87.634867958)",2016-06-17T12:00:00.000Z
10564311,HZ311309,073XX S DR MARTIN LUTHER KING JR DR,0820,THEFT,$500 AND UNDER,VEHICLE NON-COMMERCIAL,false,false,323,3,6,69,06,1180181,1856360,2016,06/23/2016 03:48:09 PM,41.761117668,-87.615184376,"(41.761117668, -87.615184376)",2016-06-17T12:00:00.000Z
10563779,HZ310888,069XX W HIGGINS AVE,2826,OTHER OFFENSE,HARASSMENT BY ELECTRONIC MEANS,APARTMENT,false,true,1613,16,41,10,26,1129101,1935656,2016,06/23/2016 03:48:09 PM,41.979735608,-87.800595833,"(41.979735608, -87.800595833)",2016-06-17T12:00:00.000Z
10563696,HZ310711,012XX N LARRABEE ST,0860,THEFT,RETAIL THEFT,DEPARTMENT STORE,true,false,1822,18,27,8,06,1172111,1908362,2016,06/23/2016 03:48:09 PM,41.903996883,-87.643230238,"(41.903996883, -87.643230238)",2016-06-17T12:00:00.000Z
10563741,HZ310840,0000X N KILBOURN AVE,1506,PROSTITUTION,SOLICIT ON PUBLIC WAY,STREET,true,false,1113,11,28,26,16,1146387,1899777,2016,06/23/2016 03:48:09 PM,41.88096768,-87.737940272,"(41.88096768, -87.737940272)",2016-06-17T12:10:00.000Z
10563709,HZ310687,043XX S WENTWORTH AVE,1320,CRIMINAL DAMAGE,TO VEHICLE,RESIDENTIAL YARD (FRONT/BACK),false,false,925,9,3,37,14,1175662,1875966,2016,06/23/2016 03:48:09 PM,41.815020895,-87.631159867,"(41.815020895, -87.631159867)",2016-06-17T12:10:00.000Z
10563694,HZ310644,007XX W 79TH ST,5011,OTHER OFFENSE,LICENSE VIOLATION,RESTAURANT,false,false,621,6,17,71,26,1172583,1852485,2016,06/23/2016 03:48:09 PM,41.750654869,-87.643145394,"(41.750654869, -87.643145394)",2016-06-17T12:10:00.000Z
10563762,HZ310733,004XX N HAMLIN AVE,143A,WEAPONS VIOLATION,UNLAWFUL POSS OF HANDGUN,RESIDENCE,true,false,1122,11,27,23,15,1150979,1902646,2016,07/06/2016 03:55:54 PM,41.888751865,-87.721003458,"(41.888751865, -87.721003458)",2016-06-17T12:15:00.000Z
10564420,HZ311255,064XX N OAK PARK AVE,2826,OTHER OFFENSE,HARASSMENT BY ELECTRONIC MEANS,APARTMENT,false,false,1611,16,41,10,26,1130423,1942169,2016,06/23/2016 03:48:09 PM,41.997585219,-87.795583549,"(41.997585219, -87.795583549)",2016-06-17T12:15:00.000Z
10563706,HZ310703,003XX E 63RD ST,0560,ASSAULT,SIMPLE,SIDEWALK,true,false,311,3,20,40,08A,1179733,1863318,2016,06/23/2016 03:48:09 PM,41.780221389,-87.6166138,"(41.780221389, -87.6166138)",2016-06-17T12:15:00.000Z
10564343,HZ311136,054XX S WOODLAWN AVE,0920,MOTOR VEHICLE THEFT,ATT: AUTOMOBILE,STREET,false,false,234,2,4,41,07,1185138,1869629,2016,06/23/2016 03:48:09 PM,41.797413962,-87.596600185,"(41.797413962, -87.596600185)",2016-06-17T12:30:00.000Z
10564338,HZ311052,050XX S CAMPBELL AVE,0910,MOTOR VEHICLE THEFT,AUTOMOBILE,STREET,false,false,923,9,14,63,07,1160553,1871203,2016,06/23/2016 03:48:09 PM,41.802276047,-87.686713442,"(41.802276047, -87.686713442)",2016-06-17T12:30:00.000Z
10564040,HZ311053,026XX N ORCHARD ST,0810,THEFT,OVER $500,STREET,false,false,1935,19,43,7,06,1171149,1917767,2016,06/23/2016 03:48:09 PM,41.929825861,-87.646487199,"(41.929825861, -87.646487199)",2016-06-17T12:30:00.000Z
10563681,HZ310713,046XX W IRVING PARK RD,0860,THEFT,RETAIL THEFT,GROCERY FOOD STORE,true,false,1722,17,45,15,06,1144295,1926174,2016,06/23/2016 03:48:09 PM,41.953443342,-87.744957048,"(41.953443342, -87.744957048)",2016-06-17T12:50:00.000Z
10577724,HZ325518,080XX S UNION AVE,1562,SEX OFFENSE,AGG CRIMINAL SEXUAL ABUSE,RESIDENCE,false,false,621,6,21,71,17,1173032,1851559,2016,06/30/2016 03:48:43 PM,41.748103911,-87.641527333,"(41.748103911, -87.641527333)",2016-06-17T13:00:00.000Z
10572409,HZ320287,028XX W AINSLIE ST,1320,CRIMINAL DAMAGE,TO VEHICLE,STREET,false,false,2031,20,40,4,14,1156671,1932559,2016,06/27/2016 03:50:03 PM,41.970721985,-87.699287851,"(41.970721985, -87.699287851)",2016-06-17T13:00:00.000Z
10564318,HZ311283,107XX S UNION AVE,0610,BURGLARY,FORCIBLE ENTRY,RESIDENCE-GARAGE,false,false,2233,22,34,49,05,1173548,1833685,2016,06/23/2016 03:48:09 PM,41.699043762,-87.640163927,"(41.699043762, -87.640163927)",2016-06-17T13:00:00.000Z
10564053,HZ311116,011XX N MILWAUKEE AVE,0820,THEFT,$500 AND UNDER,VEHICLE NON-COMMERCIAL,false,false,1213,12,1,24,06,1166270,1907667,2016,06/23/2016 03:48:09 PM,41.902216694,-87.664705483,"(41.902216694, -87.664705483)",2016-06-17T13:00:00.000Z
10563662,HZ310728,001XX S WACKER DR,0910,MOTOR VEHICLE THEFT,AUTOMOBILE,STREET,false,false,122,1,2,32,07,1173953,1899697,2016,06/23/2016 03:48:09 PM,41.880178769,-87.63672258,"(41.880178769, -87.63672258)",2016-06-17T13:00:00.000Z
10563650,HZ310724,094XX S HALSTED ST,1330,CRIMINAL TRESPASS,TO LAND,DRUG STORE,false,false,2223,22,21,73,26,1172640,1842177,2016,06/23/2016 03:48:09 PM,41.722367069,-87.643239402,"(41.722367069, -87.643239402)",2016-06-17T13:02:00.000Z
10563653,HZ310730,029XX N LAKE SHORE DR,1310,CRIMINAL DAMAGE,TO PROPERTY,HOSPITAL BUILDING/GROUNDS,false,false,1934,19,44,6,14,1173796,1919557,2016,06/23/2016 03:48:09 PM,41.93467909,-87.636706827,"(41.93467909, -87.636706827)",2016-06-17T13:10:00.000Z
10563766,HZ310754,065XX S LAWNDALE AVE,0520,ASSAULT,AGGRAVATED:KNIFE/CUTTING INSTR,STREET,false,false,833,8,13,65,04A,1152837,1860824,2016,06/23/2016 03:48:09 PM,41.773950318,-87.715285127,"(41.773950318, -87.715285127)",2016-06-17T13:20:00.000Z
10563736,HZ310833,008XX S KOLMAR AVE,1512,PROSTITUTION,SOLICIT FOR PROSTITUTE,SIDEWALK,true,false,1131,11,24,26,16,1146145,1895789,2016,06/23/2016 03:48:09 PM,41.870028733,-87.7389303,"(41.870028733, -87.7389303)",2016-06-17T13:25:00.000Z
10563791,HZ310902,022XX N DOMINICK ST,0820,THEFT,$500 AND UNDER,STREET,false,false,1811,18,32,7,06,1165725,1914839,2016,06/23/2016 03:48:09 PM,41.921908762,-87.666502527,"(41.921908762, -87.666502527)",2016-06-17T13:30:00.000Z
10563858,HZ310741,005XX W 87TH ST,0820,THEFT,$500 AND UNDER,STREET,false,false,2223,22,21,71,06,1174289,1847123,2016,06/23/2016 03:48:09 PM,41.735903129,-87.637052809,"(41.735903129, -87.637052809)",2016-06-17T13:34:00.000Z
10563862,HZ310748,017XX W 91ST ST,0460,BATTERY,SIMPLE,RESIDENCE,false,false,2221,22,21,73,08B,1166364,1844332,2016,06/23/2016 03:48:09 PM,41.728416478,-87.666166397,"(41.728416478, -87.666166397)",2016-06-17T13:45:00.000Z
10563723,HZ310759,043XX N MILWAUKEE AVE,0486,BATTERY,DOMESTIC BATTERY SIMPLE,PARKING LOT/GARAGE(NON.RESID.),false,true,1624,16,45,15,08B,1142015,1928276,2016,06/23/2016 03:48:09 PM,41.959254063,-87.753286332,"(41.959254063, -87.753286332)",2016-06-17T13:50:00.000Z
10564302,HZ311135,016XX N LEAVITT ST,0810,THEFT,OVER $500,STREET,false,false,1434,14,1,24,06,1161440,1910797,2016,06/23/2016 03:48:09 PM,41.910907582,-87.682359517,"(41.910907582, -87.682359517)",2016-06-17T13:55:00.000Z
22557,HZ310726,057XX S PEORIA ST,0110,HOMICIDE,FIRST DEGREE MURDER,STREET,false,false,712,7,16,68,01A,1171285,1866863,2016,06/23/2016 03:48:09 PM,41.790138322,-87.647481719,"(41.790138322, -87.647481719)",2016-06-17T13:58:00.000Z
10570171,HZ318275,013XX W AUGUSTA BLVD,0820,THEFT,$500 AND UNDER,STREET,false,false,1213,12,27,24,06,1167192,1906797,2016,06/27/2016 03:50:03 PM,41.899809586,-87.661343886,"(41.899809586, -87.661343886)",2016-06-17T14:00:00.000Z
10563856,HZ310749,021XX N MC VICKER AVE,2826,OTHER OFFENSE,HARASSMENT BY ELECTRONIC MEANS,OTHER,false,true,2512,25,29,19,26,1135720,1913680,2016,06/25/2016 03:50:05 PM,41.919315663,-87.776778169,"(41.919315663, -87.776778169)",2016-06-17T14:00:00.000Z
10566278,HZ312734,053XX S LONG AVE,1320,CRIMINAL DAMAGE,TO VEHICLE,STREET,false,false,814,8,23,56,14,1141271,1868575,2016,06/23/2016 03:48:09 PM,41.795440669,-87.757494219,"(41.795440669, -87.757494219)",2016-06-17T14:00:00.000Z
10565543,HZ312877,055XX W CORTLAND ST,0910,MOTOR VEHICLE THEFT,AUTOMOBILE,STREET,false,false,2532,25,37,25,07,1139313,1911907,2016,06/23/2016 03:48:09 PM,41.914385607,-87.763620094,"(41.914385607, -87.763620094)",2016-06-17T14:00:00.000Z
10563878,HZ310980,029XX N NEVA AVE,0810,THEFT,OVER $500,STREET,false,false,2511,25,36,18,06,1127910,1918696,2016,06/23/2016 03:48:09 PM,41.933215705,-87.805360227,"(41.933215705, -87.805360227)",2016-06-17T14:00:00.000Z
10563756,HZ310768,115XX S PERRY AVE,0486,BATTERY,DOMESTIC BATTERY SIMPLE,RESIDENCE,false,true,522,5,34,53,08B,1177653,1828206,2016,06/23/2016 03:48:09 PM,41.68391694,-87.625298274,"(41.68391694, -87.625298274)",2016-06-17T14:06:00.000Z
10563712,HZ310757,067XX S STATE ST,0320,ROBBERY,STRONGARM - NO WEAPON,GAS STATION,false,false,322,3,6,69,03,1177438,1860407,2016,06/23/2016 03:48:09 PM,41.772285481,-87.625115462,"(41.772285481, -87.625115462)",2016-06-17T14:06:00.000Z
10563729,HZ310771,007XX N WOOD ST,051A,ASSAULT,AGGRAVATED: HANDGUN,STREET,false,false,1215,12,1,24,04A,1164272,1904841,2016,06/23/2016 03:48:09 PM,41.894504439,-87.672124415,"(41.894504439, -87.672124415)",2016-06-17T14:10:00.000Z
10563825,HZ310839,0000X E 101ST PL,1310,CRIMINAL DAMAGE,TO PROPERTY,SIDEWALK,false,true,511,5,9,49,14,1178534,1837690,2016,06/23/2016 03:48:09 PM,41.709922466,-87.621786419,"(41.709922466, -87.621786419)",2016-06-17T14:12:00.000Z
10563759,HZ310774,083XX S STEWART AVE,0860,THEFT,RETAIL THEFT,DEPARTMENT STORE,true,false,622,6,21,44,06,1175078,1849610,2016,06/23/2016 03:48:09 PM,41.742710224,-87.634088181,"(41.742710224, -87.634088181)",2016-06-17T14:16:00.000Z
10563735,HZ310773,039XX W 70TH PL,0520,ASSAULT,AGGRAVATED:KNIFE/CUTTING INSTR,RESIDENCE,true,true,833,8,13,65,04A,1151341,1857561,2016,06/23/2016 03:48:09 PM,41.76502549,-87.720854414,"(41.76502549, -87.720854414)",2016-06-17T14:20:00.000Z
10563733,HZ310801,041XX W ARMITAGE AVE,4625,OTHER OFFENSE,PAROLE VIOLATION,STREET,true,false,2534,25,30,20,26,1148633,1912971,2016,06/23/2016 03:48:09 PM,41.917130335,-87.729351963,"(41.917130335, -87.729351963)",2016-06-17T14:20:00.000Z
10563760,HZ310819,017XX N CENTRAL AVE,0910,MOTOR VEHICLE THEFT,AUTOMOBILE,OTHER,true,false,2531,25,29,25,07,1138778,1911051,2016,06/25/2016 03:50:05 PM,41.91204638,-87.765606448,"(41.91204638, -87.765606448)",2016-06-17T14:30:00.000Z
10566860,HZ314808,038XX S EVANS AVE,5002,OTHER OFFENSE,OTHER VEHICLE OFFENSE,STREET,false,true,212,2,4,36,26,1181755,1879678,2016,06/23/2016 03:48:09 PM,41.825068105,-87.608695245,"(41.825068105, -87.608695245)",2016-06-17T14:30:00.000Z
10563771,HZ310860,012XX N CALIFORNIA AVE,0460,BATTERY,SIMPLE,SIDEWALK,false,false,1423,14,26,24,08B,1157507,1907945,2016,06/23/2016 03:48:09 PM,41.903162458,-87.696885733,"(41.903162458, -87.696885733)",2016-06-17T14:30:00.000Z
10563768,HZ310786,117XX S PEORIA ST,041A,BATTERY,AGGRAVATED: HANDGUN,SIDEWALK,false,false,524,5,34,53,04B,1172436,1826904,2016,06/23/2016 03:48:09 PM,41.680460112,-87.644434114,"(41.680460112, -87.644434114)",2016-06-17T14:30:00.000Z
10563754,HZ310816,056XX S INDIANA AVE,0430,BATTERY,AGGRAVATED: OTHER DANG WEAPON,RESIDENCE PORCH/HALLWAY,false,false,231,2,20,40,04B,1178562,1867600,2016,06/23/2016 03:48:09 PM,41.791998321,-87.620776738,"(41.791998321, -87.620776738)",2016-06-17T14:30:00.000Z
10563740,HZ310794,015XX N DAMEN AVE,1320,CRIMINAL DAMAGE,TO VEHICLE,STREET,false,false,1424,14,1,24,14,1162780,1910414,2016,06/23/2016 03:48:09 PM,41.90982859,-87.677447594,"(41.90982859, -87.677447594)",2016-06-17T14:38:00.000Z
10563755,HZ310808,103XX S PRINCETON AVE,502R,OTHER OFFENSE,VEHICLE TITLE/REG OFFENSE,STREET,true,false,512,5,34,49,26,1176113,1836549,2016,06/23/2016 03:48:09 PM,41.706845957,-87.630686553,"(41.706845957, -87.630686553)",2016-06-17T14:44:00.000Z
10563851,HZ310933,014XX W WEBSTER AVE,0810,THEFT,OVER $500,STREET,false,false,1811,18,32,7,06,1165981,1914731,2016,06/23/2016 03:48:09 PM,41.921606937,-87.665565006,"(41.921606937, -87.665565006)",2016-06-17T14:45:00.000Z
10563770,HZ310842,078XX S EAST END AVE,143A,WEAPONS VIOLATION,UNLAWFUL POSS OF HANDGUN,SIDEWALK,true,false,414,4,8,43,15,1188899,1853276,2016,06/27/2016 03:50:03 PM,41.752450733,-87.583331276,"(41.752450733, -87.583331276)",2016-06-17T14:47:00.000Z
10601147,HZ353164,013XX S WASHTENAW AVE,0820,THEFT,$500 AND UNDER,STREET,false,false,1023,10,28,29,06,"","",2016,07/18/2016 03:55:46 PM,"","","",2016-06-17T15:00:00.000Z
10564315,HZ311289,008XX W 88TH ST,1320,CRIMINAL DAMAGE,TO VEHICLE,STREET,false,false,2223,22,21,71,14,1172331,1846528,2016,06/23/2016 03:48:09 PM,41.734313613,-87.644243641,"(41.734313613, -87.644243641)",2016-06-17T15:00:00.000Z
10564277,HZ311017,003XX W 74TH ST,0820,THEFT,$500 AND UNDER,STREET,false,false,731,7,17,69,06,1175106,1855879,2016,06/23/2016 03:48:09 PM,41.759912505,-87.633798834,"(41.759912505, -87.633798834)",2016-06-17T15:00:00.000Z
10563896,HZ310823,007XX N SAWYER AVE,0460,BATTERY,SIMPLE,STREET,false,false,1121,11,27,23,08B,1154576,1904708,2016,06/23/2016 03:48:09 PM,41.894338996,-87.707738636,"(41.894338996, -87.707738636)",2016-06-17T15:00:00.000Z
10563866,HZ310836,020XX W THOMAS ST,0325,ROBBERY,VEHICULAR HIJACKING,STREET,false,false,1212,12,32,24,03,1162506,1907320,2016,06/23/2016 03:48:09 PM,41.90134417,-87.678540917,"(41.90134417, -87.678540917)",2016-06-17T15:00:00.000Z
10563840,HZ310866,076XX S SANGAMON ST,0486,BATTERY,DOMESTIC BATTERY SIMPLE,APARTMENT,false,true,621,6,17,71,08B,1171296,1854274,2016,06/23/2016 03:48:09 PM,41.755592351,-87.647809328,"(41.755592351, -87.647809328)",2016-06-17T15:00:00.000Z
10563789,HZ310859,011XX W 117TH ST,143A,WEAPONS VIOLATION,UNLAWFUL POSS OF HANDGUN,STREET,true,false,524,5,34,53,15,1170676,1827206,2016,06/23/2016 03:48:09 PM,41.681327287,-87.650867811,"(41.681327287, -87.650867811)",2016-06-17T15:07:00.000Z
10597296,HZ348215,087XX S HERMITAGE AVE,0820,THEFT,$500 AND UNDER,STREET,false,false,2221,22,21,71,06,"","",2016,07/15/2016 03:49:41 PM,"","","",2016-06-17T15:30:00.000Z
10565316,HZ310891,071XX S DORCHESTER AVE,0497,BATTERY,AGGRAVATED DOMESTIC BATTERY: OTHER DANG WEAPON,RESIDENCE,false,true,324,3,5,43,04B,1186768,1858118,2016,06/23/2016 03:48:09 PM,41.765788342,-87.590987258,"(41.765788342, -87.590987258)",2016-06-17T15:30:00.000Z
10564278,HZ311063,035XX N SHEFFIELD AVE,0820,THEFT,$500 AND UNDER,HOTEL/MOTEL,false,false,1924,19,44,6,06,1168979,1923640,2016,06/23/2016 03:48:09 PM,41.945989062,-87.654290367,"(41.945989062, -87.654290367)",2016-06-17T15:30:00.000Z
10563836,HZ310865,021XX N CENTRAL PARK AVE,0486,BATTERY,DOMESTIC BATTERY SIMPLE,APARTMENT,false,false,2525,25,26,22,08B,1152030,1913943,2016,06/23/2016 03:48:09 PM,41.919731262,-87.716845614,"(41.919731262, -87.716845614)",2016-06-17T15:31:00.000Z
10563863,HZ310872,058XX S LAFLIN ST,0454,BATTERY,AGG PO HANDS NO/MIN INJURY,STREET,true,false,713,7,15,67,08B,1167332,1866122,2016,06/23/2016 03:48:09 PM,41.78819055,-87.661997495,"(41.78819055, -87.661997495)",2016-06-17T15:37:00.000Z
10563834,HZ310889,073XX W ADDISON ST,0470,PUBLIC PEACE VIOLATION,RECKLESS CONDUCT,ALLEY,true,false,1631,16,36,17,24,1126335,1923048,2016,06/23/2016 03:48:09 PM,41.945184599,-87.811050925,"(41.945184599, -87.811050925)",2016-06-17T15:44:00.000Z
10564000,HZ311007,081XX S HERMITAGE AVE,4387,OTHER OFFENSE,VIOLATE ORDER OF PROTECTION,RESIDENCE,false,true,614,6,18,71,26,1166097,1850673,2016,06/23/2016 03:48:09 PM,41.745822798,-87.666964623,"(41.745822798, -87.666964623)",2016-06-17T15:45:00.000Z
10563795,HZ310874,054XX S MICHIGAN AVE,0610,BURGLARY,FORCIBLE ENTRY,APARTMENT,false,false,231,2,3,40,05,1178081,1869028,2016,06/23/2016 03:48:09 PM,41.795927816,-87.622497173,"(41.795927816, -87.622497173)",2016-06-17T15:48:00.000Z
10564140,HZ311047,051XX W CONCORD PL,1310,CRIMINAL DAMAGE,TO PROPERTY,RESIDENCE-GARAGE,false,false,2533,25,37,25,14,1141913,1910486,2016,06/24/2016 03:51:41 PM,41.910438437,-87.75410322,"(41.910438437, -87.75410322)",2016-06-18T04:00:00.000Z
10580551,HZ329559,019XX W WINONA ST,1154,DECEPTIVE PRACTICE,FINANCIAL IDENTITY THEFT $300 AND UNDER,RESIDENCE,false,false,2032,20,47,4,11,1162267,1934055,2016,07/04/2016 03:55:03 PM,41.974711583,-87.678668864,"(41.974711583, -87.678668864)",2016-06-18T04:01:00.000Z
10568901,HZ316934,089XX S BRANDON AVE,2820,OTHER OFFENSE,TELEPHONE THREAT,RESIDENCE,false,false,424,4,10,46,26,1198877,1846305,2016,06/24/2016 03:51:41 PM,41.7330773,-87.547000358,"(41.7330773, -87.547000358)",2016-06-18T04:01:00.000Z
10566863,HZ314839,009XX W WEBSTER AVE,0890,THEFT,FROM BUILDING,BAR OR TAVERN,false,false,1812,18,43,7,06,1169505,1914812,2016,06/24/2016 03:51:41 PM,41.921753174,-87.652614623,"(41.921753174, -87.652614623)",2016-06-18T04:01:00.000Z
10564755,HZ311585,069XX S OGLESBY AVE,0820,THEFT,$500 AND UNDER,STREET,false,false,331,3,5,43,06,1192967,1859404,2016,06/24/2016 03:51:41 PM,41.769168164,-87.568224317,"(41.769168164, -87.568224317)",2016-06-18T04:01:00.000Z
10564728,HZ311593,029XX W PETERSON AVE,1320,CRIMINAL DAMAGE,TO VEHICLE,STREET,false,false,2011,20,40,2,14,1155480,1939729,2016,06/24/2016 03:51:41 PM,41.990420939,-87.703473401,"(41.990420939, -87.703473401)",2016-06-18T04:01:00.000Z
10564287,HZ311002,028XX N MONTCLARE AVE,0810,THEFT,OVER $500,STREET,false,false,2511,25,36,18,06,1128261,1918145,2016,06/24/2016 03:51:41 PM,41.931697754,-87.804082799,"(41.931697754, -87.804082799)",2016-06-18T04:01:00.000Z
10566950,HZ310881,006XX W 31ST ST,1320,CRIMINAL DAMAGE,TO VEHICLE,STREET,false,false,914,9,11,60,14,1172218,1884341,2016,06/24/2016 03:51:41 PM,41.838079198,-87.643546249,"(41.838079198, -87.643546249)",2016-06-18T04:10:00.000Z
10563857,HZ310951,012XX N WELLS ST,0453,BATTERY,AGGRAVATED PO: OTHER DANG WEAP,STREET,true,false,1821,18,43,8,04B,1174490,1908441,2016,10/22/2016 03:47:09 PM,41.904160813,-87.634489295,"(41.904160813, -87.634489295)",2016-06-18T04:15:00.000Z
10564339,HZ311070,084XX S PAXTON AVE,0910,MOTOR VEHICLE THEFT,AUTOMOBILE,STREET,false,false,412,4,8,46,07,1192312,1849453,2016,06/24/2016 03:51:41 PM,41.741877768,-87.570948426,"(41.741877768, -87.570948426)",2016-06-18T04:15:00.000Z
10563808,HZ310923,008XX N LEAMINGTON AVE,2093,NARCOTICS,FOUND SUSPECT NARCOTICS,RESIDENCE PORCH/HALLWAY,true,false,1531,15,37,25,18,1141869,1905114,2016,06/24/2016 03:51:41 PM,41.895697869,-87.754398046,"(41.895697869, -87.754398046)",2016-06-18T04:18:00.000Z
10563787,HZ310905,008XX N LEAMINGTON AVE,0430,BATTERY,AGGRAVATED: OTHER DANG WEAPON,SIDEWALK,false,false,1531,15,37,25,04B,1141869,1905114,2016,06/24/2016 03:51:41 PM,41.895697869,-87.754398046,"(41.895697869, -87.754398046)",2016-06-18T04:18:00.000Z
10563816,HZ310883,0000X E 51ST ST,0320,ROBBERY,STRONGARM - NO WEAPON,ALLEY,false,false,225,2,3,40,03,1177689,1871230,2016,06/24/2016 03:51:41 PM,41.801979197,-87.623868001,"(41.801979197, -87.623868001)",2016-06-18T04:20:00.000Z
10563806,HZ310901,030XX W ROOSEVELT RD,0460,BATTERY,SIMPLE,TAVERN/LIQUOR STORE,true,false,1134,11,28,29,08B,1156119,1894552,2016,06/24/2016 03:51:41 PM,41.866438916,-87.70234588,"(41.866438916, -87.70234588)",2016-06-18T04:37:00.000Z
10563861,HZ310903,013XX W 82ND ST,041A,BATTERY,AGGRAVATED: HANDGUN,SIDEWALK,false,false,613,6,21,71,04B,1168668,1850386,2016,06/24/2016 03:51:41 PM,41.744980208,-87.657552215,"(41.744980208, -87.657552215)",2016-06-18T04:40:00.000Z
10563821,HZ310900,015XX E 65TH ST,0486,BATTERY,DOMESTIC BATTERY SIMPLE,RESIDENCE,false,true,321,3,5,42,08B,1187438,1862192,2016,06/24/2016 03:51:41 PM,41.776951853,-87.588402181,"(41.776951853, -87.588402181)",2016-06-18T04:45:00.000Z
10565456,HZ312809,001XX N CENTRAL AVE,1320,CRIMINAL DAMAGE,TO VEHICLE,STREET,false,false,1523,15,29,25,14,1139028,1900396,2016,06/24/2016 03:51:41 PM,41.882803213,-87.764947332,"(41.882803213, -87.764947332)",2016-06-17T17:00:00.000Z
10563796,HZ310916,080XX S KINGSTON AVE,1310,CRIMINAL DAMAGE,TO PROPERTY,APARTMENT,false,false,422,4,7,46,14,1194582,1852016,2016,06/24/2016 03:51:41 PM,41.748855362,-87.562547251,"(41.748855362, -87.562547251)",2016-06-17T17:00:00.000Z
10563890,HZ310947,0000X W DIVISION ST,143A,WEAPONS VIOLATION,UNLAWFUL POSS OF HANDGUN,BAR OR TAVERN,true,false,1824,18,42,8,15,1175950,1908370,2016,06/24/2016 03:51:41 PM,41.903933222,-87.629128536,"(41.903933222, -87.629128536)",2016-06-17T17:10:00.000Z
10563859,HZ310936,017XX S MICHIGAN AVE,0320,ROBBERY,STRONGARM - NO WEAPON,ALLEY,false,false,131,1,2,33,03,1177496,1891856,2016,06/24/2016 03:51:41 PM,41.858582942,-87.623951167,"(41.858582942, -87.623951167)",2016-06-17T17:10:00.000Z
10563837,HZ310929,030XX N KEATING AVE,0486,BATTERY,DOMESTIC BATTERY SIMPLE,APARTMENT,false,true,2521,25,31,19,08B,1144193,1919752,2016,06/24/2016 03:51:41 PM,41.935822716,-87.745493917,"(41.935822716, -87.745493917)",2016-06-17T17:13:00.000Z
10563884,HZ310925,0000X W 79TH ST,0326,ROBBERY,AGGRAVATED VEHICULAR HIJACKING,PARKING LOT/GARAGE(NON.RESID.),false,false,623,6,17,44,03,1177172,1852624,2016,06/24/2016 03:51:41 PM,41.750934055,-87.626325022,"(41.750934055, -87.626325022)",2016-06-17T17:15:00.000Z
10564202,HZ311244,099XX S WALDEN PKWY,0630,BURGLARY,ATTEMPT FORCIBLE ENTRY,OTHER,false,false,2213,22,19,72,05,1165992,1838841,2016,06/24/2016 03:51:41 PM,41.713356219,-87.667684642,"(41.713356219, -87.667684642)",2016-06-17T17:17:00.000Z
10563854,HZ310917,009XX N KARLOV AVE,0910,MOTOR VEHICLE THEFT,AUTOMOBILE,STREET,false,false,1111,11,37,23,07,1148881,1905943,2016,06/24/2016 03:51:41 PM,41.897840008,-87.728622834,"(41.897840008, -87.728622834)",2016-06-17T17:21:00.000Z
10568318,HZ310959,047XX S STATE ST,0810,THEFT,OVER $500,SIDEWALK,false,false,224,2,3,38,06,1177068,1873704,2016,06/24/2016 03:51:41 PM,41.808782124,-87.626070778,"(41.808782124, -87.626070778)",2016-06-17T17:30:00.000Z
10564590,HZ311509,064XX S ABERDEEN ST,031A,ROBBERY,ARMED: HANDGUN,APARTMENT,false,false,724,7,16,68,03,1170090,1862066,2016,06/24/2016 03:51:41 PM,41.777000866,-87.652002823,"(41.777000866, -87.652002823)",2016-06-17T17:30:00.000Z
10564548,HZ311318,021XX N HOYNE AVE,0910,MOTOR VEHICLE THEFT,AUTOMOBILE,STREET,false,false,1432,14,32,22,07,1162007,1914182,2016,06/24/2016 03:51:41 PM,41.920184432,-87.680181857,"(41.920184432, -87.680181857)",2016-06-17T17:30:00.000Z
10564502,HZ311478,002XX W 127TH ST,031A,ROBBERY,ARMED: HANDGUN,STREET,false,false,523,5,9,53,03,1177172,1820720,2016,06/24/2016 03:51:41 PM,41.663385023,-87.627283592,"(41.663385023, -87.627283592)",2016-06-17T17:30:00.000Z
10563877,HZ310953,040XX S ARTESIAN AVE,2826,OTHER OFFENSE,HARASSMENT BY ELECTRONIC MEANS,APARTMENT,false,false,921,9,12,58,26,1160690,1877797,2016,06/24/2016 03:51:41 PM,41.820367967,-87.686028851,"(41.820367967, -87.686028851)",2016-06-17T17:30:00.000Z
10563917,HZ310926,006XX N LA SALLE DR,0910,MOTOR VEHICLE THEFT,AUTOMOBILE,GAS STATION,false,false,1832,18,42,8,07,1175023,1904549,2016,06/24/2016 03:51:41 PM,41.893469034,-87.632648229,"(41.893469034, -87.632648229)",2016-06-17T17:34:00.000Z
10566749,HZ313930,005XX N HOYNE AVE,1320,CRIMINAL DAMAGE,TO VEHICLE,STREET,false,false,1221,12,26,24,14,1162311,1903602,2016,06/24/2016 03:51:41 PM,41.891145767,-87.679361266,"(41.891145767, -87.679361266)",2016-06-17T18:00:00.000Z
10565453,HZ312778,132XX S BRANDON AVE,0620,BURGLARY,UNLAWFUL ENTRY,APARTMENT,false,false,433,4,10,55,05,1199435,1817807,2016,06/24/2016 03:51:41 PM,41.654862072,-87.545910589,"(41.654862072, -87.545910589)",2016-06-17T18:00:00.000Z
10564718,HZ311737,046XX W WASHINGTON BLVD,0810,THEFT,OVER $500,CHURCH/SYNAGOGUE/PLACE OF WORSHIP,false,false,1113,11,28,25,06,1145423,1900096,2016,06/24/2016 03:51:41 PM,41.881861352,-87.741471973,"(41.881861352, -87.741471973)",2016-06-17T18:00:00.000Z
10564474,HZ311324,053XX W WRIGHTWOOD AVE,0620,BURGLARY,UNLAWFUL ENTRY,APARTMENT,false,true,2514,25,31,19,05,1140243,1916776,2016,06/24/2016 03:51:41 PM,41.927729669,-87.760083791,"(41.927729669, -87.760083791)",2016-06-17T18:00:00.000Z
10564284,HZ311142,007XX W GARFIELD BLVD,0560,ASSAULT,SIMPLE,APARTMENT,false,true,711,7,3,68,08A,1172439,1868272,2016,06/24/2016 03:51:41 PM,41.793979431,-87.643208858,"(41.793979431, -87.643208858)",2016-06-17T18:00:00.000Z
10563855,HZ310950,040XX N LARAMIE AVE,0460,BATTERY,SIMPLE,STREET,false,false,1624,16,45,15,08B,1140977,1926182,2016,06/24/2016 03:51:41 PM,41.953527155,-87.757154271,"(41.953527155, -87.757154271)",2016-06-17T18:00:00.000Z
10563852,HZ310960,036XX W HARRISON ST,0460,BATTERY,SIMPLE,STREET,false,false,1133,11,24,27,08B,1152308,1897119,2016,06/24/2016 03:51:41 PM,41.873559064,-87.716268776,"(41.873559064, -87.716268776)",2016-06-17T18:00:00.000Z
10563881,HZ310949,030XX N ASHLAND AVE,0460,BATTERY,SIMPLE,SIDEWALK,false,false,1932,19,32,6,08B,1165117,1920459,2016,06/24/2016 03:51:41 PM,41.937343314,-87.668576384,"(41.937343314, -87.668576384)",2016-06-17T18:09:00.000Z
10563915,HZ310961,0000X W GRAND AVE,0460,BATTERY,SIMPLE,BAR OR TAVERN,false,false,1831,18,42,8,08B,1175688,1903888,2016,06/24/2016 03:51:41 PM,41.891640287,-87.630225839,"(41.891640287, -87.630225839)",2016-06-17T18:17:00.000Z
10563876,HZ310968,028XX W CHICAGO AVE,0820,THEFT,$500 AND UNDER,STREET,false,false,1211,12,26,24,06,1157493,1905208,2016,06/24/2016 03:51:41 PM,41.895652177,-87.697011726,"(41.895652177, -87.697011726)",2016-06-17T18:30:00.000Z
10563898,HZ310969,011XX W LELAND AVE,041A,BATTERY,AGGRAVATED: HANDGUN,SIDEWALK,true,false,1913,19,46,3,04B,1167625,1931362,2016,01/30/2017 03:50:55 PM,41.967207856,-87.659043852,"(41.967207856, -87.659043852)",2016-06-17T19:00:00.000Z
10565253,HZ311817,024XX N LINCOLN AVE,0320,ROBBERY,STRONGARM - NO WEAPON,SIDEWALK,false,false,1932,19,43,7,03,1170420,1916281,2016,06/24/2016 03:51:41 PM,41.925764201,-87.649209628,"(41.925764201, -87.649209628)",2016-06-17T19:00:00.000Z
10563933,HZ311021,011XX W LELAND AVE,143A,WEAPONS VIOLATION,UNLAWFUL POSS OF HANDGUN,SIDEWALK,true,false,1913,19,46,3,15,1167606,1931361,2016,06/24/2016 03:51:41 PM,41.967205523,-87.659113741,"(41.967205523, -87.659113741)",2016-06-17T19:03:00.000Z
10563909,HZ310971,028XX N SACRAMENTO AVE,0460,BATTERY,SIMPLE,APARTMENT,false,false,1411,14,35,21,08B,1155885,1918820,2016,06/24/2016 03:51:41 PM,41.933037207,-87.702549874,"(41.933037207, -87.702549874)",2016-06-17T19:09:00.000Z
10563963,HZ311013,010XX E 133RD ST,0266,CRIM SEXUAL ASSAULT,PREDATORY,RESIDENCE,true,false,533,5,9,54,02,1185874,1817276,2016,07/29/2017 03:52:50 PM,41.653734156,-87.595546657,"(41.653734156, -87.595546657)",2016-06-17T19:30:00.000Z
10564754,HZ311787,012XX N LA SALLE DR,0486,BATTERY,DOMESTIC BATTERY SIMPLE,APARTMENT,true,true,1821,18,43,8,08B,1174910,1908582,2016,06/24/2016 03:51:41 PM,41.904538325,-87.632942313,"(41.904538325, -87.632942313)",2016-06-17T20:00:00.000Z
10563932,HZ311001,121XX S WALLACE ST,1020,ARSON,BY FIRE,RESIDENCE,false,false,523,5,34,53,09,1174497,1824463,2016,06/24/2016 03:51:41 PM,41.673716148,-87.636962086,"(41.673716148, -87.636962086)",2016-06-17T20:10:00.000Z
10563914,HZ310994,004XX E 87TH PL,0486,BATTERY,DOMESTIC BATTERY SIMPLE,STREET,false,true,632,6,6,44,08B,1180739,1847070,2016,06/24/2016 03:51:41 PM,41.735612067,-87.61342416,"(41.735612067, -87.61342416)",2016-06-17T20:10:00.000Z
10563986,HZ311026,077XX S RACINE AVE,0610,BURGLARY,FORCIBLE ENTRY,GROCERY FOOD STORE,false,false,612,6,17,71,05,1169661,1853565,2016,06/24/2016 03:51:41 PM,41.753682356,-87.653821721,"(41.753682356, -87.653821721)",2016-06-17T20:55:00.000Z
10564115,HZ311098,093XX S KIMBARK AVE,1320,CRIMINAL DAMAGE,TO VEHICLE,STREET,false,false,413,4,8,47,14,1186500,1843269,2016,06/24/2016 03:51:41 PM,41.725047539,-87.592438175,"(41.725047539, -87.592438175)",2016-06-17T21:30:00.000Z
10564019,HZ311025,070XX S CLAREMONT AVE,0486,BATTERY,DOMESTIC BATTERY SIMPLE,RESIDENCE,false,true,832,8,17,66,08B,1161951,1857930,2016,06/24/2016 03:51:41 PM,41.765824181,-87.681955131,"(41.765824181, -87.681955131)",2016-06-17T21:30:00.000Z
10669592,HZ417207,005XX W OHARE ST,1206,DECEPTIVE PRACTICE,"THEFT BY LESSEE,MOTOR VEH",AIRPORT VENDING ESTABLISHMENT,false,false,1654,16,41,76,11,"","",2016,09/06/2016 03:55:40 PM,"","","",2016-06-17T21:40:00.000Z
10563931,HZ311014,024XX W LEXINGTON ST,0313,ROBBERY,ARMED: OTHER DANGEROUS WEAPON,STREET,false,false,1135,11,2,28,03,1160191,1896630,2016,06/24/2016 03:51:41 PM,41.872058044,-87.687339731,"(41.872058044, -87.687339731)",2016-06-17T21:40:00.000Z
10564052,HZ311019,026XX N CANNON DR,1330,CRIMINAL TRESPASS,TO LAND,PARK PROPERTY,true,false,1935,19,43,7,26,1173915,1917861,2016,06/24/2016 03:51:41 PM,41.930022549,-87.636320176,"(41.930022549, -87.636320176)",2016-06-17T21:50:00.000Z
10576915,HZ311242,006XX W OHARE ST,2093,NARCOTICS,FOUND SUSPECT NARCOTICS,POLICE FACILITY/VEH PARKING LOT,true,false,1654,16,41,76,18,"","",2016,11/15/2016 03:54:59 PM,"","","",2016-06-17T22:00:00.000Z
10577711,HZ326574,126XX S TORRENCE AVE,0560,ASSAULT,SIMPLE,FACTORY/MANUFACTURING BUILDING,false,false,433,4,10,55,08A,1195862,1821766,2016,06/30/2016 03:48:43 PM,41.665814864,-87.558853882,"(41.665814864, -87.558853882)",2016-06-17T22:00:00.000Z
10575364,HZ323778,021XX S FAIRFIELD AVE,0620,BURGLARY,UNLAWFUL ENTRY,APARTMENT,false,false,1023,10,28,30,05,1158364,1889551,2016,06/30/2016 03:48:43 PM,41.852670072,-87.6942409,"(41.852670072, -87.6942409)",2016-06-17T22:00:00.000Z
10564251,HZ311050,003XX W HILL ST,0810,THEFT,OVER $500,VEHICLE NON-COMMERCIAL,false,false,1823,18,27,8,06,1174073,1907681,2016,06/24/2016 03:51:41 PM,41.902084646,-87.636043721,"(41.902084646, -87.636043721)",2016-06-17T22:00:00.000Z
10569117,HZ317107,008XX E 80TH ST,0910,MOTOR VEHICLE THEFT,AUTOMOBILE,STREET,false,false,631,6,8,44,07,1183154,1852139,2016,06/24/2016 03:51:41 PM,41.749466183,-87.604419308,"(41.749466183, -87.604419308)",2016-06-17T22:30:00.000Z
10565805,HZ312066,077XX S JEFFERY BLVD,0610,BURGLARY,FORCIBLE ENTRY,APARTMENT,false,false,414,4,8,43,05,1190877,1854145,2016,06/24/2016 03:51:41 PM,41.754787799,-87.576054836,"(41.754787799, -87.576054836)",2016-06-17T22:30:00.000Z
10564020,HZ311049,0000X S MASON AVE,0486,BATTERY,DOMESTIC BATTERY SIMPLE,APARTMENT,false,true,1513,15,29,25,08B,1136839,1899289,2016,06/24/2016 03:51:41 PM,41.87980496,-87.773012089,"(41.87980496, -87.773012089)",2016-06-17T22:56:00.000Z
10566971,HZ314945,014XX W MADISON ST,0890,THEFT,FROM BUILDING,OTHER,false,false,1224,12,2,28,06,1166873,1900131,2016,06/24/2016 03:51:41 PM,41.881524451,-87.662706932,"(41.881524451, -87.662706932)",2016-06-17T23:00:00.000Z
10565892,HZ312905,007XX S LOOMIS ST,0820,THEFT,$500 AND UNDER,SIDEWALK,false,false,1231,12,25,28,06,1167159,1896954,2016,06/24/2016 03:51:41 PM,41.872800376,-87.661748038,"(41.872800376, -87.661748038)",2016-06-17T23:00:00.000Z
10564856,HZ312072,023XX W WARREN BLVD,0820,THEFT,$500 AND UNDER,RESIDENCE,false,false,1223,12,2,28,06,1160792,1900294,2016,06/24/2016 03:51:41 PM,41.882099961,-87.685031596,"(41.882099961, -87.685031596)",2016-06-17T23:00:00.000Z
10564345,HZ311219,117XX S PEORIA ST,0910,MOTOR VEHICLE THEFT,AUTOMOBILE,STREET,false,false,524,5,34,53,07,1172435,1826924,2016,06/24/2016 03:51:41 PM,41.680515017,-87.64443719,"(41.680515017, -87.64443719)",2016-06-17T23:00:00.000Z
10564083,HZ311056,066XX N CALIFORNIA AVE,1310,CRIMINAL DAMAGE,TO PROPERTY,RESIDENCE,false,true,2412,24,50,2,14,1156458,1943980,2016,06/24/2016 03:51:41 PM,42.002066067,-87.699760404,"(42.002066067, -87.699760404)",2016-06-17T23:08:00.000Z
10565051,HZ312219,057XX W WASHINGTON BLVD,1320,CRIMINAL DAMAGE,TO VEHICLE,STREET,false,false,1512,15,29,25,14,1137989,1900163,2016,06/24/2016 03:51:41 PM,41.882182651,-87.768768266,"(41.882182651, -87.768768266)",2016-06-17T23:20:00.000Z
10564010,HZ311064,076XX S SEELEY AVE,1320,CRIMINAL DAMAGE,TO VEHICLE,STREET,false,true,611,6,18,71,14,1164018,1854050,2016,06/24/2016 03:51:41 PM,41.755133708,-87.674487767,"(41.755133708, -87.674487767)",2016-06-17T23:27:00.000Z
10566330,HZ312783,004XX E 87TH ST,1330,CRIMINAL TRESPASS,TO LAND,RESIDENTIAL YARD (FRONT/BACK),false,false,632,6,6,44,26,1174673,1847280,2016,06/24/2016 03:51:41 PM,41.736325424,-87.635641316,"(41.736325424, -87.635641316)",2016-06-17T23:30:00.000Z
10564082,HZ311097,0000X S KOSTNER AVE,0460,BATTERY,SIMPLE,GROCERY FOOD STORE,false,false,1113,11,28,26,08B,1147063,1899523,2016,06/24/2016 03:51:41 PM,41.880257779,-87.735464519,"(41.880257779, -87.735464519)",2016-06-17T23:40:00.000Z
10564268,HZ311160,097XX S CHAPPEL AVE,5000,OTHER OFFENSE,OTHER CRIME AGAINST PERSON,RESIDENTIAL YARD (FRONT/BACK),false,false,431,4,7,51,26,1191546,1840871,2016,06/24/2016 03:51:41 PM,41.718346523,-87.574032363,"(41.718346523, -87.574032363)",2016-06-17T23:48:00.000Z
10580043,HZ328831,058XX S MARYLAND AVE,1154,DECEPTIVE PRACTICE,FINANCIAL IDENTITY THEFT $300 AND UNDER,HOSPITAL BUILDING/GROUNDS,false,false,235,2,5,41,11,1182887,1866434,2016,07/04/2016 03:55:03 PM,41.788699253,-87.604954085,"(41.788699253, -87.604954085)",2016-06-18T00:00:00.000Z
10572091,HZ319773,079XX S GREEN ST,1110,DECEPTIVE PRACTICE,BOGUS CHECK,OTHER,false,false,621,6,17,71,11,1172014,1852256,2016,06/27/2016 03:50:03 PM,41.75003897,-87.645237186,"(41.75003897, -87.645237186)",2016-06-18T00:00:00.000Z
10568900,HZ316903,042XX W ROOSEVELT RD,1120,DECEPTIVE PRACTICE,FORGERY,OTHER,false,false,1132,11,24,29,10,1148439,1894371,2016,06/24/2016 03:51:41 PM,41.866093673,-87.730544803,"(41.866093673, -87.730544803)",2016-06-18T00:00:00.000Z
10567696,HZ315630,001XX W LAKE ST,1563,SEX OFFENSE,CRIMINAL SEXUAL ABUSE,CTA TRAIN,false,false,122,1,42,32,17,1175301,1901735,2016,06/24/2016 03:51:41 PM,41.885741029,-87.631711749,"(41.885741029, -87.631711749)",2016-06-18T00:00:00.000Z
10565673,HZ313112,017XX N KEYSTONE AVE,2826,OTHER OFFENSE,HARASSMENT BY ELECTRONIC MEANS,APARTMENT,false,false,2534,25,30,20,26,1149114,1911213,2016,06/24/2016 03:51:41 PM,41.912296906,-87.727630367,"(41.912296906, -87.727630367)",2016-06-18T00:00:00.000Z
10565434,HZ312761,026XX N MILWAUKEE AVE,0810,THEFT,OVER $500,SIDEWALK,false,false,1412,14,35,22,06,1154441,1917479,2016,06/24/2016 03:51:41 PM,41.92938643,-87.707892425,"(41.92938643, -87.707892425)",2016-06-18T00:00:00.000Z
10565334,HZ311682,018XX N SPRINGFIELD AVE,0810,THEFT,OVER $500,"SCHOOL, PUBLIC, GROUNDS",false,false,2535,25,30,20,06,1150088,1912017,2016,06/24/2016 03:51:41 PM,41.914484227,-87.724031146,"(41.914484227, -87.724031146)",2016-06-18T00:00:00.000Z
10564384,HZ311174,027XX S KEELER AVE,4210,KIDNAPPING,KIDNAPPING,SIDEWALK,true,false,1031,10,22,30,26,1148828,1885497,2016,09/25/2016 03:48:36 PM,41.841734799,-87.729345889,"(41.841734799, -87.729345889)",2016-06-18T00:05:00.000Z
10564490,HZ311173,090XX S COMMERCIAL AVE,1792,KIDNAPPING,CHILD ABDUCTION/STRANGER,SIDEWALK,false,false,423,4,10,46,20,1197712,1845700,2016,06/24/2016 03:51:41 PM,41.731446259,-87.551288344,"(41.731446259, -87.551288344)",2016-06-18T00:15:00.000Z
10564676,HZ311581,002XX W EVERGREEN AVE,0484,BATTERY,PRO EMP HANDS NO/MIN INJURY,"SCHOOL, PUBLIC, BUILDING",false,false,1821,18,43,8,08B,1174261,1909359,2016,06/24/2016 03:51:41 PM,41.906684967,-87.635303024,"(41.906684967, -87.635303024)",2016-06-18T00:20:00.000Z
10564333,HZ311342,067XX S PAXTON AVE,1310,CRIMINAL DAMAGE,TO PROPERTY,RESIDENCE-GARAGE,false,false,331,3,5,43,14,1192036,1860741,2016,06/24/2016 03:51:41 PM,41.772859668,-87.571593454,"(41.772859668, -87.571593454)",2016-06-18T00:20:00.000Z
10564329,HZ311233,011XX N LAWLER AVE,0810,THEFT,OVER $500,SIDEWALK,false,false,1531,15,37,25,06,1142488,1907114,2016,06/24/2016 03:51:41 PM,41.901174616,-87.752074801,"(41.901174616, -87.752074801)",2016-06-18T00:20:00.000Z
10565338,HZ311436,122XX S LOOMIS ST,1310,CRIMINAL DAMAGE,TO PROPERTY,RESIDENCE,false,true,524,5,34,53,14,1169213,1823661,2016,06/24/2016 03:51:41 PM,41.671630876,-87.656325137,"(41.671630876, -87.656325137)",2016-06-18T00:30:00.000Z
10564597,HZ311519,058XX S SPAULDING AVE,0560,ASSAULT,SIMPLE,RESIDENCE,false,true,822,8,14,63,08A,1155383,1865678,2016,06/24/2016 03:51:41 PM,41.787219828,-87.705822051,"(41.787219828, -87.705822051)",2016-06-18T00:30:00.000Z
10564555,HZ311453,057XX N MOZART ST,0910,MOTOR VEHICLE THEFT,AUTOMOBILE,STREET,false,false,2011,20,40,2,07,1156319,1937847,2016,06/24/2016 03:51:41 PM,41.985239669,-87.700438524,"(41.985239669, -87.700438524)",2016-06-18T00:30:00.000Z
10565050,HZ312245,057XX W WASHINGTON BLVD,2820,OTHER OFFENSE,TELEPHONE THREAT,RESIDENCE,false,true,1512,15,29,25,26,1137989,1900163,2016,06/24/2016 03:51:41 PM,41.882182651,-87.768768266,"(41.882182651, -87.768768266)",2016-06-18T00:32:00.000Z
10564150,HZ311157,017XX W HOWARD ST,1330,CRIMINAL TRESPASS,TO LAND,GROCERY FOOD STORE,true,false,2422,24,49,1,26,1163126,1950347,2016,06/24/2016 03:51:41 PM,42.019399237,-87.675049485,"(42.019399237, -87.675049485)",2016-06-18T00:50:00.000Z
10567986,HZ315828,028XX W WARREN BLVD,0610,BURGLARY,FORCIBLE ENTRY,RESIDENCE,false,false,1222,12,2,27,05,1157465,1900227,2016,06/24/2016 03:51:41 PM,41.881984424,-87.697250175,"(41.881984424, -87.697250175)",2016-06-18T01:00:00.000Z
10565179,HZ312429,050XX S FORRESTVILLE AVE,0620,BURGLARY,UNLAWFUL ENTRY,APARTMENT,false,false,223,2,4,38,05,1180782,1871513,2016,06/24/2016 03:51:41 PM,41.802685157,-87.612516134,"(41.802685157, -87.612516134)",2016-06-18T01:00:00.000Z
10564771,HZ311812,066XX N NORTHWEST HWY,0890,THEFT,FROM BUILDING,SMALL RETAIL STORE,false,false,1612,16,41,9,06,1125012,1943866,2016,06/24/2016 03:51:41 PM,42.002333472,-87.815451293,"(42.002333472, -87.815451293)",2016-06-18T01:00:00.000Z
10564596,HZ311534,035XX S RHODES AVE,2820,OTHER OFFENSE,TELEPHONE THREAT,APARTMENT,false,false,212,2,4,35,26,1180172,1881335,2016,06/24/2016 03:51:41 PM,41.829651528,-87.614451899,"(41.829651528, -87.614451899)",2016-06-18T01:00:00.000Z
10564595,HZ311511,122XX S MAY ST,2826,OTHER OFFENSE,HARASSMENT BY ELECTRONIC MEANS,STREET,false,false,524,5,34,53,26,1170878,1823639,2016,06/24/2016 03:51:41 PM,41.671534447,-87.650231897,"(41.671534447, -87.650231897)",2016-06-18T01:00:00.000Z
10564252,HZ311292,077XX S MAY ST,0820,THEFT,$500 AND UNDER,RESIDENCE PORCH/HALLWAY,false,false,612,6,17,71,06,1169992,1853575,2016,06/24/2016 03:51:41 PM,41.753702617,-87.652608434,"(41.753702617, -87.652608434)",2016-06-18T01:00:00.000Z
10564406,HZ311162,010XX W 77TH ST,0560,ASSAULT,SIMPLE,APARTMENT,false,false,612,6,17,71,08A,1170802,1853763,2016,06/24/2016 03:51:41 PM,41.754200888,-87.649634597,"(41.754200888, -87.649634597)",2016-06-18T01:05:00.000Z
10564453,HZ311186,130XX S CHAMPLAIN AVE,0486,BATTERY,DOMESTIC BATTERY SIMPLE,CHA APARTMENT,false,true,533,5,9,54,08B,1183240,1818690,2016,06/24/2016 03:51:41 PM,41.657675845,-87.605140583,"(41.657675845, -87.605140583)",2016-06-18T01:10:00.000Z
10564262,HZ311203,023XX N LISTER AVE,0820,THEFT,$500 AND UNDER,STREET,false,false,1432,14,32,22,06,1162950,1915277,2016,06/24/2016 03:51:41 PM,41.923169423,-87.676686304,"(41.923169423, -87.676686304)",2016-06-18T01:10:00.000Z
10564237,HZ311172,065XX S RICHMOND ST,0810,THEFT,OVER $500,STREET,false,false,831,8,15,66,06,1157839,1861133,2016,06/24/2016 03:51:41 PM,41.774698153,-87.696940243,"(41.774698153, -87.696940243)",2016-06-18T01:12:00.000Z
10564385,HZ311214,030XX W ARMITAGE AVE,0320,ROBBERY,STRONGARM - NO WEAPON,SIDEWALK,true,false,1421,14,35,22,03,1155426,1913127,2016,04/09/2017 03:55:05 PM,41.917424423,-87.704390121,"(41.917424423, -87.704390121)",2016-06-18T01:14:00.000Z
10564255,HZ311183,082XX S KINGSTON AVE,0810,THEFT,OVER $500,STREET,false,false,423,4,7,46,06,1194605,1850916,2016,06/24/2016 03:51:41 PM,41.745836308,-87.562499082,"(41.745836308, -87.562499082)",2016-06-18T01:15:00.000Z
10564219,HZ311198,040XX N ASHLAND AVE,1350,CRIMINAL TRESPASS,TO STATE SUP LAND,"SCHOOL, PUBLIC, BUILDING",true,false,1912,19,47,6,26,1164934,1926849,2016,06/24/2016 03:51:41 PM,41.954881682,-87.669066936,"(41.954881682, -87.669066936)",2016-06-18T01:15:00.000Z
10564181,HZ311228,063XX W 56TH ST,0460,BATTERY,SIMPLE,"SCHOOL, PUBLIC, BUILDING",true,false,811,8,23,56,08B,1135110,1866750,2016,06/24/2016 03:51:41 PM,41.79054357,-87.780130326,"(41.79054357, -87.780130326)",2016-06-18T01:20:00.000Z
10572716,HZ311457,056XX S PAULINA ST,0620,BURGLARY,UNLAWFUL ENTRY,APARTMENT,false,false,715,7,15,67,05,1165970,1867386,2016,07/04/2016 03:55:03 PM,41.791688197,-87.666955508,"(41.791688197, -87.666955508)",2016-06-18T01:30:00.000Z
10564288,HZ311253,0000X S SPRINGFIELD AVE,1811,NARCOTICS,POSS: CANNABIS 30GMS OR LESS,SIDEWALK,true,false,1122,11,28,26,18,1150396,1899641,2016,06/24/2016 03:51:41 PM,41.880517217,-87.723222927,"(41.880517217, -87.723222927)",2016-06-18T01:30:00.000Z
10565211,HZ312022,100XX S LOWE AVE,0610,BURGLARY,FORCIBLE ENTRY,RESIDENCE,false,false,2232,22,9,73,05,1173740,1838352,2016,06/24/2016 03:51:41 PM,41.711846458,-87.639323198,"(41.711846458, -87.639323198)",2016-06-18T01:35:00.000Z
10566339,HZ311221,019XX W 33RD ST,0860,THEFT,RETAIL THEFT,SMALL RETAIL STORE,true,false,912,9,11,59,06,1163830,1882804,2016,06/24/2016 03:51:41 PM,41.834042232,-87.674368991,"(41.834042232, -87.674368991)",2016-06-18T01:36:00.000Z
10565646,HZ311612,064XX S KOMENSKY AVE,0496,BATTERY,AGGRAVATED DOMESTIC BATTERY: KNIFE/CUTTING INST,RESIDENCE,false,true,813,8,13,65,04B,1150479,1861531,2016,06/27/2016 03:50:03 PM,41.775936617,-87.72391083,"(41.775936617, -87.72391083)",2016-06-18T01:48:00.000Z
10564911,HZ312120,025XX N MILWAUKEE AVE,1320,CRIMINAL DAMAGE,TO VEHICLE,PARKING LOT/GARAGE(NON.RESID.),false,false,1414,14,35,22,14,1155224,1916840,2016,06/24/2016 03:51:41 PM,41.927617255,-87.705032324,"(41.927617255, -87.705032324)",2016-06-18T01:50:00.000Z
10564272,HZ311227,019XX E 87TH ST,0860,THEFT,RETAIL THEFT,CONVENIENCE STORE,true,false,412,4,8,45,06,1190588,1847672,2016,06/24/2016 03:51:41 PM,41.737032276,-87.577322335,"(41.737032276, -87.577322335)",2016-06-18T01:57:00.000Z
10661493,HZ411892,008XX W SHERIDAN RD,0281,CRIM SEXUAL ASSAULT,NON-AGGRAVATED,APARTMENT,false,false,1923,19,46,6,02,"","",2016,08/30/2016 04:01:15 PM,"","","",2016-06-18T02:00:00.000Z
10602049,HZ353745,003XX S LEAMINGTON AVE,1310,CRIMINAL DAMAGE,TO PROPERTY,APARTMENT,false,false,1533,15,28,25,14,"","",2016,07/19/2016 04:00:08 PM,"","","",2016-06-18T02:00:00.000Z
10583195,HZ317045,011XX W ADDISON ST,1130,DECEPTIVE PRACTICE,FRAUD OR CONFIDENCE GAME,RESIDENCE,false,false,1923,19,44,6,11,1168153,1924067,2016,07/06/2016 03:55:54 PM,41.947178685,-87.657314067,"(41.947178685, -87.657314067)",2016-06-18T02:00:00.000Z
10575071,HZ322501,076XX N EASTLAKE TER,0890,THEFT,FROM BUILDING,RESIDENCE PORCH/HALLWAY,false,false,2422,24,49,1,06,1165924,1950541,2016,06/27/2016 03:50:03 PM,42.019872063,-87.664747625,"(42.019872063, -87.664747625)",2016-06-18T02:00:00.000Z
10575032,HZ323341,077XX S PAXTON AVE,1310,CRIMINAL DAMAGE,TO PROPERTY,RESIDENCE,false,false,414,4,8,43,14,1192212,1854104,2016,06/27/2016 03:50:03 PM,41.754642942,-87.571163869,"(41.754642942, -87.571163869)",2016-06-18T02:00:00.000Z
10565558,HZ311303,022XX W 54TH PL,1320,CRIMINAL DAMAGE,TO VEHICLE,STREET,false,false,932,9,16,63,14,1162221,1868482,2016,06/24/2016 03:51:41 PM,41.794774682,-87.68067193,"(41.794774682, -87.68067193)",2016-06-18T02:00:00.000Z
10565172,HZ312396,094XX S ST LAWRENCE AVE,0430,BATTERY,AGGRAVATED: OTHER DANG WEAPON,STREET,false,false,633,6,9,49,04B,1181890,1842609,2016,06/24/2016 03:51:41 PM,41.723344058,-87.609344841,"(41.723344058, -87.609344841)",2016-06-18T02:00:00.000Z
10564736,HZ311417,064XX S DR MARTIN LUTHER KING JR DR,1710,OFFENSE INVOLVING CHILDREN,ENDANGERING LIFE/HEALTH CHILD,RESIDENCE,true,false,312,3,20,69,20,1180029,1862330,2016,06/24/2016 03:51:41 PM,41.777503445,-87.615558861,"(41.777503445, -87.615558861)",2016-06-18T02:00:00.000Z
10564703,HZ311676,012XX S STATE ST,0910,MOTOR VEHICLE THEFT,AUTOMOBILE,STREET,false,false,131,1,2,33,07,1176526,1894914,2016,06/24/2016 03:51:41 PM,41.866996231,-87.62741936,"(41.866996231, -87.62741936)",2016-06-18T02:00:00.000Z
10564370,HZ311277,080XX S SPAULDING AVE,0486,BATTERY,DOMESTIC BATTERY SIMPLE,STREET,false,true,834,8,18,70,08B,1155775,1851220,2016,06/24/2016 03:51:41 PM,41.747536985,-87.704772145,"(41.747536985, -87.704772145)",2016-06-18T02:15:00.000Z
10632705,HZ384960,001XX E 59TH ST,2825,OTHER OFFENSE,HARASSMENT BY TELEPHONE,OTHER,false,false,232,2,20,40,26,"","",2016,08/10/2016 03:55:25 PM,"","","",2016-06-18T02:20:00.000Z
10564416,HZ311299,031XX W 40TH ST,031A,ROBBERY,ARMED: HANDGUN,SIDEWALK,false,false,921,9,14,58,03,1156167,1877930,2016,06/24/2016 03:51:41 PM,41.820825241,-87.702617793,"(41.820825241, -87.702617793)",2016-06-18T02:28:00.000Z
10564628,HZ311343,022XX N KOSTNER AVE,1477,WEAPONS VIOLATION,RECKLESS FIREARM DISCHARGE,ALLEY,false,false,2522,25,31,20,15,1146690,1914468,2016,06/15/2017 03:48:35 PM,41.921275577,-87.73645234,"(41.921275577, -87.73645234)",2016-06-18T02:30:00.000Z
10614199,HZ366696,035XX S COTTAGE GROVE AVE,1130,DECEPTIVE PRACTICE,FRAUD OR CONFIDENCE GAME,APARTMENT,false,false,212,2,4,36,11,"","",2016,07/28/2016 03:54:39 PM,"","","",2016-06-18T02:30:00.000Z
10568227,HZ315793,003XX N STATE ST,0820,THEFT,$500 AND UNDER,APARTMENT,false,false,1831,18,42,8,06,1176300,1902537,2016,06/24/2016 03:51:41 PM,41.887919288,-87.628019052,"(41.887919288, -87.628019052)",2016-06-18T02:30:00.000Z
10564444,HZ311337,0000X N KILBOURN AVE,0820,THEFT,$500 AND UNDER,GAS STATION,false,false,1113,11,28,26,06,1146387,1899777,2016,06/24/2016 03:51:41 PM,41.88096768,-87.737940272,"(41.88096768, -87.737940272)",2016-06-18T02:30:00.000Z
10564295,HZ311297,001XX N LAPORTE AVE,1811,NARCOTICS,POSS: CANNABIS 30GMS OR LESS,ABANDONED BUILDING,true,false,1532,15,28,25,18,1143353,1900666,2016,06/24/2016 03:51:41 PM,41.883464424,-87.749058817,"(41.883464424, -87.749058817)",2016-06-18T02:35:00.000Z
10564522,HZ311301,075XX N ROCKWELL ST,1310,CRIMINAL DAMAGE,TO PROPERTY,RESIDENCE,false,false,2411,24,50,2,14,1157736,1949845,2016,06/27/2016 03:50:03 PM,42.018133773,-87.694897862,"(42.018133773, -87.694897862)",2016-06-18T02:36:00.000Z
10927919,JA242515,055XX W GLADYS AVE,1153,DECEPTIVE PRACTICE,FINANCIAL IDENTITY THEFT OVER $ 300,RESIDENCE,false,false,1522,15,29,25,11,"","",2016,04/29/2017 03:49:38 PM,"","","",2016-06-18T02:45:00.000Z
10565266,HZ312502,029XX N LONG AVE,1563,SEX OFFENSE,CRIMINAL SEXUAL ABUSE,RESIDENCE,false,false,2514,25,31,19,17,1139864,1918980,2016,06/24/2016 03:51:41 PM,41.93378462,-87.761422466,"(41.93378462, -87.761422466)",2016-06-18T02:45:00.000Z
10565042,HZ312158,014XX W 17TH ST,4387,OTHER OFFENSE,VIOLATE ORDER OF PROTECTION,RESIDENCE,false,true,1233,12,25,31,26,1167089,1891840,2016,06/24/2016 03:51:41 PM,41.858768633,-87.662151835,"(41.858768633, -87.662151835)",2016-06-18T02:45:00.000Z
10564582,HZ311356,007XX N MICHIGAN AVE,2850,PUBLIC PEACE VIOLATION,BOMB THREAT,DEPARTMENT STORE,false,false,1834,18,42,8,26,1177303,1905177,2016,06/24/2016 03:51:41 PM,41.895140898,-87.624255632,"(41.895140898, -87.624255632)",2016-06-18T02:50:00.000Z
10564373,HZ311326,043XX S MICHIGAN AVE,143A,WEAPONS VIOLATION,UNLAWFUL POSS OF HANDGUN,SIDEWALK,false,false,215,2,3,38,15,1177878,1876372,2016,06/24/2016 03:51:41 PM,41.816085018,-87.623019008,"(41.816085018, -87.623019008)",2016-06-18T02:50:00.000Z
10564765,HZ311595,031XX W POLK ST,0265,CRIM SEXUAL ASSAULT,AGGRAVATED: OTHER,APARTMENT,false,true,1134,11,24,27,02,1155558,1896200,2016,06/24/2016 03:51:41 PM,41.870972499,-87.704361047,"(41.870972499, -87.704361047)",2016-06-18T03:00:00.000Z
10564654,HZ311325,046XX N SHERIDAN RD,0560,ASSAULT,SIMPLE,APARTMENT,false,false,1914,19,46,3,08A,1168782,1931169,2016,06/24/2016 03:51:41 PM,41.966653193,-87.654795347,"(41.966653193, -87.654795347)",2016-06-18T03:00:00.000Z
10564561,HZ311408,021XX W GRAND AVE,4387,OTHER OFFENSE,VIOLATE ORDER OF PROTECTION,SIDEWALK,false,true,1221,12,26,24,26,1161950,1903459,2016,06/24/2016 03:51:41 PM,41.890760905,-87.680691037,"(41.890760905, -87.680691037)",2016-06-18T03:00:00.000Z
10564530,HZ311397,033XX W MADISON ST,2820,OTHER OFFENSE,TELEPHONE THREAT,OTHER,false,true,1124,11,28,27,26,1154107,1899818,2016,06/24/2016 03:51:41 PM,41.880929722,-87.709591684,"(41.880929722, -87.709591684)",2016-06-18T03:04:00.000Z
10564641,HZ311454,0000X E ADAMS ST,0860,THEFT,RETAIL THEFT,SMALL RETAIL STORE,false,false,113,1,42,32,06,1176689,1899474,2016,06/24/2016 03:51:41 PM,41.879505465,-87.626683155,"(41.879505465, -87.626683155)",2016-06-18T03:20:00.000Z
10564523,HZ311388,021XX W BELMONT AVE,1210,DECEPTIVE PRACTICE,THEFT OF LABOR/SERVICES,OTHER,false,false,1931,19,32,5,11,1161525,1921229,2016,06/24/2016 03:51:41 PM,41.939531913,-87.681756046,"(41.939531913, -87.681756046)",2016-06-18T03:30:00.000Z
10564475,HZ311414,107XX S CALHOUN AVE,0545,ASSAULT,PRO EMP HANDS NO/MIN INJURY,"SCHOOL, PUBLIC, BUILDING",false,false,434,4,10,51,08A,1194895,1834264,2016,06/24/2016 03:51:41 PM,41.700134558,-87.561983199,"(41.700134558, -87.561983199)",2016-06-18T03:30:00.000Z
10594109,HZ311357,013XX N WICKER PARK AVE,1320,CRIMINAL DAMAGE,TO VEHICLE,STREET,false,false,1424,14,1,24,14,1164081,1909094,2016,07/14/2016 03:47:37 PM,41.90617902,-87.672705617,"(41.90617902, -87.672705617)",2016-06-18T03:32:00.000Z
10564642,HZ311458,001XX N CENTRAL AVE,0486,BATTERY,DOMESTIC BATTERY SIMPLE,ALLEY,true,true,1523,15,29,25,08B,1139017,1900722,2016,06/24/2016 03:51:41 PM,41.883697999,-87.764979797,"(41.883697999, -87.764979797)",2016-06-18T03:32:00.000Z
10564687,HZ311561,119XX S HALSTED ST,0460,BATTERY,SIMPLE,CURRENCY EXCHANGE,true,false,524,5,34,53,08B,1173143,1825671,2016,06/24/2016 03:51:41 PM,41.677061018,-87.641882376,"(41.677061018, -87.641882376)",2016-06-18T03:40:00.000Z
10564534,HZ311460,045XX N HAMLIN AVE,0560,ASSAULT,SIMPLE,"SCHOOL, PUBLIC, BUILDING",false,false,1723,17,39,14,08A,1150235,1930071,2016,06/24/2016 03:51:41 PM,41.964023009,-87.723018865,"(41.964023009, -87.723018865)",2016-06-18T03:40:00.000Z
10564577,HZ311401,043XX W HIRSCH ST,0486,BATTERY,DOMESTIC BATTERY SIMPLE,SIDEWALK,false,true,2534,25,37,23,08B,1147204,1908961,2016,06/24/2016 03:51:41 PM,41.906153988,-87.734704989,"(41.906153988, -87.734704989)",2016-06-18T03:45:00.000Z
10564469,HZ311418,078XX S COLFAX AVE,0470,PUBLIC PEACE VIOLATION,RECKLESS CONDUCT,STREET,true,false,421,4,7,43,24,1194878,1853586,2016,06/24/2016 03:51:41 PM,41.753156284,-87.561411005,"(41.753156284, -87.561411005)",2016-06-18T03:45:00.000Z
10564659,HZ311406,002XX E 69TH ST,1320,CRIMINAL DAMAGE,TO VEHICLE,STREET,false,false,322,3,20,69,14,1178897,1859315,2016,06/24/2016 03:51:41 PM,41.769255825,-87.619800447,"(41.769255825, -87.619800447)",2016-06-18T03:50:00.000Z
10656117,HZ402417,078XX S ADA ST,5002,OTHER OFFENSE,OTHER VEHICLE OFFENSE,ABANDONED BUILDING,false,false,612,6,17,71,26,"","",2016,08/25/2016 03:50:02 PM,"","","",2016-06-18T16:00:00.000Z
10571331,HZ318127,068XX S HARPER AVE,0820,THEFT,$500 AND UNDER,APARTMENT,false,false,332,3,5,43,06,1187560,1860083,2016,07/04/2016 03:55:03 PM,41.771161679,-87.588021943,"(41.771161679, -87.588021943)",2016-06-18T16:00:00.000Z
10573888,HZ321688,045XX N OAKLEY AVE,1153,DECEPTIVE PRACTICE,FINANCIAL IDENTITY THEFT OVER $ 300,RESIDENCE,false,false,1911,19,47,4,11,1160214,1930082,2016,06/27/2016 03:50:03 PM,41.963852286,-87.686328717,"(41.963852286, -87.686328717)",2016-06-18T16:00:00.000Z
10565603,HZ312860,007XX E 62ND ST,0610,BURGLARY,FORCIBLE ENTRY,APARTMENT,false,false,313,3,20,42,05,1182066,1864058,2016,06/24/2016 03:51:41 PM,41.78219834,-87.608037855,"(41.78219834, -87.608037855)",2016-06-18T16:00:00.000Z
10565390,HZ312654,109XX S VERNON AVE,1310,CRIMINAL DAMAGE,TO PROPERTY,APARTMENT,false,false,513,5,9,49,14,1181183,1832574,2016,06/24/2016 03:51:41 PM,41.695823004,-87.612242314,"(41.695823004, -87.612242314)",2016-06-18T16:00:00.000Z
10565168,HZ312428,081XX S CLYDE AVE,0620,BURGLARY,UNLAWFUL ENTRY,APARTMENT,false,false,414,4,8,46,05,1191605,1851512,2016,06/24/2016 03:51:41 PM,41.747545006,-87.573472192,"(41.747545006, -87.573472192)",2016-06-18T16:00:00.000Z
10564997,HZ312105,025XX N RUTHERFORD AVE,0486,BATTERY,DOMESTIC BATTERY SIMPLE,RESIDENCE,false,true,2512,25,36,18,08B,1130992,1916098,2016,06/24/2016 03:51:41 PM,41.92603384,-87.794093918,"(41.92603384, -87.794093918)",2016-06-18T16:00:00.000Z
10564673,HZ311503,056XX W GOODMAN ST,0486,BATTERY,DOMESTIC BATTERY SIMPLE,RESIDENCE,false,false,1623,16,45,11,08B,1138267,1932632,2016,06/24/2016 03:51:41 PM,41.971276113,-87.766959906,"(41.971276113, -87.766959906)",2016-06-18T16:00:00.000Z
10564617,HZ311550,004XX N HERMITAGE AVE,0810,THEFT,OVER $500,STREET,false,false,1215,12,27,24,06,1164663,1902866,2016,06/24/2016 03:51:41 PM,41.88907661,-87.670744403,"(41.88907661, -87.670744403)",2016-06-18T16:00:00.000Z
10564520,HZ311442,051XX W JACKSON BLVD,0820,THEFT,$500 AND UNDER,NURSING HOME/RETIREMENT HOME,false,false,1533,15,28,25,06,1142017,1898181,2016,06/24/2016 03:51:41 PM,41.876670128,-87.754026367,"(41.876670128, -87.754026367)",2016-06-18T16:00:00.000Z
10580614,HZ329635,032XX N DAYTON ST,0820,THEFT,$500 AND UNDER,STREET,false,false,1924,19,44,6,06,1170070,1921757,2016,07/04/2016 03:55:03 PM,41.940798247,-87.650335397,"(41.940798247, -87.650335397)",2016-06-18T16:10:00.000Z
10579917,HZ328660,039XX W 16TH ST,1150,DECEPTIVE PRACTICE,CREDIT CARD FRAUD,GROCERY FOOD STORE,false,true,1014,10,24,29,11,1150173,1891753,2016,07/04/2016 03:55:03 PM,41.858875982,-87.724247284,"(41.858875982, -87.724247284)",2016-06-18T16:14:00.000Z
10564874,HZ311531,008XX N STATE ST,0820,THEFT,$500 AND UNDER,CTA TRAIN,false,false,1832,18,42,8,06,1176223,1905805,2016,06/24/2016 03:51:41 PM,41.896888586,-87.628203192,"(41.896888586, -87.628203192)",2016-06-18T16:15:00.000Z
10565726,HZ313202,114XX S OAKLEY AVE,2820,OTHER OFFENSE,TELEPHONE THREAT,NURSING HOME/RETIREMENT HOME,true,false,2212,22,19,75,26,1163013,1828741,2016,06/24/2016 03:51:41 PM,41.685702753,-87.678875923,"(41.685702753, -87.678875923)",2016-06-18T16:25:00.000Z
10564683,HZ311619,002XX W ADAMS ST,0890,THEFT,FROM BUILDING,RESTAURANT,false,false,122,1,2,32,06,1174618,1899411,2016,06/24/2016 03:51:41 PM,41.87937913,-87.634289354,"(41.87937913, -87.634289354)",2016-06-18T16:25:00.000Z
10564681,HZ311620,002XX W ADAMS ST,1150,DECEPTIVE PRACTICE,CREDIT CARD FRAUD,RESTAURANT,false,false,122,1,2,32,11,1174618,1899411,2016,06/24/2016 03:51:41 PM,41.87937913,-87.634289354,"(41.87937913, -87.634289354)",2016-06-18T16:25:00.000Z
10564439,HZ311435,0000X W TERMINAL ST,1350,CRIMINAL TRESPASS,TO STATE SUP LAND,AIRPORT TERMINAL LOWER LEVEL - NON-SECURE AREA,true,false,1651,16,41,76,26,1100317,1935229,2016,06/24/2016 03:51:41 PM,41.979006297,-87.906463155,"(41.979006297, -87.906463155)",2016-06-18T16:25:00.000Z
10591361,HZ341836,011XX N CLARK ST,1153,DECEPTIVE PRACTICE,FINANCIAL IDENTITY THEFT OVER $ 300,"",false,false,1824,18,42,8,11,1175334,1907851,2016,07/11/2016 03:54:21 PM,41.902522915,-87.63140683,"(41.902522915, -87.63140683)",2016-06-18T16:30:00.000Z
10568064,HZ311729,025XX E 79TH ST,0560,ASSAULT,SIMPLE,CONVENIENCE STORE,false,false,421,4,7,43,08A,1194335,1853075,2016,06/24/2016 03:51:41 PM,41.751767411,-87.563417608,"(41.751767411, -87.563417608)",2016-06-18T16:30:00.000Z
10567658,HZ315523,043XX W LEXINGTON ST,0610,BURGLARY,FORCIBLE ENTRY,APARTMENT,false,false,1131,11,24,26,05,1147526,1896361,2016,06/24/2016 03:51:41 PM,41.871572016,-87.733845512,"(41.871572016, -87.733845512)",2016-06-18T16:30:00.000Z
10565422,HZ312756,015XX W MONTANA ST,0460,BATTERY,SIMPLE,RESIDENCE,false,false,1932,19,32,7,08B,1165655,1916358,2016,06/24/2016 03:51:41 PM,41.92607848,-87.666716338,"(41.92607848, -87.666716338)",2016-06-18T16:30:00.000Z
10564871,HZ311483,009XX W ADDISON ST,1121,DECEPTIVE PRACTICE,COUNTERFEITING DOCUMENT,SIDEWALK,false,false,1923,19,44,6,10,1169188,1924102,2016,06/24/2016 03:51:41 PM,41.947252263,-87.65350869,"(41.947252263, -87.65350869)",2016-06-18T16:30:00.000Z
10564562,HZ311533,082XX S KEDZIE AVE,0820,THEFT,$500 AND UNDER,SMALL RETAIL STORE,false,false,835,8,18,70,06,1156480,1849840,2016,06/24/2016 03:51:41 PM,41.743735878,-87.702225879,"(41.743735878, -87.702225879)",2016-06-18T16:30:00.000Z
10564547,HZ311502,006XX N MICHIGAN AVE,0860,THEFT,RETAIL THEFT,DEPARTMENT STORE,true,false,1834,18,42,8,06,1177327,1904307,2016,06/24/2016 03:51:41 PM,41.892753031,-87.624193896,"(41.892753031, -87.624193896)",2016-06-18T16:30:00.000Z
10565812,HZ311591,020XX W 111TH ST,3960,INTIMIDATION,INTIMIDATION,APARTMENT,false,false,2212,22,19,75,26,1164716,1831020,2016,06/24/2016 03:51:41 PM,41.691921056,-87.672577586,"(41.691921056, -87.672577586)",2016-06-18T16:40:00.000Z
10564881,HZ311638,011XX W FULLERTON AVE,0810,THEFT,OVER $500,LIBRARY,false,false,1932,19,43,7,06,1168107,1916095,2016,06/24/2016 03:51:41 PM,41.925304132,-87.65771408,"(41.925304132, -87.65771408)",2016-06-18T16:40:00.000Z
10564533,HZ311472,113XX S EDBROOKE AVE,0560,ASSAULT,SIMPLE,RESIDENCE,true,true,531,5,9,49,08A,1179227,1829694,2016,06/24/2016 03:51:41 PM,41.687964587,-87.619491262,"(41.687964587, -87.619491262)",2016-06-18T16:40:00.000Z
10565043,HZ311589,021XX N LEAMINGTON AVE,4387,OTHER OFFENSE,VIOLATE ORDER OF PROTECTION,RESIDENCE,true,true,2522,25,37,19,26,1141708,1913676,2016,06/28/2016 03:50:02 PM,41.919195941,-87.754777269,"(41.919195941, -87.754777269)",2016-06-18T16:42:00.000Z
10564740,HZ311559,062XX S LAFLIN ST,2017,NARCOTICS,MANU/DELIVER:CRACK,SIDEWALK,true,false,713,7,16,67,18,1167400,1863449,2016,06/24/2016 03:51:41 PM,41.780854053,-87.661824708,"(41.780854053, -87.661824708)",2016-06-18T16:45:00.000Z
10565436,HZ312738,081XX S COTTAGE GROVE AVE,0820,THEFT,$500 AND UNDER,CTA BUS,false,false,631,6,6,44,06,1182970,1851301,2016,06/24/2016 03:51:41 PM,41.747170897,-87.605119541,"(41.747170897, -87.605119541)",2016-06-18T16:50:00.000Z
10564640,HZ311484,032XX W 31ST ST,051A,ASSAULT,AGGRAVATED: HANDGUN,PARKING LOT/GARAGE(NON.RESID.),false,false,1032,10,12,30,04A,1155178,1883892,2016,06/24/2016 03:51:41 PM,41.837205583,-87.706086257,"(41.837205583, -87.706086257)",2016-06-18T16:57:00.000Z
10568330,HZ313530,036XX W 70TH ST,0820,THEFT,$500 AND UNDER,VEHICLE NON-COMMERCIAL,false,false,833,8,13,65,06,1153278,1857946,2016,06/24/2016 03:51:41 PM,41.766043924,-87.713744493,"(41.766043924, -87.713744493)",2016-06-18T05:00:00.000Z
10565616,HZ312167,089XX S BLACKSTONE AVE,1780,OFFENSE INVOLVING CHILDREN,OTHER OFFENSE,APARTMENT,false,true,413,4,8,48,20,1187680,1845901,2016,06/24/2016 03:51:41 PM,41.732242075,-87.588032397,"(41.732242075, -87.588032397)",2016-06-18T05:00:00.000Z
10564738,HZ311675,030XX W WALNUT ST,2014,NARCOTICS,MANU/DELIVER: HEROIN (WHITE),SIDEWALK,true,false,1222,12,2,27,18,1156054,1901477,2016,06/24/2016 03:51:41 PM,41.885443127,-87.702397623,"(41.885443127, -87.702397623)",2016-06-18T05:00:00.000Z
10564629,HZ311494,019XX N KARLOV AVE,2820,OTHER OFFENSE,TELEPHONE THREAT,SIDEWALK,false,false,2534,25,30,20,26,1148741,1912550,2016,06/24/2016 03:51:41 PM,41.915972983,-87.728966067,"(41.915972983, -87.728966067)",2016-06-18T05:02:00.000Z
10564616,HZ311547,033XX W 59TH ST,051A,ASSAULT,AGGRAVATED: HANDGUN,SIDEWALK,false,false,822,8,16,66,04A,1154957,1865298,2016,06/24/2016 03:51:41 PM,41.786185573,-87.707394163,"(41.786185573, -87.707394163)",2016-06-18T05:05:00.000Z
10640742,HZ311487,002XX W 118TH ST,2027,NARCOTICS,POSS: CRACK,RESIDENCE,true,false,522,5,34,53,18,"","",2016,12/31/2016 03:47:04 PM,"","","",2016-06-18T05:14:00.000Z
10564819,HZ311785,023XX W LOGAN BLVD,0890,THEFT,FROM BUILDING,ATHLETIC CLUB,false,false,1432,14,1,22,06,1160418,1917765,2016,06/24/2016 03:51:41 PM,41.930049492,-87.685920733,"(41.930049492, -87.685920733)",2016-06-18T05:15:00.000Z
10564850,HZ312013,004XX N CLARK ST,1150,DECEPTIVE PRACTICE,CREDIT CARD FRAUD,RESTAURANT,false,false,1831,18,42,8,11,1175457,1903398,2016,06/24/2016 03:51:41 PM,41.890300892,-87.631088915,"(41.890300892, -87.631088915)",2016-06-18T05:20:00.000Z
10564817,HZ311906,004XX N CLARK ST,0890,THEFT,FROM BUILDING,RESTAURANT,false,false,1831,18,42,8,06,1175457,1903398,2016,06/24/2016 03:51:41 PM,41.890300892,-87.631088915,"(41.890300892, -87.631088915)",2016-06-18T05:20:00.000Z
10564690,HZ311573,027XX W 47TH ST,502R,OTHER OFFENSE,VEHICLE TITLE/REG OFFENSE,STREET,true,false,922,9,12,58,26,1159077,1873393,2016,06/24/2016 03:51:41 PM,41.808316033,-87.692066658,"(41.808316033, -87.692066658)",2016-06-18T05:40:00.000Z
10564599,HZ311543,030XX N CALIFORNIA AVE,0560,ASSAULT,SIMPLE,SIDEWALK,false,true,1411,14,33,21,08A,1157185,1920040,2016,06/24/2016 03:51:41 PM,41.936358628,-87.69773923,"(41.936358628, -87.69773923)",2016-06-18T05:45:00.000Z
10564747,HZ311563,086XX S ASHLAND AVE,0460,BATTERY,SIMPLE,DRUG STORE,true,false,614,6,18,71,08B,1167180,1847402,2016,06/24/2016 03:51:41 PM,41.736823619,-87.663089637,"(41.736823619, -87.663089637)",2016-06-18T05:47:00.000Z
10564671,HZ311603,015XX W 79TH ST,0560,ASSAULT,SIMPLE,APARTMENT,false,false,612,6,21,71,08A,1167459,1852343,2016,06/24/2016 03:51:41 PM,41.75037646,-87.661926226,"(41.75037646, -87.661926226)",2016-06-18T05:50:00.000Z
10564677,HZ311605,064XX N CENTRAL AVE,0810,THEFT,OVER $500,VEHICLE NON-COMMERCIAL,false,false,1621,16,41,12,06,1139160,1942496,2016,06/24/2016 03:51:41 PM,41.998327468,-87.763434849,"(41.998327468, -87.763434849)",2016-06-18T05:52:00.000Z
10564646,HZ311584,065XX W BELLE PLAINE AVE,2028,NARCOTICS,POSS: SYNTHETIC DRUGS,STREET,true,false,1632,16,38,17,18,1131996,1926668,2016,06/24/2016 03:51:41 PM,41.955021733,-87.790158527,"(41.955021733, -87.790158527)",2016-06-18T05:57:00.000Z
10565408,HZ312538,008XX W OAKDALE AVE,0620,BURGLARY,UNLAWFUL ENTRY,RESIDENCE-GARAGE,true,false,1933,19,44,6,05,1170087,1919802,2016,08/09/2016 03:58:51 PM,41.935433272,-87.650330164,"(41.935433272, -87.650330164)",2016-06-18T06:00:00.000Z
10576607,HZ325316,050XX S DR MARTIN LUTHER KING JR DR,0810,THEFT,OVER $500,APARTMENT,false,false,223,2,3,38,06,1179764,1871492,2016,06/30/2016 03:48:43 PM,41.802650897,-87.616250196,"(41.802650897, -87.616250196)",2016-06-18T06:00:00.000Z
10565562,HZ312808,001XX E 110TH ST,0620,BURGLARY,UNLAWFUL ENTRY,APARTMENT,false,false,513,5,9,49,05,1179338,1832056,2016,06/24/2016 03:51:41 PM,41.694443727,-87.619013197,"(41.694443727, -87.619013197)",2016-06-18T06:00:00.000Z
10565288,HZ312374,007XX N MICHIGAN AVE,0810,THEFT,OVER $500,RESTAURANT,false,false,1834,18,42,8,06,1177303,1905177,2016,06/24/2016 03:51:41 PM,41.895140898,-87.624255632,"(41.895140898, -87.624255632)",2016-06-18T06:00:00.000Z
10564682,HZ311607,051XX S WENTWORTH AVE,0560,ASSAULT,SIMPLE,POLICE FACILITY/VEH PARKING LOT,true,false,225,2,3,37,08A,1175826,1871120,2016,06/24/2016 03:51:41 PM,41.80171934,-87.630703621,"(41.80171934, -87.630703621)",2016-06-18T06:05:00.000Z
10564662,HZ311579,043XX W 26TH ST,1330,CRIMINAL TRESPASS,TO LAND,RESTAURANT,false,false,1013,10,22,30,26,1147996,1886369,2016,06/24/2016 03:51:41 PM,41.844143697,-87.732376706,"(41.844143697, -87.732376706)",2016-06-18T06:05:00.000Z
10564918,HZ311572,082XX S INGLESIDE AVE,0610,BURGLARY,FORCIBLE ENTRY,APARTMENT,false,false,631,6,8,44,05,1183998,1850583,2016,06/24/2016 03:51:41 PM,41.745176694,-87.601375088,"(41.745176694, -87.601375088)",2016-06-18T06:10:00.000Z
10564668,HZ311583,017XX E 67TH ST,0486,BATTERY,DOMESTIC BATTERY SIMPLE,APARTMENT,false,true,332,3,5,43,08B,1189167,1860906,2016,06/24/2016 03:51:41 PM,41.773381692,-87.582104998,"(41.773381692, -87.582104998)",2016-06-18T06:10:00.000Z
10565245,HZ311871,0000X W LOWER WACKER DR,0820,THEFT,$500 AND UNDER,STREET,false,false,111,1,42,32,06,1176020,1902133,2016,06/24/2016 03:51:41 PM,41.886817001,-87.629059469,"(41.886817001, -87.629059469)",2016-06-18T06:14:00.000Z
10564773,HZ311746,011XX N CENTRAL AVE,0320,ROBBERY,STRONGARM - NO WEAPON,SIDEWALK,false,false,1511,15,29,25,03,1138791,1907360,2016,06/24/2016 03:51:41 PM,41.901917604,-87.765648428,"(41.901917604, -87.765648428)",2016-06-18T06:15:00.000Z
10586068,HZ336357,069XX S GREEN ST,1710,OFFENSE INVOLVING CHILDREN,ENDANGERING LIFE/HEALTH CHILD,OTHER,false,true,733,7,6,68,20,1171830,1858885,2016,07/07/2016 03:49:15 PM,41.768233816,-87.645717276,"(41.768233816, -87.645717276)",2016-06-18T06:30:00.000Z
10577348,HZ326239,022XX W MONTROSE AVE,0890,THEFT,FROM BUILDING,RESIDENCE PORCH/HALLWAY,false,false,1911,19,47,5,06,1160783,1929184,2016,06/30/2016 03:48:43 PM,41.96137632,-87.684261692,"(41.96137632, -87.684261692)",2016-06-18T06:30:00.000Z
10565791,HZ313089,001XX S LAKE SHORE DR NB,0810,THEFT,OVER $500,LAKEFRONT/WATERFRONT/RIVERBANK,false,false,114,1,42,32,06,1179254,1899895,2016,06/24/2016 03:51:41 PM,41.880602371,-87.617252093,"(41.880602371, -87.617252093)",2016-06-18T06:30:00.000Z
10564760,HZ311790,008XX E 64TH ST,0486,BATTERY,DOMESTIC BATTERY SIMPLE,SIDEWALK,false,true,312,3,20,42,08B,1183210,1862763,2016,06/24/2016 03:51:41 PM,41.778618186,-87.603883963,"(41.778618186, -87.603883963)",2016-06-18T06:30:00.000Z
10564696,HZ311672,027XX W LEXINGTON ST,0820,THEFT,$500 AND UNDER,RESIDENTIAL YARD (FRONT/BACK),false,false,1135,11,2,27,06,1158237,1896590,2016,06/24/2016 03:51:41 PM,41.871988409,-87.694514794,"(41.871988409, -87.694514794)",2016-06-18T06:30:00.000Z
10565032,HZ311624,003XX N CENTRAL AVE,0460,BATTERY,SIMPLE,STREET,false,false,1523,15,28,25,08B,1138983,1901704,2016,06/24/2016 03:51:41 PM,41.886393351,-87.765080772,"(41.886393351, -87.765080772)",2016-06-18T06:35:00.000Z
10604422,HZ356362,016XX N HARLEM AVE,0860,THEFT,RETAIL THEFT,SMALL RETAIL STORE,false,false,2513,25,36,25,06,"","",2016,07/20/2016 03:52:04 PM,"","","",2016-06-18T06:36:00.000Z
10565293,HZ311615,062XX S STONY ISLAND AVE,0484,BATTERY,PRO EMP HANDS NO/MIN INJURY,"SCHOOL, PUBLIC, BUILDING",false,false,314,3,5,42,08B,1187940,1864073,2016,06/24/2016 03:51:41 PM,41.78210152,-87.586502002,"(41.78210152, -87.586502002)",2016-06-18T06:45:00.000Z
10564992,HZ311700,071XX S EUCLID AVE,1563,SEX OFFENSE,CRIMINAL SEXUAL ABUSE,APARTMENT,false,true,333,3,5,43,17,1190276,1858067,2016,06/24/2016 03:51:41 PM,41.765564594,-87.578131109,"(41.765564594, -87.578131109)",2016-06-18T06:45:00.000Z
10568133,HZ316124,061XX S TALMAN AVE,1153,DECEPTIVE PRACTICE,FINANCIAL IDENTITY THEFT OVER $ 300,RESIDENCE,false,false,825,8,15,66,11,1159764,1863743,2016,06/24/2016 03:51:41 PM,41.781821055,-87.689811844,"(41.781821055, -87.689811844)",2016-06-18T07:00:00.000Z
10566835,HZ314774,079XX S YALE AVE,0610,BURGLARY,FORCIBLE ENTRY,RESIDENCE-GARAGE,false,false,623,6,17,44,05,1175995,1852307,2016,06/24/2016 03:51:41 PM,41.750090628,-87.630647591,"(41.750090628, -87.630647591)",2016-06-18T07:00:00.000Z
10566283,HZ313078,027XX W LUNT AVE,0890,THEFT,FROM BUILDING,APARTMENT,false,false,2411,24,50,2,06,1156900,1946327,2016,06/24/2016 03:51:41 PM,42.008497335,-87.698070264,"(42.008497335, -87.698070264)",2016-06-18T07:00:00.000Z
10565818,HZ313400,028XX N WESTERN AVE,0630,BURGLARY,ATTEMPT FORCIBLE ENTRY,WAREHOUSE,false,false,1432,14,1,21,05,1159863,1918955,2016,06/24/2016 03:51:41 PM,41.933326413,-87.687927299,"(41.933326413, -87.687927299)",2016-06-18T07:00:00.000Z
10565777,HZ313368,034XX N SPRINGFIELD AVE,1320,CRIMINAL DAMAGE,TO VEHICLE,STREET,false,false,1732,17,30,21,14,1149787,1922534,2016,06/24/2016 03:51:41 PM,41.943349657,-87.724862787,"(41.943349657, -87.724862787)",2016-06-18T07:00:00.000Z
10565626,HZ312922,054XX S ARCHER AVE,0810,THEFT,OVER $500,OTHER,false,false,814,8,23,56,06,1144464,1869625,2016,06/24/2016 03:51:41 PM,41.798262749,-87.74575888,"(41.798262749, -87.74575888)",2016-06-18T07:00:00.000Z
10565226,HZ312239,066XX S LOWE AVE,0890,THEFT,FROM BUILDING,APARTMENT,false,false,723,7,6,68,06,1173184,1860770,2016,06/24/2016 03:51:41 PM,41.773376666,-87.640698593,"(41.773376666, -87.640698593)",2016-06-18T07:00:00.000Z
10564839,HZ312043,020XX W 22ND PL,1130,DECEPTIVE PRACTICE,FRAUD OR CONFIDENCE GAME,BAR OR TAVERN,false,false,1034,10,25,31,11,1163023,1889068,2016,06/24/2016 03:51:41 PM,41.851248247,-87.677154468,"(41.851248247, -87.677154468)",2016-06-18T07:00:00.000Z
10564721,HZ311719,008XX W JACKSON BLVD,0460,BATTERY,SIMPLE,OTHER,false,false,1232,12,2,28,08B,1170571,1898846,2016,06/24/2016 03:51:41 PM,41.877918222,-87.649165712,"(41.877918222, -87.649165712)",2016-06-18T07:00:00.000Z
10564710,HZ311671,003XX E 47TH ST,0560,ASSAULT,SIMPLE,CONVENIENCE STORE,true,false,215,2,3,38,08A,1179029,1873926,2016,06/24/2016 03:51:41 PM,41.809346801,-87.618871535,"(41.809346801, -87.618871535)",2016-06-18T07:00:00.000Z
10564917,HZ311667,006XX W 87TH ST,051A,ASSAULT,AGGRAVATED: HANDGUN,STREET,false,false,2223,22,21,71,04A,1173412,1847110,2016,06/24/2016 03:51:41 PM,41.735886881,-87.64026619,"(41.735886881, -87.64026619)",2016-06-18T07:05:00.000Z
10564716,HZ311733,103XX S AVENUE L,0820,THEFT,$500 AND UNDER,RESIDENCE,false,false,432,4,10,52,06,1201830,1837052,2016,06/24/2016 03:51:41 PM,41.707611819,-87.536496148,"(41.707611819, -87.536496148)",2016-06-18T07:15:00.000Z
10564794,HZ311825,014XX N KILDARE AVE,0820,THEFT,$500 AND UNDER,STREET,true,false,2534,25,37,23,06,1147452,1909187,2016,07/20/2016 03:49:55 PM,41.906769402,-87.733788181,"(41.906769402, -87.733788181)",2016-06-18T07:30:00.000Z
10564946,HZ311730,065XX S CHAMPLAIN AVE,0545,ASSAULT,PRO EMP HANDS NO/MIN INJURY,"SCHOOL, PRIVATE, BUILDING",true,false,321,3,20,42,08A,1181693,1861749,2016,06/29/2016 03:50:48 PM,41.77587085,-87.609476619,"(41.77587085, -87.609476619)",2016-06-18T07:30:00.000Z
10564725,HZ311754,001XX N LOCKWOOD AVE,1812,NARCOTICS,POSS: CANNABIS MORE THAN 30GMS,RESIDENCE,true,false,1523,15,28,25,18,1141020,1900670,2016,06/24/2016 03:51:41 PM,41.883518667,-87.757625783,"(41.883518667, -87.757625783)",2016-06-18T07:34:00.000Z
10602996,HZ311627,066XX S EVANS AVE,2027,NARCOTICS,POSS: CRACK,APARTMENT,true,false,321,3,20,42,18,"","",2016,12/03/2016 03:45:55 PM,"","","",2016-06-18T07:36:00.000Z
10564802,HZ311725,060XX N BROADWAY,0860,THEFT,RETAIL THEFT,GROCERY FOOD STORE,true,false,2433,24,48,77,06,1167213,1940125,2016,06/24/2016 03:51:41 PM,41.991262667,-87.660305558,"(41.991262667, -87.660305558)",2016-06-18T07:37:00.000Z
10565047,HZ312055,011XX E 48TH ST,0820,THEFT,$500 AND UNDER,STREET,false,false,222,2,4,39,06,1184621,1873412,2016,06/24/2016 03:51:41 PM,41.807806948,-87.598377449,"(41.807806948, -87.598377449)",2016-06-18T07:40:00.000Z
10564832,HZ311748,080XX S COTTAGE GROVE AVE,0560,ASSAULT,SIMPLE,GOVERNMENT BUILDING/PROPERTY,false,false,631,6,8,44,08A,1182949,1851967,2016,06/24/2016 03:51:41 PM,41.74899896,-87.605175838,"(41.74899896, -87.605175838)",2016-06-18T07:40:00.000Z
10564717,HZ311718,002XX W MONTROSE HARBOR DR,0820,THEFT,$500 AND UNDER,SIDEWALK,false,false,1915,19,46,3,06,1173452,1928800,2016,06/24/2016 03:51:41 PM,41.960049832,-87.637695331,"(41.960049832, -87.637695331)",2016-06-18T07:45:00.000Z
10614141,HZ366805,022XX E 98TH ST,1122,DECEPTIVE PRACTICE,COUNTERFEIT CHECK,RESIDENCE,false,false,431,4,7,51,10,"","",2016,07/28/2016 03:54:39 PM,"","","",2016-06-18T08:00:00.000Z
10584518,HZ334333,056XX S ROCKWELL ST,0486,BATTERY,DOMESTIC BATTERY SIMPLE,RESIDENCE,false,true,824,8,16,63,08B,1159998,1867258,2016,07/07/2016 03:49:15 PM,41.791461887,-87.68885734,"(41.791461887, -87.68885734)",2016-06-18T08:00:00.000Z
10564942,HZ311983,020XX N MILWAUKEE AVE,1220,DECEPTIVE PRACTICE,THEFT OF LOST/MISLAID PROP,OTHER,false,false,1431,14,1,22,11,1159682,1913243,2016,06/24/2016 03:51:41 PM,41.917656022,-87.688750258,"(41.917656022, -87.688750258)",2016-06-18T08:00:00.000Z
10564792,HZ311965,006XX W DIVERSEY PKWY,0890,THEFT,FROM BUILDING,RESTAURANT,false,false,1934,19,44,6,06,1171714,1918859,2016,06/24/2016 03:51:41 PM,41.932809917,-87.644378747,"(41.932809917, -87.644378747)",2016-06-18T08:00:00.000Z
10564782,HZ311835,076XX S CICERO AVE,0860,THEFT,RETAIL THEFT,DEPARTMENT STORE,true,false,833,8,13,65,06,1145727,1853720,2016,06/24/2016 03:51:41 PM,41.754592961,-87.741528537,"(41.754592961, -87.741528537)",2016-06-18T08:00:00.000Z
10564769,HZ311921,013XX W RANDOLPH ST,0810,THEFT,OVER $500,SIDEWALK,false,false,1224,12,27,28,06,1167150,1901140,2016,06/24/2016 03:51:41 PM,41.884287279,-87.661660805,"(41.884287279, -87.661660805)",2016-06-18T08:00:00.000Z
10564899,HZ311763,087XX S LAFAYETTE AVE,0860,THEFT,RETAIL THEFT,GROCERY FOOD STORE,true,false,634,6,21,44,06,1177462,1847094,2016,06/24/2016 03:51:41 PM,41.735752519,-87.625429032,"(41.735752519, -87.625429032)",2016-06-18T08:08:00.000Z
10564791,HZ311831,013XX S CANAL ST,0860,THEFT,RETAIL THEFT,SMALL RETAIL STORE,true,false,124,1,2,28,06,1173336,1893976,2016,06/24/2016 03:51:41 PM,41.864493678,-87.639158,"(41.864493678, -87.639158)",2016-06-18T08:15:00.000Z
10564781,HZ311767,019XX W MONTEREY AVE,0554,ASSAULT,AGG PO HANDS NO/MIN INJURY,POLICE FACILITY/VEH PARKING LOT,true,false,2212,22,19,75,08A,1165742,1830843,2016,06/24/2016 03:51:41 PM,41.691413679,-87.668826246,"(41.691413679, -87.668826246)",2016-06-18T08:15:00.000Z
10564795,HZ311795,075XX S STONY ISLAND AVE,0860,THEFT,RETAIL THEFT,GROCERY FOOD STORE,false,false,411,4,5,43,06,1188123,1855151,2016,06/24/2016 03:51:41 PM,41.757614433,-87.586115266,"(41.757614433, -87.586115266)",2016-06-18T08:22:00.000Z
10567725,HZ315392,078XX S MUSKEGON AVE,0479,BATTERY,AGG: HANDS/FIST/FEET SERIOUS INJURY,RESIDENTIAL YARD (FRONT/BACK),true,false,421,4,7,43,04B,1196485,1853501,2016,06/24/2016 03:51:41 PM,41.752883321,-87.55552491,"(41.752883321, -87.55552491)",2016-06-18T08:30:00.000Z
10564916,HZ311791,118XX S LA SALLE ST,0610,BURGLARY,FORCIBLE ENTRY,RESIDENCE,false,false,522,5,34,53,05,1177388,1826451,2016,06/24/2016 03:51:41 PM,41.679106927,-87.62632107,"(41.679106927, -87.62632107)",2016-06-18T08:30:00.000Z
10564897,HZ311889,028XX W LAKE ST,0870,THEFT,POCKET-PICKING,CTA TRAIN,false,false,1222,12,2,27,06,1157617,1901047,2016,06/24/2016 03:51:41 PM,41.884231489,-87.696669693,"(41.884231489, -87.696669693)",2016-06-18T08:30:00.000Z
10580927,HZ311873,078XX S EXCHANGE AVE,2017,NARCOTICS,MANU/DELIVER:CRACK,ALLEY,true,false,421,4,7,43,18,"","",2016,11/29/2016 03:49:01 PM,"","","",2016-06-18T08:32:00.000Z
10568204,HZ316147,044XX W WALTON ST,0610,BURGLARY,FORCIBLE ENTRY,RESIDENCE,false,false,1111,11,37,23,05,1146522,1905955,2016,06/24/2016 03:51:41 PM,41.897918237,-87.737286977,"(41.897918237, -87.737286977)",2016-06-18T08:38:00.000Z
10564719,HZ311777,026XX W CHICAGO AVE,1320,CRIMINAL DAMAGE,TO VEHICLE,PARKING LOT/GARAGE(NON.RESID.),false,false,1221,12,26,24,14,1158676,1905229,2016,06/24/2016 03:51:41 PM,41.895685645,-87.692666252,"(41.895685645, -87.692666252)",2016-06-18T08:39:00.000Z
10564770,HZ311885,093XX S THROOP ST,0486,BATTERY,DOMESTIC BATTERY SIMPLE,STREET,false,true,2222,22,21,73,08B,1169302,1842799,2016,06/24/2016 03:51:41 PM,41.724146708,-87.655448102,"(41.724146708, -87.655448102)",2016-06-18T08:45:00.000Z
10564985,HZ311952,040XX S CALUMET AVE,051A,ASSAULT,AGGRAVATED: HANDGUN,ALLEY,false,false,213,2,3,38,04A,1179098,1878307,2016,06/24/2016 03:51:41 PM,41.821367054,-87.618484785,"(41.821367054, -87.618484785)",2016-06-18T08:47:00.000Z
10564815,HZ312008,011XX S CANAL ST,1320,CRIMINAL DAMAGE,TO VEHICLE,PARKING LOT/GARAGE(NON.RESID.),false,false,124,1,2,28,14,1173303,1895451,2016,06/24/2016 03:51:41 PM,41.868541914,-87.639235361,"(41.868541914, -87.639235361)",2016-06-18T08:47:00.000Z
10568055,HZ315259,073XX S BLACKSTONE AVE,0430,BATTERY,AGGRAVATED: OTHER DANG WEAPON,RESIDENTIAL YARD (FRONT/BACK),false,false,324,3,5,43,04B,1187471,1856744,2016,06/24/2016 03:51:41 PM,41.762001285,-87.588454175,"(41.762001285, -87.588454175)",2016-06-18T09:00:00.000Z
10567507,HZ315291,032XX S GILES AVE,0810,THEFT,OVER $500,CONSTRUCTION SITE,false,false,211,2,3,35,06,1178797,1883521,2016,06/24/2016 03:51:41 PM,41.835681539,-87.619430046,"(41.835681539, -87.619430046)",2016-06-18T09:00:00.000Z
10567256,HZ315226,026XX W MARQUETTE RD,0610,BURGLARY,FORCIBLE ENTRY,OTHER,false,false,831,8,15,66,05,1159760,1860118,2016,06/24/2016 03:51:41 PM,41.771873623,-87.689925944,"(41.771873623, -87.689925944)",2016-06-18T09:00:00.000Z
10565832,HZ313419,030XX S TROY ST,1153,DECEPTIVE PRACTICE,FINANCIAL IDENTITY THEFT OVER $ 300,RESIDENCE,false,false,1033,10,12,30,11,1155846,1884254,2016,06/24/2016 03:51:41 PM,41.838185542,-87.70362533,"(41.838185542, -87.70362533)",2016-06-18T09:00:00.000Z
10565519,HZ312941,033XX W POTOMAC AVE,0610,BURGLARY,FORCIBLE ENTRY,RESIDENCE-GARAGE,false,false,1422,14,26,23,05,1153946,1908454,2016,06/24/2016 03:51:41 PM,41.904630953,-87.709952478,"(41.904630953, -87.709952478)",2016-06-18T09:00:00.000Z
10565007,HZ311868,076XX S SAGINAW AVE,0460,BATTERY,SIMPLE,APARTMENT,false,false,421,4,7,43,08B,1195253,1854722,2016,06/24/2016 03:51:41 PM,41.756264312,-87.559999382,"(41.756264312, -87.559999382)",2016-06-18T09:00:00.000Z
10564971,HZ311922,018XX S CHRISTIANA AVE,0460,BATTERY,SIMPLE,RESIDENTIAL YARD (FRONT/BACK),false,false,1024,10,24,29,08B,1154327,1890713,2016,06/24/2016 03:51:41 PM,41.855940227,-87.709027003,"(41.855940227, -87.709027003)",2016-06-18T09:00:00.000Z
10564962,HZ312126,002XX W GOETHE ST,0479,BATTERY,AGG: HANDS/FIST/FEET SERIOUS INJURY,SIDEWALK,false,false,1821,18,43,8,04B,1174252,1909006,2016,06/24/2016 03:51:41 PM,41.905716518,-87.635346635,"(41.905716518, -87.635346635)",2016-06-18T09:00:00.000Z
10564945,HZ311928,038XX W NORTH AVE,1220,DECEPTIVE PRACTICE,THEFT OF LOST/MISLAID PROP,SMALL RETAIL STORE,false,false,2535,25,30,23,11,1150264,1910355,2016,06/24/2016 03:51:41 PM,41.909920109,-87.723427962,"(41.909920109, -87.723427962)",2016-06-18T09:00:00.000Z
10564827,HZ311838,018XX S CHRISTIANA AVE,0460,BATTERY,SIMPLE,RESIDENTIAL YARD (FRONT/BACK),false,false,1024,10,24,29,08B,1154327,1890713,2016,06/24/2016 03:51:41 PM,41.855940227,-87.709027003,"(41.855940227, -87.709027003)",2016-06-18T09:00:00.000Z
10564891,HZ311894,077XX S SANGAMON ST,0460,BATTERY,SIMPLE,APARTMENT,false,true,621,6,17,71,08B,1171317,1853516,2016,06/24/2016 03:51:41 PM,41.753511842,-87.647754505,"(41.753511842, -87.647754505)",2016-06-18T09:06:00.000Z
10564830,HZ311882,037XX W CHICAGO AVE,1310,CRIMINAL DAMAGE,TO PROPERTY,MEDICAL/DENTAL OFFICE,true,false,1112,11,27,23,14,1151088,1905077,2016,06/24/2016 03:51:41 PM,41.895420644,-87.720539406,"(41.895420644, -87.720539406)",2016-06-18T09:10:00.000Z
10564982,HZ311852,030XX W LEXINGTON ST,041A,BATTERY,AGGRAVATED: HANDGUN,ALLEY,false,false,1134,11,28,27,04B,1156255,1896546,2016,06/24/2016 03:51:41 PM,41.871907915,-87.701792754,"(41.871907915, -87.701792754)",2016-06-18T09:15:00.000Z
10564948,HZ311925,037XX W BELMONT AVE,0460,BATTERY,SIMPLE,RESIDENCE PORCH/HALLWAY,true,false,2523,25,35,21,08B,1151105,1921025,2016,06/24/2016 03:51:41 PM,41.939183067,-87.720058113,"(41.939183067, -87.720058113)",2016-06-18T09:28:00.000Z
10568144,HZ316238,047XX N SHERIDAN RD,0820,THEFT,$500 AND UNDER,STREET,false,false,1914,19,46,3,06,1168777,1931561,2016,06/24/2016 03:51:41 PM,41.967728962,-87.654802316,"(41.967728962, -87.654802316)",2016-06-18T09:30:00.000Z
10567431,HZ315294,061XX S WHIPPLE ST,1310,CRIMINAL DAMAGE,TO PROPERTY,RESIDENCE,false,false,823,8,15,66,14,1157103,1863804,2016,06/24/2016 03:51:41 PM,41.782042682,-87.699566163,"(41.782042682, -87.699566163)",2016-06-18T09:30:00.000Z
10565197,HZ312417,069XX S OGLESBY AVE,0610,BURGLARY,FORCIBLE ENTRY,APARTMENT,false,false,331,3,5,43,05,1192966,1859452,2016,06/24/2016 03:51:41 PM,41.769299904,-87.568226417,"(41.769299904, -87.568226417)",2016-06-18T09:30:00.000Z
10564777,HZ311900,035XX W POLK ST,5002,OTHER OFFENSE,OTHER VEHICLE OFFENSE,STREET,false,true,1133,11,24,27,26,1152870,1896140,2016,01/17/2017 03:57:15 PM,41.870861476,-87.714231302,"(41.870861476, -87.714231302)",2016-06-18T09:35:00.000Z
10845393,JA148501,031XX S KOSTNER AVE,0460,BATTERY,SIMPLE,"SCHOOL, PUBLIC, BUILDING",false,false,1031,10,22,30,08B,"","",2016,02/14/2017 03:49:42 PM,"","","",2016-06-18T10:00:00.000Z
10573322,HZ319729,011XX N CROSBY ST,0820,THEFT,$500 AND UNDER,STREET,false,false,1822,18,27,8,06,1171610,1907558,2016,07/04/2016 03:55:03 PM,41.901801706,-87.645094215,"(41.901801706, -87.645094215)",2016-06-18T10:00:00.000Z
10565739,HZ312139,065XX S RHODES AVE,0320,ROBBERY,STRONGARM - NO WEAPON,STREET,false,false,321,3,20,42,03,1181023,1861869,2016,06/24/2016 03:51:41 PM,41.776215591,-87.611929065,"(41.776215591, -87.611929065)",2016-06-18T10:00:00.000Z
10565553,HZ312945,045XX S ALBANY AVE,0486,BATTERY,DOMESTIC BATTERY SIMPLE,APARTMENT,false,true,922,9,14,58,08B,1156462,1874429,2016,06/24/2016 03:51:41 PM,41.811212097,-87.70163,"(41.811212097, -87.70163)",2016-06-18T10:00:00.000Z
10565005,HZ311995,010XX W MAXWELL ST,0486,BATTERY,DOMESTIC BATTERY SIMPLE,APARTMENT,false,true,1232,12,2,28,08B,1169752,1894019,2016,06/24/2016 03:51:41 PM,41.864690444,-87.652313476,"(41.864690444, -87.652313476)",2016-06-18T10:00:00.000Z
10564988,HZ312198,063XX S KEDZIE AVE,1780,OFFENSE INVOLVING CHILDREN,OTHER OFFENSE,PARKING LOT/GARAGE(NON.RESID.),false,true,823,8,15,66,20,1156143,1862448,2016,06/24/2016 03:51:41 PM,41.778340981,-87.703122242,"(41.778340981, -87.703122242)",2016-06-18T10:00:00.000Z
10564796,HZ311941,049XX W GRACE ST,0810,THEFT,OVER $500,RESIDENCE,false,false,1634,16,45,15,06,1142810,1924810,2016,06/24/2016 03:51:41 PM,41.949728251,-87.750450208,"(41.949728251, -87.750450208)",2016-06-18T10:00:00.000Z
10564793,HZ311960,080XX S STEWART AVE,5110,OTHER OFFENSE,GUN OFFENDER: DUTY TO REGISTER,SIDEWALK,true,false,623,6,17,44,26,1175024,1851573,2016,06/24/2016 03:51:41 PM,41.748098147,-87.634227602,"(41.748098147, -87.634227602)",2016-06-18T10:01:00.000Z
10565027,HZ311969,018XX N MOZART ST,1310,CRIMINAL DAMAGE,TO PROPERTY,STREET,true,false,1421,14,35,22,14,1157132,1912175,2016,06/24/2016 03:51:41 PM,41.914777556,-87.698148127,"(41.914777556, -87.698148127)",2016-06-18T10:06:00.000Z
10565099,HZ311945,0000X E 114TH ST,0453,BATTERY,AGGRAVATED PO: OTHER DANG WEAP,PARKING LOT/GARAGE(NON.RESID.),true,false,531,5,9,49,04B,1178512,1829357,2016,08/01/2016 03:52:51 PM,41.687056038,-87.622118983,"(41.687056038, -87.622118983)",2016-06-18T10:07:00.000Z
10565182,HZ312175,012XX S MICHIGAN AVE,1121,DECEPTIVE PRACTICE,COUNTERFEITING DOCUMENT,STREET,false,false,131,1,2,33,10,1177418,1894937,2016,06/24/2016 03:51:41 PM,41.86703917,-87.624144053,"(41.86703917, -87.624144053)",2016-06-18T10:15:00.000Z
10565512,HZ311951,055XX W GRAND AVE,1780,OFFENSE INVOLVING CHILDREN,OTHER OFFENSE,GOVERNMENT BUILDING/PROPERTY,false,true,2515,25,29,19,20,1138788,1913480,2016,06/24/2016 03:51:41 PM,41.918711651,-87.76551063,"(41.918711651, -87.76551063)",2016-06-18T10:25:00.000Z
10565070,HZ311975,067XX S STONY ISLAND AVE,041A,BATTERY,AGGRAVATED: HANDGUN,RESTAURANT,false,false,332,3,5,43,04B,1188026,1860655,2016,06/24/2016 03:51:41 PM,41.7727202,-87.586295567,"(41.7727202, -87.586295567)",2016-06-18T10:25:00.000Z
10571501,HZ312240,046XX N BROADWAY,0486,BATTERY,DOMESTIC BATTERY SIMPLE,VEHICLE NON-COMMERCIAL,false,true,1913,19,46,3,08B,1167942,1930944,2016,07/04/2016 03:55:03 PM,41.966053999,-87.657890403,"(41.966053999, -87.657890403)",2016-06-18T10:30:00.000Z
10568832,HZ316816,006XX E 45TH ST,1154,DECEPTIVE PRACTICE,FINANCIAL IDENTITY THEFT $300 AND UNDER,RESIDENCE,false,false,221,2,4,38,11,1181526,1875325,2016,06/24/2016 03:51:41 PM,41.81312844,-87.609669871,"(41.81312844, -87.609669871)",2016-06-18T10:30:00.000Z
10565457,HZ312825,018XX N HOWE ST,1360,CRIMINAL TRESPASS,TO VEHICLE,STREET,false,false,1813,18,43,7,26,1171658,1912338,2016,06/24/2016 03:51:41 PM,41.914917226,-87.644776966,"(41.914917226, -87.644776966)",2016-06-18T10:30:00.000Z
10564957,HZ312164,002XX N ADA ST,0810,THEFT,OVER $500,STREET,false,false,1215,12,27,28,06,1167386,1901723,2016,06/24/2016 03:51:41 PM,41.885882002,-87.66077741,"(41.885882002, -87.66077741)",2016-06-18T10:30:00.000Z
10564846,HZ312001,049XX W SUPERIOR ST,2026,NARCOTICS,POSS: PCP,STREET,true,false,1531,15,37,25,18,1143252,1904514,2016,06/24/2016 03:51:41 PM,41.894025679,-87.749333534,"(41.894025679, -87.749333534)",2016-06-18T10:30:00.000Z
10564852,HZ311999,025XX S RIDGEWAY AVE,0560,ASSAULT,SIMPLE,SIDEWALK,true,false,1013,10,22,30,08A,1151781,1886771,2016,06/24/2016 03:51:41 PM,41.845173318,-87.718475753,"(41.845173318, -87.718475753)",2016-06-18T10:43:00.000Z
10564961,HZ312142,012XX N WASHTENAW AVE,1822,NARCOTICS,MANU/DEL:CANNABIS OVER 10 GMS,STREET,true,false,1423,14,26,24,18,1158175,1908031,2016,06/24/2016 03:51:41 PM,41.903384824,-87.694429675,"(41.903384824, -87.694429675)",2016-06-18T10:52:00.000Z
10565003,HZ312035,087XX S CREGIER AVE,1320,CRIMINAL DAMAGE,TO VEHICLE,STREET,false,true,412,4,8,48,14,1189712,1847209,2016,06/24/2016 03:51:41 PM,41.73578283,-87.58054652,"(41.73578283, -87.58054652)",2016-06-18T10:55:00.000Z
10564954,HZ312015,056XX W MADISON ST,0486,BATTERY,DOMESTIC BATTERY SIMPLE,STREET,true,false,1513,15,29,25,08B,1138946,1899461,2016,06/24/2016 03:51:41 PM,41.880238942,-87.76527117,"(41.880238942, -87.76527117)",2016-06-18T10:55:00.000Z
10573574,HZ312095,039XX W CONGRESS PKWY,0470,PUBLIC PEACE VIOLATION,RECKLESS CONDUCT,SIDEWALK,false,false,1132,11,24,26,24,"","",2016,12/24/2016 03:50:13 PM,"","","",2016-06-18T10:56:00.000Z
10583436,HZ332986,059XX S TRIPP AVE,2825,OTHER OFFENSE,HARASSMENT BY TELEPHONE,RESIDENCE,false,true,813,8,13,65,26,1149054,1864828,2016,07/04/2016 03:55:03 PM,41.785011707,-87.729049893,"(41.785011707, -87.729049893)",2016-06-18T11:00:00.000Z
10571466,HZ317777,0000X W CTA 95TH ST LN,1780,OFFENSE INVOLVING CHILDREN,OTHER OFFENSE,RESTAURANT,false,true,634,6,21,49,20,1177678,1842361,2016,07/04/2016 03:55:03 PM,41.722759684,-87.624780431,"(41.722759684, -87.624780431)",2016-06-18T11:00:00.000Z
10570793,HZ317839,105XX S AVENUE O,0910,MOTOR VEHICLE THEFT,AUTOMOBILE,STREET,false,false,432,4,10,52,07,1200857,1835745,2016,07/04/2016 03:55:03 PM,41.704049951,-87.540103296,"(41.704049951, -87.540103296)",2016-06-18T11:00:00.000Z
10567036,HZ312611,082XX S ELIZABETH ST,0820,THEFT,$500 AND UNDER,RESIDENCE,false,false,613,6,21,71,06,1169422,1850240,2016,06/24/2016 03:51:41 PM,41.744563281,-87.654793663,"(41.744563281, -87.654793663)",2016-06-18T11:00:00.000Z
10566385,HZ314166,067XX S BELL AVE,1310,CRIMINAL DAMAGE,TO PROPERTY,RESIDENCE-GARAGE,false,false,832,8,17,66,14,1162559,1859974,2016,06/24/2016 03:51:41 PM,41.771420547,-87.679669656,"(41.771420547, -87.679669656)",2016-06-18T11:00:00.000Z
10565471,HZ312758,003XX S PLYMOUTH CT,0870,THEFT,POCKET-PICKING,RESTAURANT,false,false,113,1,2,32,06,1176135,1898807,2016,06/24/2016 03:51:41 PM,41.877687677,-87.628737441,"(41.877687677, -87.628737441)",2016-06-18T11:00:00.000Z
10565428,HZ312712,056XX S WESTERN AVE,1320,CRIMINAL DAMAGE,TO VEHICLE,PARKING LOT/GARAGE(NON.RESID.),false,false,824,8,16,63,14,1161335,1867085,2016,06/24/2016 03:51:41 PM,41.790959544,-87.683959593,"(41.790959544, -87.683959593)",2016-06-18T11:00:00.000Z
10565360,HZ312629,021XX N LATROBE AVE,0820,THEFT,$500 AND UNDER,STREET,false,false,2515,25,37,19,06,1141036,1913796,2016,06/24/2016 03:51:41 PM,41.919537648,-87.757243351,"(41.919537648, -87.757243351)",2016-06-18T11:00:00.000Z
10565442,HZ312803,007XX N MICHIGAN AVE,0860,THEFT,RETAIL THEFT,SMALL RETAIL STORE,false,false,1834,18,42,8,06,1177303,1905177,2016,06/24/2016 03:51:41 PM,41.895140898,-87.624255632,"(41.895140898, -87.624255632)",2016-06-18T11:08:00.000Z
10565076,HZ312222,013XX W FULTON ST,1320,CRIMINAL DAMAGE,TO VEHICLE,PARKING LOT/GARAGE(NON.RESID.),false,false,1215,12,27,28,14,1167263,1901987,2016,06/24/2016 03:51:41 PM,41.886609082,-87.661221497,"(41.886609082, -87.661221497)",2016-06-18T11:10:00.000Z
10564936,HZ312110,049XX S KEDZIE AVE,0860,THEFT,RETAIL THEFT,GROCERY FOOD STORE,true,false,821,8,14,63,06,1155878,1871667,2016,06/24/2016 03:51:41 PM,41.803644557,-87.70384629,"(41.803644557, -87.70384629)",2016-06-18T11:10:00.000Z
10565202,HZ312193,021XX W 54TH ST,0820,THEFT,$500 AND UNDER,APARTMENT,true,true,932,9,16,61,06,1163075,1868834,2016,10/05/2016 03:49:16 PM,41.79572278,-87.677530462,"(41.79572278, -87.677530462)",2016-06-18T11:15:00.000Z
10565239,HZ312397,017XX W BERTEAU AVE,0610,BURGLARY,FORCIBLE ENTRY,APARTMENT,false,false,1912,19,47,6,05,1163841,1927937,2016,06/24/2016 03:51:41 PM,41.957890382,-87.673054164,"(41.957890382, -87.673054164)",2016-06-18T11:15:00.000Z
10564898,HZ312115,028XX N WESTERN AVE,0860,THEFT,RETAIL THEFT,DEPARTMENT STORE,false,false,1432,14,1,21,06,1159867,1918701,2016,06/24/2016 03:51:41 PM,41.932629338,-87.687919626,"(41.932629338, -87.687919626)",2016-06-18T11:15:00.000Z
10565045,HZ312131,023XX W HOWARD ST,1811,NARCOTICS,POSS: CANNABIS 30GMS OR LESS,ALLEY,true,false,2411,24,49,2,18,1159212,1950365,2016,06/24/2016 03:51:41 PM,42.019530328,-87.689452059,"(42.019530328, -87.689452059)",2016-06-18T11:16:00.000Z
10565015,HZ312104,064XX N ALBANY AVE,0430,BATTERY,AGGRAVATED: OTHER DANG WEAPON,ALLEY,false,false,2412,24,50,2,04B,1154503,1942544,2016,06/24/2016 03:51:41 PM,41.998165092,-87.706991299,"(41.998165092, -87.706991299)",2016-06-18T11:25:00.000Z
10565472,HZ312830,012XX N STATE PKWY,1150,DECEPTIVE PRACTICE,CREDIT CARD FRAUD,BANK,true,false,1824,18,42,8,11,1176070,1908457,2016,09/27/2016 03:51:24 PM,41.90416925,-87.628685126,"(41.90416925, -87.628685126)",2016-06-18T11:28:00.000Z
10565052,HZ312288,024XX E 76TH ST,0560,ASSAULT,SIMPLE,ALLEY,true,false,421,4,7,43,08A,1193639,1855039,2016,07/01/2016 03:48:25 PM,41.757173846,-87.565903876,"(41.757173846, -87.565903876)",2016-06-18T11:30:00.000Z
10568193,HZ316064,014XX W FARWELL AVE,1310,CRIMINAL DAMAGE,TO PROPERTY,RESIDENCE,false,false,2431,24,49,1,14,1165437,1945728,2016,06/24/2016 03:51:41 PM,42.00667554,-87.66667767,"(42.00667554, -87.66667767)",2016-06-18T11:30:00.000Z
10565706,HZ313263,017XX N LINDER AVE,1320,CRIMINAL DAMAGE,TO VEHICLE,STREET,false,false,2532,25,37,25,14,1139463,1911022,2016,06/24/2016 03:51:41 PM,41.911954331,-87.763090626,"(41.911954331, -87.763090626)",2016-06-18T11:30:00.000Z
10565073,HZ312314,013XX W FULTON ST,0820,THEFT,$500 AND UNDER,STREET,false,false,1215,12,27,28,06,1167263,1901987,2016,06/24/2016 03:51:41 PM,41.886609082,-87.661221497,"(41.886609082, -87.661221497)",2016-06-18T11:30:00.000Z
10564900,HZ312113,047XX S COTTAGE GROVE AVE,0820,THEFT,$500 AND UNDER,SIDEWALK,false,false,223,2,4,38,06,1182386,1873939,2016,06/24/2016 03:51:41 PM,41.809305232,-87.606558389,"(41.809305232, -87.606558389)",2016-06-18T11:30:00.000Z
10564890,HZ312065,031XX N MILWAUKEE AVE,1310,CRIMINAL DAMAGE,TO PROPERTY,GAS STATION,false,false,2523,25,30,21,14,1150203,1920878,2016,06/24/2016 03:51:41 PM,41.938797346,-87.723377074,"(41.938797346, -87.723377074)",2016-06-18T11:30:00.000Z
10674956,HZ384722,005XX W OHARE ST,1206,DECEPTIVE PRACTICE,"THEFT BY LESSEE,MOTOR VEH",AIRPORT VENDING ESTABLISHMENT,false,false,1654,16,41,76,11,"","",2016,09/10/2016 03:51:50 PM,"","","",2016-06-18T11:31:00.000Z
10564947,HZ312077,009XX W CULLERTON ST,051A,ASSAULT,AGGRAVATED: HANDGUN,STREET,false,false,1235,12,25,31,04A,1170653,1890607,2016,06/24/2016 03:51:41 PM,41.855307984,-87.649105748,"(41.855307984, -87.649105748)",2016-06-18T11:40:00.000Z
10564885,HZ312099,037XX W 13TH ST,1310,CRIMINAL DAMAGE,TO PROPERTY,APARTMENT,false,false,1011,10,24,29,14,1151675,1893786,2016,06/24/2016 03:51:41 PM,41.8644254,-87.718680477,"(41.8644254, -87.718680477)",2016-06-18T11:40:00.000Z
10564966,HZ312121,079XX S KOSTNER AVE,0460,BATTERY,SIMPLE,SIDEWALK,false,false,834,8,13,70,08B,1148453,1851446,2016,06/24/2016 03:51:41 PM,41.748300814,-87.731596699,"(41.748300814, -87.731596699)",2016-06-18T11:43:00.000Z
10564887,HZ312100,048XX N MILWAUKEE AVE,0890,THEFT,FROM BUILDING,RESTAURANT,false,false,1623,16,45,11,06,1139930,1931455,2016,06/24/2016 03:51:41 PM,41.968015993,-87.760873695,"(41.968015993, -87.760873695)",2016-06-18T11:45:00.000Z
10565031,HZ312177,012XX N ASHLAND AVE,1121,DECEPTIVE PRACTICE,COUNTERFEITING DOCUMENT,SMALL RETAIL STORE,false,false,1433,14,1,24,10,1165497,1908460,2016,06/24/2016 03:51:41 PM,41.904409238,-87.667522209,"(41.904409238, -87.667522209)",2016-06-18T11:54:00.000Z
10565764,HZ313379,112XX S CHAMPLAIN AVE,0810,THEFT,OVER $500,RESIDENCE,false,false,531,5,9,50,06,1182593,1830404,2016,06/24/2016 03:51:41 PM,41.689835722,-87.60714683,"(41.689835722, -87.60714683)",2016-06-18T12:00:00.000Z
10565669,HZ313159,051XX W GLADYS AVE,0910,MOTOR VEHICLE THEFT,AUTOMOBILE,STREET,false,false,1533,15,28,25,07,1142045,1897853,2016,06/24/2016 03:51:41 PM,41.875769535,-87.753931688,"(41.875769535, -87.753931688)",2016-06-18T12:00:00.000Z
10565388,HZ312659,027XX N LEAVITT ST,1320,CRIMINAL DAMAGE,TO VEHICLE,STREET,false,false,1931,19,1,7,14,1161895,1918239,2016,06/24/2016 03:51:41 PM,41.931319446,-87.680479874,"(41.931319446, -87.680479874)",2016-06-18T12:00:00.000Z
10565116,HZ312268,046XX W DIVERSEY AVE,1320,CRIMINAL DAMAGE,TO VEHICLE,PARKING LOT/GARAGE(NON.RESID.),false,false,2521,25,31,20,14,1144957,1918213,2016,06/24/2016 03:51:41 PM,41.931585146,-87.742725091,"(41.931585146, -87.742725091)",2016-06-18T12:00:00.000Z
10564969,HZ312155,037XX W MARQUETTE RD,1320,CRIMINAL DAMAGE,TO VEHICLE,STREET,false,false,833,8,13,65,14,1152639,1859920,2016,06/24/2016 03:51:41 PM,41.771473502,-87.71603475,"(41.771473502, -87.71603475)",2016-06-18T12:00:00.000Z
10565212,HZ312129,099XX S HALSTED ST,0486,BATTERY,DOMESTIC BATTERY SIMPLE,STREET,false,true,2232,22,34,73,08B,1172734,1839039,2016,06/24/2016 03:51:41 PM,41.713753878,-87.642987258,"(41.713753878, -87.642987258)",2016-06-18T12:10:00.000Z
10567762,HZ315673,018XX N CLARK ST,0890,THEFT,FROM BUILDING,HOTEL/MOTEL,false,false,1814,18,43,7,06,1174553,1912486,2016,06/24/2016 03:51:41 PM,41.915259074,-87.634136763,"(41.915259074, -87.634136763)",2016-06-18T12:15:00.000Z
10565034,HZ312171,037XX W 13TH ST,0486,BATTERY,DOMESTIC BATTERY SIMPLE,APARTMENT,true,true,1011,10,24,29,08B,1151624,1893785,2016,06/24/2016 03:51:41 PM,41.864423657,-87.718867725,"(41.864423657, -87.718867725)",2016-06-18T12:16:00.000Z
10565030,HZ312200,097XX S BISHOP FORD EXPY OB,143A,WEAPONS VIOLATION,UNLAWFUL POSS OF HANDGUN,HIGHWAY/EXPRESSWAY,true,false,511,5,21,49,15,1177658,1840604,2016,06/24/2016 03:51:41 PM,41.717938696,-87.624906647,"(41.717938696, -87.624906647)",2016-06-18T12:29:00.000Z
10627172,HZ379297,022XX W HIGHLAND AVE,1790,OFFENSE INVOLVING CHILDREN,CHILD ABDUCTION,RESIDENCE,false,true,2413,24,50,2,20,"","",2016,08/06/2016 03:51:32 PM,"","","",2016-06-18T12:30:00.000Z
10566503,HZ314273,014XX N SANDBURG TER,0890,THEFT,FROM BUILDING,APARTMENT,false,false,1821,18,42,8,06,1175096,1910205,2016,06/24/2016 03:51:41 PM,41.908987744,-87.632210361,"(41.908987744, -87.632210361)",2016-06-18T12:30:00.000Z
10565734,HZ313282,031XX N CLARK ST,0860,THEFT,RETAIL THEFT,DEPARTMENT STORE,false,false,1933,19,44,6,06,1170283,1920956,2016,06/24/2016 03:51:41 PM,41.93859561,-87.649576033,"(41.93859561, -87.649576033)",2016-06-18T12:30:00.000Z
10565192,HZ312262,032XX W DOUGLAS BLVD,0610,BURGLARY,FORCIBLE ENTRY,APARTMENT,false,false,1022,10,24,29,05,1154820,1893104,2016,06/24/2016 03:51:41 PM,41.862491547,-87.707153432,"(41.862491547, -87.707153432)",2016-06-18T12:30:00.000Z
10564984,HZ312195,017XX W FARWELL AVE,1811,NARCOTICS,POSS: CANNABIS 30GMS OR LESS,SIDEWALK,true,false,2424,24,49,1,18,1163449,1945667,2016,06/24/2016 03:51:41 PM,42.0065504,-87.673993534,"(42.0065504, -87.673993534)",2016-06-18T12:30:00.000Z
10564963,HZ312154,070XX N CLARK ST,0486,BATTERY,DOMESTIC BATTERY SIMPLE,RESIDENCE PORCH/HALLWAY,false,true,2424,24,49,1,08B,1163354,1947137,2016,06/24/2016 03:51:41 PM,42.01058612,-87.674301418,"(42.01058612, -87.674301418)",2016-06-18T12:30:00.000Z
10564938,HZ312157,029XX W DIVISION ST,1811,NARCOTICS,POSS: CANNABIS 30GMS OR LESS,STREET,true,false,1211,12,26,24,18,1156354,1907836,2016,06/24/2016 03:51:41 PM,41.902886748,-87.701123899,"(41.902886748, -87.701123899)",2016-06-18T12:30:00.000Z
10565113,HZ312188,0000X E 95TH ST,0486,BATTERY,DOMESTIC BATTERY SIMPLE,VEHICLE NON-COMMERCIAL,false,false,634,6,6,49,08B,1178071,1841986,2016,06/24/2016 03:51:41 PM,41.72172175,-87.623352254,"(41.72172175, -87.623352254)",2016-06-18T12:45:00.000Z
10565131,HZ312293,005XX E SOLIDARITY DR,0460,BATTERY,SIMPLE,PARK PROPERTY,true,false,132,1,2,33,08B,1180481,1894628,2016,06/24/2016 03:51:41 PM,41.866121269,-87.612909048,"(41.866121269, -87.612909048)",2016-06-18T12:48:00.000Z
10565060,HZ312226,038XX W 82ND PL,0486,BATTERY,DOMESTIC BATTERY SIMPLE,RESIDENTIAL YARD (FRONT/BACK),true,false,834,8,18,70,08B,1152280,1849600,2016,06/24/2016 03:51:41 PM,41.743160774,-87.717621488,"(41.743160774, -87.717621488)",2016-06-18T12:52:00.000Z
10565055,HZ312238,079XX S WESTERN AVE,0820,THEFT,$500 AND UNDER,SMALL RETAIL STORE,true,false,835,8,18,70,06,1161754,1852117,2016,06/24/2016 03:51:41 PM,41.749876545,-87.682838316,"(41.749876545, -87.682838316)",2016-06-18T12:53:00.000Z
10565104,HZ312186,056XX W BELDEN AVE,0880,THEFT,PURSE-SNATCHING,SIDEWALK,false,true,2515,25,37,19,06,1138249,1914723,2016,06/24/2016 03:51:41 PM,41.922132358,-87.767460862,"(41.922132358, -87.767460862)",2016-06-18T12:55:00.000Z
10584852,HZ328219,029XX N BROADWAY,0460,BATTERY,SIMPLE,RESTAURANT,false,false,1934,19,44,6,08B,"","",2016,07/05/2016 03:58:21 PM,"","","",2016-06-18T13:00:00.000Z
10574931,HZ320683,024XX S TROY ST,0910,MOTOR VEHICLE THEFT,AUTOMOBILE,RESIDENTIAL YARD (FRONT/BACK),false,false,1033,10,12,30,07,1155746,1887682,2016,07/04/2016 03:55:03 PM,41.847594389,-87.703900092,"(41.847594389, -87.703900092)",2016-06-18T13:00:00.000Z
10566464,HZ314053,103XX S WALDEN PKWY,0820,THEFT,$500 AND UNDER,STREET,false,false,2212,22,19,72,06,1165585,1835977,2016,06/24/2016 03:51:41 PM,41.705505561,-87.669256116,"(41.705505561, -87.669256116)",2016-06-18T13:00:00.000Z
10565970,HZ313264,014XX W WEBSTER AVE,0810,THEFT,OVER $500,PARKING LOT/GARAGE(NON.RESID.),false,false,1811,18,32,7,06,1165981,1914731,2016,06/24/2016 03:51:41 PM,41.921606937,-87.665565006,"(41.921606937, -87.665565006)",2016-06-18T13:00:00.000Z
10565838,HZ313413,027XX W EVERGREEN AVE,0910,MOTOR VEHICLE THEFT,AUTOMOBILE,STREET,false,false,1423,14,26,24,07,1157931,1908865,2016,06/24/2016 03:51:41 PM,41.905678373,-87.695303156,"(41.905678373, -87.695303156)",2016-06-18T13:00:00.000Z
10565768,HZ313356,073XX S YALE AVE,0620,BURGLARY,UNLAWFUL ENTRY,RESIDENCE-GARAGE,false,false,731,7,17,69,05,1175894,1856263,2016,06/24/2016 03:51:41 PM,41.760948626,-87.630899336,"(41.760948626, -87.630899336)",2016-06-18T13:00:00.000Z
10565570,HZ312967,033XX S COTTAGE GROVE AVE,1320,CRIMINAL DAMAGE,TO VEHICLE,STREET,false,false,211,2,4,35,14,1180990,1882653,2016,06/24/2016 03:51:41 PM,41.83324939,-87.611410066,"(41.83324939, -87.611410066)",2016-06-18T13:00:00.000Z
10565445,HZ312735,042XX S WABASH AVE,0910,MOTOR VEHICLE THEFT,AUTOMOBILE,OTHER,false,false,213,2,3,38,07,1177418,1877019,2016,06/24/2016 03:51:41 PM,41.817870863,-87.624686797,"(41.817870863, -87.624686797)",2016-06-18T13:00:00.000Z
10565432,HZ312624,047XX N KIMBALL AVE,1305,CRIMINAL DAMAGE,CRIMINAL DEFACEMENT,CTA GARAGE / OTHER PROPERTY,false,false,1713,17,33,14,14,1152858,1931371,2016,06/24/2016 03:51:41 PM,41.967538619,-87.713340244,"(41.967538619, -87.713340244)",2016-06-18T13:00:00.000Z
10565405,HZ312691,014XX N KEYSTONE AVE,0910,MOTOR VEHICLE THEFT,AUTOMOBILE,STREET,false,false,2534,25,30,23,07,1149117,1909410,2016,06/24/2016 03:51:41 PM,41.907349239,-87.727666117,"(41.907349239, -87.727666117)",2016-06-18T13:00:00.000Z
10565170,HZ312456,098XX S CALHOUN AVE,1310,CRIMINAL DAMAGE,TO PROPERTY,RESIDENCE,false,false,431,4,7,51,14,1194759,1840312,2016,06/24/2016 03:51:41 PM,41.716734212,-87.562282875,"(41.716734212, -87.562282875)",2016-06-18T13:00:00.000Z
10565033,HZ312206,025XX W BLOOMINGDALE AVE,031A,ROBBERY,ARMED: HANDGUN,SIDEWALK,false,false,1434,14,1,24,03,1159183,1911894,2016,06/24/2016 03:51:41 PM,41.913964541,-87.690620746,"(41.913964541, -87.690620746)",2016-06-18T13:00:00.000Z
10564967,HZ312205,030XX S KEDVALE AVE,0554,ASSAULT,AGG PO HANDS NO/MIN INJURY,STREET,true,false,1031,10,22,30,08A,1149198,1884103,2016,06/26/2016 03:50:19 PM,41.837902331,-87.728024145,"(41.837902331, -87.728024145)",2016-06-18T13:05:00.000Z
10565039,HZ312207,014XX W 49TH ST,0486,BATTERY,DOMESTIC BATTERY SIMPLE,STREET,false,true,933,9,20,61,08B,1167402,1872251,2016,06/24/2016 03:51:41 PM,41.805007743,-87.661565216,"(41.805007743, -87.661565216)",2016-06-18T13:05:00.000Z
10565037,HZ312234,021XX N MULLIGAN AVE,051A,ASSAULT,AGGRAVATED: HANDGUN,RESIDENTIAL YARD (FRONT/BACK),false,false,2512,25,29,19,04A,1133733,1913550,2016,06/24/2016 03:51:41 PM,41.918994082,-87.784081854,"(41.918994082, -87.784081854)",2016-06-18T13:10:00.000Z
10565028,HZ312221,005XX N RUSH ST,0460,BATTERY,SIMPLE,HOTEL/MOTEL,false,false,1834,18,42,8,08B,1177010,1903839,2016,06/24/2016 03:51:41 PM,41.891475999,-87.62537228,"(41.891475999, -87.62537228)",2016-06-18T13:15:00.000Z
10565017,HZ312217,005XX N RUSH ST,0890,THEFT,FROM BUILDING,HOTEL/MOTEL,false,false,1834,18,42,8,06,1177010,1903839,2016,06/24/2016 03:51:41 PM,41.891475999,-87.62537228,"(41.891475999, -87.62537228)",2016-06-18T13:15:00.000Z
10571977,HZ319874,022XX W ADAMS ST,0820,THEFT,$500 AND UNDER,APARTMENT,false,false,1223,12,2,28,06,1161519,1899041,2016,06/27/2016 03:50:03 PM,41.878646518,-87.682396953,"(41.878646518, -87.682396953)",2016-06-18T13:30:00.000Z
10565429,HZ312777,007XX W ADAMS ST,0890,THEFT,FROM BUILDING,RESIDENCE-GARAGE,false,false,1232,12,27,28,06,1171256,1899328,2016,06/24/2016 03:51:41 PM,41.879225851,-87.646636417,"(41.879225851, -87.646636417)",2016-06-18T13:30:00.000Z
10565280,HZ312248,023XX W 21ST ST,0486,BATTERY,DOMESTIC BATTERY SIMPLE,STREET,false,true,1234,12,25,31,08B,1161095,1890015,2016,06/24/2016 03:51:41 PM,41.853887122,-87.684204397,"(41.853887122, -87.684204397)",2016-06-18T13:30:00.000Z
10565263,HZ312265,084XX S SOUTH CHICAGO AVE,0486,BATTERY,DOMESTIC BATTERY SIMPLE,VEHICLE NON-COMMERCIAL,false,true,412,4,8,46,08B,1191792,1849618,2016,06/24/2016 03:51:41 PM,41.742343169,-87.572848316,"(41.742343169, -87.572848316)",2016-06-18T13:30:00.000Z
10565143,HZ312303,017XX W HARRISON ST,0560,ASSAULT,SIMPLE,HOSPITAL BUILDING/GROUNDS,false,true,1231,12,2,28,08A,1164658,1897415,2016,06/24/2016 03:51:41 PM,41.874118729,-87.670917278,"(41.874118729, -87.670917278)",2016-06-18T13:30:00.000Z
10568992,HZ316894,049XX N KEDZIE AVE,2826,OTHER OFFENSE,HARASSMENT BY ELECTRONIC MEANS,RESIDENCE,false,false,1713,17,39,14,26,1154154,1932583,2016,06/24/2016 03:51:41 PM,41.970838586,-87.708542461,"(41.970838586, -87.708542461)",2016-06-18T13:40:00.000Z
10565106,HZ312257,032XX N CICERO AVE,1330,CRIMINAL TRESPASS,TO LAND,PARKING LOT/GARAGE(NON.RESID.),true,false,1731,17,30,15,26,1143800,1921259,2016,06/24/2016 03:51:41 PM,41.939965451,-87.746900353,"(41.939965451, -87.746900353)",2016-06-18T13:40:00.000Z
10565103,HZ312225,047XX S LOOMIS BLVD,0486,BATTERY,DOMESTIC BATTERY SIMPLE,RESIDENCE,true,true,933,9,3,61,08B,1167796,1873348,2016,06/24/2016 03:51:41 PM,41.808009573,-87.660088676,"(41.808009573, -87.660088676)",2016-06-18T13:43:00.000Z
10565074,HZ312278,003XX N MICHIGAN AVE,0820,THEFT,$500 AND UNDER,STREET,false,false,111,1,42,32,06,1177263,1902734,2016,06/24/2016 03:51:41 PM,41.888438092,-87.624476665,"(41.888438092, -87.624476665)",2016-06-18T13:45:00.000Z
10565200,HZ312372,063XX S STONY ISLAND AVE,0560,ASSAULT,SIMPLE,STREET,false,false,314,3,20,42,08A,1187960,1863364,2016,06/24/2016 03:51:41 PM,41.780155491,-87.586451255,"(41.780155491, -87.586451255)",2016-06-18T13:48:00.000Z
10565040,HZ312237,033XX W MAYPOLE AVE,0560,ASSAULT,SIMPLE,APARTMENT,true,false,1123,11,28,27,08A,1154061,1900783,2016,06/24/2016 03:51:41 PM,41.883578698,-87.709734846,"(41.883578698, -87.709734846)",2016-06-18T13:48:00.000Z
10565062,HZ312233,042XX W MONTROSE AVE,0486,BATTERY,DOMESTIC BATTERY SIMPLE,STREET,true,true,1722,17,38,16,08B,1147019,1928899,2016,06/24/2016 03:51:41 PM,41.960869202,-87.734873324,"(41.960869202, -87.734873324)",2016-06-18T13:49:00.000Z
10565300,HZ312373,094XX S ST LAWRENCE AVE,0430,BATTERY,AGGRAVATED: OTHER DANG WEAPON,STREET,true,false,633,6,9,49,04B,1181890,1842609,2016,07/06/2017 03:51:33 PM,41.723344058,-87.609344841,"(41.723344058, -87.609344841)",2016-06-18T13:58:00.000Z
10565308,HZ312323,094XX S ST LAWRENCE AVE,1320,CRIMINAL DAMAGE,TO VEHICLE,STREET,false,false,633,6,9,49,14,1181890,1842609,2016,06/24/2016 03:51:41 PM,41.723344058,-87.609344841,"(41.723344058, -87.609344841)",2016-06-18T13:58:00.000Z
10790408,HZ560411,029XX N LAKEWOOD AVE,0486,BATTERY,DOMESTIC BATTERY SIMPLE,SIDEWALK,false,true,1933,19,32,6,08B,"","",2016,12/22/2016 03:52:05 PM,"","","",2016-06-18T14:00:00.000Z
10580183,HZ329077,009XX N MICHIGAN AVE,0281,CRIM SEXUAL ASSAULT,NON-AGGRAVATED,HOTEL/MOTEL,false,false,1833,18,42,8,02,1177322,1906785,2016,09/18/2016 03:47:57 PM,41.899552895,-87.624137033,"(41.899552895, -87.624137033)",2016-06-18T14:00:00.000Z
10571914,HZ319808,055XX S EVERETT AVE,0820,THEFT,$500 AND UNDER,OTHER,false,false,235,2,5,41,06,1188986,1868620,2016,07/21/2016 03:51:41 PM,41.79455383,-87.582521571,"(41.79455383, -87.582521571)",2016-06-18T14:00:00.000Z
10598385,HZ349696,050XX N MELVINA AVE,1150,DECEPTIVE PRACTICE,CREDIT CARD FRAUD,RESIDENCE,false,false,1622,16,45,11,11,1133878,1933205,2016,07/18/2016 03:53:21 PM,41.972926966,-87.783085504,"(41.972926966, -87.783085504)",2016-06-18T14:00:00.000Z
10569469,HZ314716,007XX E 133RD PL,1350,CRIMINAL TRESPASS,TO STATE SUP LAND,CHA APARTMENT,false,false,533,5,9,54,26,1183995,1817021,2016,07/04/2016 03:55:03 PM,41.653078323,-87.602429702,"(41.653078323, -87.602429702)",2016-06-18T14:00:00.000Z
10567998,HZ315922,011XX S LAFLIN ST,0820,THEFT,$500 AND UNDER,OTHER,false,false,1231,12,2,28,06,1166546,1895280,2016,06/24/2016 03:51:41 PM,41.868219921,-87.664046556,"(41.868219921, -87.664046556)",2016-06-18T14:00:00.000Z
10566297,HZ312944,038XX N BROADWAY,0620,BURGLARY,UNLAWFUL ENTRY,OTHER,false,false,1925,19,46,6,05,1170231,1925770,2016,06/24/2016 03:51:41 PM,41.951806551,-87.649626018,"(41.951806551, -87.649626018)",2016-06-18T14:00:00.000Z
10565749,HZ313332,053XX W 53RD PL,0486,BATTERY,DOMESTIC BATTERY SIMPLE,APARTMENT,false,false,814,8,23,56,08B,1141720,1868689,2016,06/24/2016 03:51:41 PM,41.795745239,-87.755844885,"(41.795745239, -87.755844885)",2016-06-18T14:00:00.000Z
10565642,HZ313015,013XX N ASHLAND AVE,1320,CRIMINAL DAMAGE,TO VEHICLE,STREET,false,false,1433,14,1,24,14,1165482,1908992,2016,06/24/2016 03:51:41 PM,41.905869402,-87.667562141,"(41.905869402, -87.667562141)",2016-06-18T14:00:00.000Z
10565468,HZ312676,025XX S AVERS AVE,0910,MOTOR VEHICLE THEFT,AUTOMOBILE,STREET,false,false,1013,10,22,30,07,1151112,1886952,2016,06/24/2016 03:51:41 PM,41.845683121,-87.720926186,"(41.845683121, -87.720926186)",2016-06-18T14:00:00.000Z
10565399,HZ312698,033XX W WABANSIA AVE,1320,CRIMINAL DAMAGE,TO VEHICLE,STREET,false,false,1422,14,26,23,14,1153658,1911096,2016,06/24/2016 03:51:41 PM,41.911886578,-87.710939971,"(41.911886578, -87.710939971)",2016-06-18T14:00:00.000Z
10565375,HZ312644,104XX S SEELEY AVE,0910,MOTOR VEHICLE THEFT,AUTOMOBILE,STREET,false,false,2212,22,19,72,07,1164579,1835450,2016,06/24/2016 03:51:41 PM,41.704080614,-87.672954808,"(41.704080614, -87.672954808)",2016-06-18T14:00:00.000Z
10565123,HZ312355,013XX S LYNN WHITE DR,0460,BATTERY,SIMPLE,PARK PROPERTY,false,false,132,1,2,33,08B,1181239,1894704,2016,06/24/2016 03:51:41 PM,41.866312328,-87.61012406,"(41.866312328, -87.61012406)",2016-06-18T14:00:00.000Z
10565049,HZ312290,052XX W QUINCY ST,0486,BATTERY,DOMESTIC BATTERY SIMPLE,APARTMENT,false,true,1522,15,29,25,08B,1141544,1898501,2016,06/24/2016 03:51:41 PM,41.877556996,-87.75575519,"(41.877556996, -87.75575519)",2016-06-18T14:00:00.000Z
10565057,HZ312270,011XX N CLARK ST,2027,NARCOTICS,POSS: CRACK,SIDEWALK,true,false,1824,18,42,8,18,1175324,1908209,2016,06/24/2016 03:51:41 PM,41.903505509,-87.631432802,"(41.903505509, -87.631432802)",2016-06-18T14:10:00.000Z
10565374,HZ312279,078XX S COLES AVE,0486,BATTERY,DOMESTIC BATTERY SIMPLE,SIDEWALK,false,true,421,4,7,43,08B,1197465,1853757,2016,06/24/2016 03:51:41 PM,41.753561435,-87.551925162,"(41.753561435, -87.551925162)",2016-06-18T14:15:00.000Z
10565054,HZ312244,025XX W CORTLAND ST,0486,BATTERY,DOMESTIC BATTERY SIMPLE,APARTMENT,true,true,1434,14,1,22,08B,1159206,1912539,2016,06/24/2016 03:51:41 PM,41.915733997,-87.690518487,"(41.915733997, -87.690518487)",2016-06-18T14:15:00.000Z
10565093,HZ312277,053XX S RACINE AVE,1320,CRIMINAL DAMAGE,TO VEHICLE,RESIDENTIAL YARD (FRONT/BACK),false,true,934,9,16,61,14,1169232,1869355,2016,06/24/2016 03:51:41 PM,41.797021352,-87.654937389,"(41.797021352, -87.654937389)",2016-06-18T14:20:00.000Z
10565058,HZ312267,055XX S DAMEN AVE,0460,BATTERY,SIMPLE,VACANT LOT/LAND,true,false,715,7,15,67,08B,1163974,1867810,2016,06/24/2016 03:51:41 PM,41.792893929,-87.674262567,"(41.792893929, -87.674262567)",2016-06-18T14:25:00.000Z
10565516,HZ312784,019XX W MADISON ST,0460,BATTERY,SIMPLE,SPORTS ARENA/STADIUM,false,false,1223,12,27,28,08B,1163655,1900042,2016,06/24/2016 03:51:41 PM,41.881348623,-87.674525788,"(41.881348623, -87.674525788)",2016-06-18T14:30:00.000Z
10565132,HZ312383,010XX W CORNELIA AVE,0460,BATTERY,SIMPLE,APARTMENT,false,false,1924,19,44,6,08B,1168559,1923408,2016,06/24/2016 03:51:41 PM,41.945361564,-87.655840876,"(41.945361564, -87.655840876)",2016-06-18T14:30:00.000Z
10565110,HZ312358,042XX W 59TH ST,1320,CRIMINAL DAMAGE,TO VEHICLE,PARKING LOT/GARAGE(NON.RESID.),false,false,813,8,13,65,14,1149141,1865144,2016,06/24/2016 03:51:41 PM,41.785877182,-87.728722762,"(41.785877182, -87.728722762)",2016-06-18T14:30:00.000Z
10565072,HZ312296,017XX N KEYSTONE AVE,0910,MOTOR VEHICLE THEFT,AUTOMOBILE,STREET,false,false,2534,25,30,20,07,1149111,1911318,2016,06/24/2016 03:51:41 PM,41.912585094,-87.727638664,"(41.912585094, -87.727638664)",2016-06-18T14:30:00.000Z
10565061,HZ312273,016XX N CICERO AVE,0560,ASSAULT,SIMPLE,STREET,false,false,2533,25,37,25,08A,1144091,1910384,2016,06/24/2016 03:51:41 PM,41.910117898,-87.746104545,"(41.910117898, -87.746104545)",2016-06-18T14:33:00.000Z
10565287,HZ312408,132XX S LANGLEY AVE,0820,THEFT,$500 AND UNDER,CHA PARKING LOT/GROUNDS,false,false,533,5,9,54,06,1183251,1817865,2016,03/14/2017 03:55:43 PM,41.655411665,-87.605125836,"(41.655411665, -87.605125836)",2016-06-18T14:45:00.000Z
10565247,HZ312313,021XX N KEDVALE AVE,0486,BATTERY,DOMESTIC BATTERY SIMPLE,SIDEWALK,false,true,2525,25,30,20,08B,1148369,1913873,2016,06/24/2016 03:51:41 PM,41.919610607,-87.730298605,"(41.919610607, -87.730298605)",2016-06-18T14:45:00.000Z
10565150,HZ312283,055XX S WHIPPLE ST,0486,BATTERY,DOMESTIC BATTERY SIMPLE,RESIDENCE,false,true,824,8,14,63,08B,1156989,1867761,2016,06/24/2016 03:51:41 PM,41.792903558,-87.699877235,"(41.792903558, -87.699877235)",2016-06-18T14:46:00.000Z
10572081,HZ319905,049XX S KEELER AVE,2825,OTHER OFFENSE,HARASSMENT BY TELEPHONE,RESIDENCE,false,false,815,8,23,57,26,1149198,1871474,2016,06/27/2016 03:50:03 PM,41.803246575,-87.728350438,"(41.803246575, -87.728350438)",2016-06-18T14:48:00.000Z
10565153,HZ312400,075XX S ESSEX AVE,3731,INTERFERENCE WITH PUBLIC OFFICER,OBSTRUCTING IDENTIFICATION,VEHICLE NON-COMMERCIAL,true,false,421,4,7,43,24,1194172,1855510,2016,06/24/2016 03:51:41 PM,41.758453242,-87.563935115,"(41.758453242, -87.563935115)",2016-06-18T14:49:00.000Z
10565371,HZ312318,026XX E 79TH ST,051A,ASSAULT,AGGRAVATED: HANDGUN,PARKING LOT/GARAGE(NON.RESID.),true,false,422,4,7,46,04A,1195266,1853101,2016,09/03/2016 03:48:19 PM,41.751815845,-87.560005138,"(41.751815845, -87.560005138)",2016-06-18T14:58:00.000Z
10565108,HZ312300,118XX S STATE ST,1330,CRIMINAL TRESPASS,TO LAND,RESTAURANT,true,false,522,5,34,53,26,1178385,1826246,2016,06/24/2016 03:51:41 PM,41.678521867,-87.622677852,"(41.678521867, -87.622677852)",2016-06-18T14:59:00.000Z
10565421,HZ312722,080XX S MARQUETTE AVE,1310,CRIMINAL DAMAGE,TO PROPERTY,APARTMENT,false,false,422,4,7,46,14,1195571,1852213,2016,06/24/2016 03:51:41 PM,41.749371577,-87.558916766,"(41.749371577, -87.558916766)",2016-06-18T15:00:00.000Z
10565178,HZ312336,046XX W MONROE ST,1310,CRIMINAL DAMAGE,TO PROPERTY,RESIDENCE,false,true,1113,11,28,25,14,1145456,1899161,2016,06/24/2016 03:51:41 PM,41.879294976,-87.741374478,"(41.879294976, -87.741374478)",2016-06-18T15:00:00.000Z
10565100,HZ312337,031XX W DIVISION ST,1811,NARCOTICS,POSS: CANNABIS 30GMS OR LESS,STREET,true,false,1211,12,26,24,18,1155389,1907817,2016,06/24/2016 03:51:41 PM,41.902854071,-87.70466905,"(41.902854071, -87.70466905)",2016-06-18T15:01:00.000Z
22559,HZ312274,022XX S KIRKLAND AVE,0110,HOMICIDE,FIRST DEGREE MURDER,STREET,false,false,1013,10,22,29,01A,1147702,1888759,2016,06/24/2016 03:51:41 PM,41.85070781,-87.733394371,"(41.85070781, -87.733394371)",2016-06-18T15:04:00.000Z
10565149,HZ312346,043XX W FORD CITY DR,0486,BATTERY,DOMESTIC BATTERY SIMPLE,APARTMENT,false,true,833,8,13,65,08B,1148765,1853235,2016,06/24/2016 03:51:41 PM,41.753204151,-87.73040747,"(41.753204151, -87.73040747)",2016-06-18T15:15:00.000Z
10565079,HZ312329,026XX W POTOMAC AVE,1330,CRIMINAL TRESPASS,TO LAND,CHA PARKING LOT/GROUNDS,true,false,1423,14,26,24,26,1158474,1908544,2016,06/24/2016 03:51:41 PM,41.904786422,-87.693317323,"(41.904786422, -87.693317323)",2016-06-18T15:17:00.000Z
10565083,HZ312332,069XX S LOWE AVE,4625,OTHER OFFENSE,PAROLE VIOLATION,SIDEWALK,true,false,732,7,6,68,26,1173167,1858801,2016,06/24/2016 03:51:41 PM,41.767973874,-87.640819029,"(41.767973874, -87.640819029)",2016-06-18T15:18:00.000Z
10565392,HZ312689,034XX W BERTEAU AVE,0920,MOTOR VEHICLE THEFT,ATT: AUTOMOBILE,VEHICLE NON-COMMERCIAL,false,false,1723,17,33,16,07,1152540,1927701,2016,06/24/2016 03:51:41 PM,41.957474205,-87.714606945,"(41.957474205, -87.714606945)",2016-06-18T15:30:00.000Z
10565250,HZ312498,022XX N HALSTED ST,1152,DECEPTIVE PRACTICE,ILLEGAL USE CASH CARD,RESIDENCE,false,false,1812,18,43,7,11,1170579,1915124,2016,06/24/2016 03:51:41 PM,41.922585855,-87.648659333,"(41.922585855, -87.648659333)",2016-06-18T15:30:00.000Z
10565248,HZ312497,022XX N LINCOLN AVE,0890,THEFT,FROM BUILDING,BAR OR TAVERN,false,false,1812,18,43,7,06,1171562,1915205,2016,06/24/2016 03:51:41 PM,41.922786529,-87.645045119,"(41.922786529, -87.645045119)",2016-06-18T15:30:00.000Z
10565098,HZ312345,023XX S WESTERN AVE,0910,MOTOR VEHICLE THEFT,AUTOMOBILE,GAS STATION,true,false,1034,10,25,31,07,1160731,1888591,2016,06/24/2016 03:51:41 PM,41.849987061,-87.685579842,"(41.849987061, -87.685579842)",2016-06-18T15:30:00.000Z
10565433,HZ312719,054XX N RAVENSWOOD AVE,0820,THEFT,$500 AND UNDER,RESIDENTIAL YARD (FRONT/BACK),false,false,2012,20,40,77,06,1163381,1936040,2016,06/24/2016 03:51:41 PM,41.980135064,-87.674516207,"(41.980135064, -87.674516207)",2016-06-18T15:45:00.000Z
10565147,HZ312404,028XX W NORTH AVE,051A,ASSAULT,AGGRAVATED: HANDGUN,VEHICLE NON-COMMERCIAL,true,false,1421,14,1,24,04A,1157381,1910514,2016,06/24/2016 03:51:41 PM,41.910214574,-87.697278585,"(41.910214574, -87.697278585)",2016-06-18T15:49:00.000Z
10633883,HZ385485,098XX S BELL AVE,1563,SEX OFFENSE,CRIMINAL SEXUAL ABUSE,RESIDENCE,false,false,2213,22,19,72,17,"","",2016,08/11/2016 03:53:07 PM,"","","",2016-06-19T04:00:00.000Z
10629471,HZ382451,026XX S CALIFORNIA AVE,0281,CRIM SEXUAL ASSAULT,NON-AGGRAVATED,VACANT LOT/LAND,false,false,1033,10,12,30,02,"","",2016,08/08/2016 03:57:28 PM,"","","",2016-06-19T04:00:00.000Z
10565604,HZ313086,072XX S SAWYER AVE,1320,CRIMINAL DAMAGE,TO VEHICLE,STREET,false,false,831,8,18,66,14,1155957,1856452,2016,06/25/2016 03:51:43 PM,41.76189078,-87.703964988,"(41.76189078, -87.703964988)",2016-06-19T04:00:00.000Z
10575172,HZ323397,021XX W DIVISION ST,1110,DECEPTIVE PRACTICE,BOGUS CHECK,RESIDENCE,false,false,1212,12,32,24,11,"","",2016,08/31/2016 03:51:21 PM,"","","",2016-06-19T04:01:00.000Z
10565462,HZ312707,001XX W 113TH ST,0820,THEFT,$500 AND UNDER,RESIDENCE,false,true,522,5,34,49,06,1177283,1830022,2016,06/25/2016 03:51:43 PM,41.688908652,-87.626598183,"(41.688908652, -87.626598183)",2016-06-19T04:01:00.000Z
10565451,HZ312709,052XX N CLARK ST,1150,DECEPTIVE PRACTICE,CREDIT CARD FRAUD,OTHER,false,false,2012,20,40,77,11,1165060,1935105,2016,06/25/2016 03:51:43 PM,41.97753379,-87.668368188,"(41.97753379, -87.668368188)",2016-06-19T04:01:00.000Z
10565154,HZ312447,023XX S WHIPPLE ST,4625,OTHER OFFENSE,PAROLE VIOLATION,SIDEWALK,true,false,1033,10,24,30,26,1156391,1888365,2016,06/25/2016 03:51:43 PM,41.849455621,-87.701514477,"(41.849455621, -87.701514477)",2016-06-19T04:03:00.000Z
10565117,HZ312377,060XX S TROY ST,3730,INTERFERENCE WITH PUBLIC OFFICER,OBSTRUCTING JUSTICE,STREET,true,false,823,8,16,66,24,1156423,1864313,2016,06/25/2016 03:51:43 PM,41.783453178,-87.702045543,"(41.783453178, -87.702045543)",2016-06-19T04:03:00.000Z
10565221,HZ312432,015XX W 71ST ST,143C,WEAPONS VIOLATION,UNLAWFUL POSS AMMUNITION,VEHICLE NON-COMMERCIAL,true,false,734,7,17,67,15,1167509,1857650,2016,06/25/2016 03:51:43 PM,41.764938517,-87.661591151,"(41.764938517, -87.661591151)",2016-06-19T04:09:00.000Z
10565222,HZ312390,015XX N TALMAN AVE,0420,BATTERY,AGGRAVATED:KNIFE/CUTTING INSTR,ALLEY,false,false,1423,14,26,24,04B,1158470,1910045,2016,06/25/2016 03:51:43 PM,41.90890537,-87.693290876,"(41.90890537, -87.693290876)",2016-06-19T04:10:00.000Z
10565125,HZ312359,073XX S MORGAN ST,1310,CRIMINAL DAMAGE,TO PROPERTY,APARTMENT,false,false,733,7,17,68,14,1170912,1856254,2016,06/25/2016 03:51:43 PM,41.761034113,-87.649158884,"(41.761034113, -87.649158884)",2016-06-19T04:10:00.000Z
10565286,HZ312486,096XX S PRINCETON AVE,0486,BATTERY,DOMESTIC BATTERY SIMPLE,STREET,false,true,511,5,21,49,08B,1175986,1840936,2016,06/25/2016 03:51:43 PM,41.71888734,-87.631020586,"(41.71888734, -87.631020586)",2016-06-19T04:13:00.000Z
10565289,HZ312379,132XX S LANGLEY AVE,0320,ROBBERY,STRONGARM - NO WEAPON,CHA PARKING LOT/GROUNDS,false,false,533,5,9,54,03,1183251,1817865,2016,06/25/2016 03:51:43 PM,41.655411665,-87.605125836,"(41.655411665, -87.605125836)",2016-06-19T04:20:00.000Z
10565140,HZ312395,011XX W CORNELIA AVE,2021,NARCOTICS,POSS: BARBITUATES,SIDEWALK,true,false,1924,19,44,6,18,1168094,1923396,2016,06/25/2016 03:51:43 PM,41.945338709,-87.657550379,"(41.945338709, -87.657550379)",2016-06-19T04:29:00.000Z
10566119,HZ313725,053XX W CHICAGO AVE,0460,BATTERY,SIMPLE,SIDEWALK,false,false,1524,15,37,25,08B,1140417,1904813,2016,06/25/2016 03:51:43 PM,41.894898651,-87.75973838,"(41.894898651, -87.75973838)",2016-06-19T04:30:00.000Z
10565731,HZ313077,004XX S CENTRAL AVE,1320,CRIMINAL DAMAGE,TO VEHICLE,STREET,false,false,1522,15,29,25,14,1139130,1897349,2016,06/25/2016 03:51:43 PM,41.874439992,-87.764646916,"(41.874439992, -87.764646916)",2016-06-19T04:30:00.000Z
10565581,HZ313001,033XX S COTTAGE GROVE AVE,1320,CRIMINAL DAMAGE,TO VEHICLE,STREET,false,false,211,2,4,35,14,1180990,1882653,2016,06/25/2016 03:51:43 PM,41.83324939,-87.611410066,"(41.83324939, -87.611410066)",2016-06-19T04:30:00.000Z
10565465,HZ312850,022XX N LINCOLN AVE,0870,THEFT,POCKET-PICKING,BAR OR TAVERN,false,false,1812,18,43,7,06,1171562,1915205,2016,06/25/2016 03:51:43 PM,41.922786529,-87.645045119,"(41.922786529, -87.645045119)",2016-06-19T04:45:00.000Z
10565220,HZ312391,015XX N DAMEN AVE,0820,THEFT,$500 AND UNDER,CTA PLATFORM,false,false,1424,14,1,24,06,1162780,1910414,2016,06/25/2016 03:51:43 PM,41.90982859,-87.677447594,"(41.90982859, -87.677447594)",2016-06-19T04:45:00.000Z
10565218,HZ312448,022XX N CALIFORNIA AVE,0460,BATTERY,SIMPLE,SIDEWALK,false,false,1414,14,35,22,08B,1157336,1914799,2016,06/25/2016 03:51:43 PM,41.921973868,-87.697327162,"(41.921973868, -87.697327162)",2016-06-19T04:45:00.000Z
10565196,HZ312410,002XX N WELLS ST,0460,BATTERY,SIMPLE,SIDEWALK,false,false,122,1,42,32,08B,1174694,1901831,2016,06/25/2016 03:51:43 PM,41.886018055,-87.633937881,"(41.886018055, -87.633937881)",2016-06-19T04:50:00.000Z
10565166,HZ312406,036XX W DOUGLAS BLVD,0520,ASSAULT,AGGRAVATED:KNIFE/CUTTING INSTR,RESIDENCE,true,true,1011,10,24,29,04A,1152476,1893218,2016,06/25/2016 03:51:43 PM,41.862850968,-87.715755,"(41.862850968, -87.715755)",2016-06-19T04:55:00.000Z
10565152,HZ312402,035XX N HALSTED ST,0560,ASSAULT,SIMPLE,SIDEWALK,true,false,1925,19,46,6,08A,1170298,1923600,2016,06/25/2016 03:51:43 PM,41.945850524,-87.649443378,"(41.945850524, -87.649443378)",2016-06-19T04:56:00.000Z
10569333,HZ317044,022XX N CALIFORNIA AVE,0460,BATTERY,SIMPLE,SIDEWALK,false,false,1414,14,35,22,08B,1157336,1914799,2016,07/04/2016 03:55:03 PM,41.921973868,-87.697327162,"(41.921973868, -87.697327162)",2016-06-18T17:00:00.000Z
10565984,HZ313469,003XX W SCHILLER ST,0820,THEFT,$500 AND UNDER,STREET,false,false,1821,18,43,8,06,1173872,1909700,2016,06/25/2016 03:51:43 PM,41.907629365,-87.636721791,"(41.907629365, -87.636721791)",2016-06-18T17:00:00.000Z
10565630,HZ313054,053XX S HOMAN AVE,1320,CRIMINAL DAMAGE,TO VEHICLE,VEHICLE NON-COMMERCIAL,false,false,822,8,14,63,14,1154623,1868831,2016,06/25/2016 03:51:43 PM,41.795887304,-87.708524643,"(41.795887304, -87.708524643)",2016-06-18T17:00:00.000Z
10565541,HZ312965,070XX S CLAREMONT AVE,0810,THEFT,OVER $500,STREET,false,false,832,8,17,66,06,1161948,1858024,2016,06/25/2016 03:51:43 PM,41.766082193,-87.681963518,"(41.766082193, -87.681963518)",2016-06-18T17:00:00.000Z
10565479,HZ312879,007XX W BELMONT AVE,0820,THEFT,$500 AND UNDER,STREET,false,false,1925,19,44,6,06,1170832,1921475,2016,06/25/2016 03:51:43 PM,41.940007734,-87.647543084,"(41.940007734, -87.647543084)",2016-06-18T17:00:00.000Z
10565383,HZ312649,015XX S BLUE ISLAND AVE,1320,CRIMINAL DAMAGE,TO VEHICLE,PARKING LOT/GARAGE(NON.RESID.),false,false,1233,12,2,28,14,1167919,1892403,2016,06/25/2016 03:51:43 PM,41.860295708,-87.659088972,"(41.860295708, -87.659088972)",2016-06-18T17:00:00.000Z
10565234,HZ312499,022XX N LINCOLN AVE,0890,THEFT,FROM BUILDING,BAR OR TAVERN,false,false,1812,18,43,7,06,1171562,1915205,2016,06/25/2016 03:51:43 PM,41.922786529,-87.645045119,"(41.922786529, -87.645045119)",2016-06-18T17:00:00.000Z
10565201,HZ312411,0000X E 70TH ST,1305,CRIMINAL DAMAGE,CRIMINAL DEFACEMENT,STREET,false,false,322,3,6,69,14,1177769,1858612,2016,06/25/2016 03:51:43 PM,41.767352322,-87.623956392,"(41.767352322, -87.623956392)",2016-06-18T17:00:00.000Z
10565225,HZ312442,068XX S ASHLAND AVE,0460,BATTERY,SIMPLE,SIDEWALK,true,false,725,7,17,67,08B,1166855,1859276,2016,06/25/2016 03:51:43 PM,41.769414467,-87.66394187,"(41.769414467, -87.66394187)",2016-06-18T17:27:00.000Z
10567937,HZ315440,009XX W 59TH ST,0910,MOTOR VEHICLE THEFT,AUTOMOBILE,STREET,false,false,712,7,16,68,07,1170883,1865705,2016,06/25/2016 03:51:43 PM,41.78696943,-87.648989537,"(41.78696943, -87.648989537)",2016-06-18T17:30:00.000Z
10565639,HZ313067,001XX W HURON ST,0890,THEFT,FROM BUILDING,HOTEL/MOTEL,false,false,1832,18,42,8,06,1175159,1905043,2016,06/25/2016 03:51:43 PM,41.894821547,-87.632133928,"(41.894821547, -87.632133928)",2016-06-18T17:30:00.000Z
10565491,HZ312870,022XX W 18TH PL,0313,ROBBERY,ARMED: OTHER DANGEROUS WEAPON,ALLEY,false,false,1234,12,25,31,03,1161620,1891038,2016,06/25/2016 03:51:43 PM,41.856683429,-87.682248975,"(41.856683429, -87.682248975)",2016-06-18T17:30:00.000Z
10565384,HZ312607,020XX W CHICAGO AVE,0820,THEFT,$500 AND UNDER,PARKING LOT/GARAGE(NON.RESID.),false,false,1221,12,1,24,06,1162746,1905337,2016,06/25/2016 03:51:43 PM,41.895897635,-87.677715036,"(41.895897635, -87.677715036)",2016-06-18T17:30:00.000Z
10565173,HZ312449,003XX S WASHTENAW AVE,0820,THEFT,$500 AND UNDER,OTHER,false,true,1125,11,28,27,06,1158431,1898440,2016,06/25/2016 03:51:43 PM,41.877061025,-87.693751926,"(41.877061025, -87.693751926)",2016-06-18T17:30:00.000Z
10565169,HZ312445,021XX N SAWYER AVE,0486,BATTERY,DOMESTIC BATTERY SIMPLE,ALLEY,false,true,1413,14,26,22,08B,1154166,1913940,2016,06/25/2016 03:51:43 PM,41.919680626,-87.708997662,"(41.919680626, -87.708997662)",2016-06-18T17:30:00.000Z
10565164,HZ312458,025XX S ARCHER AVE,0312,ROBBERY,ARMED:KNIFE/CUTTING INSTRUMENT,CTA STATION,false,false,913,9,11,60,03,1171319,1887608,2016,06/25/2016 03:51:43 PM,41.847063892,-87.64674925,"(41.847063892, -87.64674925)",2016-06-18T17:30:00.000Z
22563,HZ312450,000XX S SPRINGFIELD AVE,0110,HOMICIDE,FIRST DEGREE MURDER,AUTO,true,false,1122,11,28,26,01A,1150396,1899641,2016,06/25/2016 03:51:43 PM,41.880517217,-87.723222927,"(41.880517217, -87.723222927)",2016-06-18T17:40:00.000Z
10571729,HZ318578,056XX S MAY ST,0486,BATTERY,DOMESTIC BATTERY SIMPLE,RESIDENCE,false,true,712,7,16,68,08B,1169614,1867380,2016,07/04/2016 03:55:03 PM,41.791593447,-87.653593819,"(41.791593447, -87.653593819)",2016-06-18T18:00:00.000Z
10566429,HZ314159,049XX S KEDVALE AVE,0486,BATTERY,DOMESTIC BATTERY SIMPLE,SIDEWALK,false,true,815,8,23,57,08B,1149527,1871645,2016,06/25/2016 03:51:43 PM,41.803709463,-87.7271394,"(41.803709463, -87.7271394)",2016-06-18T18:00:00.000Z
10565794,HZ313341,079XX S FAIRFIELD AVE,0486,BATTERY,DOMESTIC BATTERY SIMPLE,RESIDENCE,false,true,835,8,18,70,08B,1159425,1851811,2016,06/25/2016 03:51:43 PM,41.749084835,-87.691381197,"(41.749084835, -87.691381197)",2016-06-18T18:00:00.000Z
10565295,HZ312566,037XX N LAWNDALE AVE,0820,THEFT,$500 AND UNDER,STREET,false,false,1732,17,39,16,06,1151057,1924742,2016,06/25/2016 03:51:43 PM,41.949383746,-87.720136799,"(41.949383746, -87.720136799)",2016-06-18T18:00:00.000Z
10565655,HZ313150,036XX S LAKE PARK AVE,0820,THEFT,$500 AND UNDER,OTHER,false,false,212,2,4,36,06,1182233,1881257,2016,06/25/2016 03:51:43 PM,41.829389915,-87.606892634,"(41.829389915, -87.606892634)",2016-06-18T18:00:00.000Z
10565258,HZ312494,056XX W WEST END AVE,0820,THEFT,$500 AND UNDER,APARTMENT,false,true,1512,15,29,25,06,1138898,1900915,2016,06/25/2016 03:51:43 PM,41.884229778,-87.765412092,"(41.884229778, -87.765412092)",2016-06-18T18:00:00.000Z
10565252,HZ312516,040XX W 26TH ST,0820,THEFT,$500 AND UNDER,STREET,false,false,1013,10,22,30,06,1149594,1886411,2016,06/25/2016 03:51:43 PM,41.844228117,-87.726511186,"(41.844228117, -87.726511186)",2016-06-18T18:00:00.000Z
10565765,HZ313322,002XX W ONTARIO ST,0320,ROBBERY,STRONGARM - NO WEAPON,SIDEWALK,false,false,1831,18,42,8,03,1174469,1904439,2016,06/25/2016 03:51:43 PM,41.893179585,-87.634686145,"(41.893179585, -87.634686145)",2016-06-18T18:17:00.000Z
10565235,HZ312477,113XX S PEORIA ST,0560,ASSAULT,SIMPLE,STREET,true,false,2234,22,34,75,08A,1172346,1829729,2016,06/25/2016 03:51:43 PM,41.688214341,-87.644680898,"(41.688214341, -87.644680898)",2016-06-18T18:20:00.000Z
10566925,HZ314656,045XX S LAFLIN ST,0820,THEFT,$500 AND UNDER,STREET,false,false,924,9,3,61,06,1167095,1874719,2016,06/25/2016 03:51:43 PM,41.81178679,-87.662620522,"(41.81178679, -87.662620522)",2016-06-18T18:30:00.000Z
10565294,HZ312507,030XX W LELAND AVE,0486,BATTERY,DOMESTIC BATTERY SIMPLE,RESIDENCE,false,true,1713,17,33,14,08B,1155292,1931069,2016,06/25/2016 03:51:43 PM,41.966661233,-87.704398785,"(41.966661233, -87.704398785)",2016-06-18T18:30:00.000Z
10565271,HZ312484,073XX S YATES BLVD,0420,BATTERY,AGGRAVATED:KNIFE/CUTTING INSTR,SIDEWALK,false,false,334,3,7,43,04B,1193476,1856857,2016,06/25/2016 03:51:43 PM,41.762166567,-87.566441838,"(41.762166567, -87.566441838)",2016-06-18T18:30:00.000Z
10571037,HZ318938,060XX S ARCHER AVE,0620,BURGLARY,UNLAWFUL ENTRY,CHURCH/SYNAGOGUE/PLACE OF WORSHIP,false,false,811,8,23,56,05,1138154,1868288,2016,06/27/2016 03:50:03 PM,41.794709819,-87.768931483,"(41.794709819, -87.768931483)",2016-06-18T19:00:00.000Z
10566452,HZ314056,052XX S DR MARTIN LUTHER KING JR DR,1320,CRIMINAL DAMAGE,TO VEHICLE,OTHER,false,false,231,2,3,40,14,1179817,1870292,2016,06/25/2016 03:51:43 PM,41.799356778,-87.616092546,"(41.799356778, -87.616092546)",2016-06-18T19:00:00.000Z
10565531,HZ312747,098XX S HOUSTON AVE,1310,CRIMINAL DAMAGE,TO PROPERTY,FACTORY/MANUFACTURING BUILDING,false,false,431,4,10,51,14,1198209,1840386,2016,06/25/2016 03:51:43 PM,41.716851794,-87.549644908,"(41.716851794, -87.549644908)",2016-06-18T19:00:00.000Z
10565400,HZ312587,049XX W ERIE ST,051A,ASSAULT,AGGRAVATED: HANDGUN,STREET,false,false,1532,15,37,25,04A,1143395,1903865,2016,06/25/2016 03:51:43 PM,41.892242076,-87.748824572,"(41.892242076, -87.748824572)",2016-06-18T19:00:00.000Z
10565322,HZ312489,120XX S DOTY AVE W,0460,BATTERY,SIMPLE,OTHER,true,false,532,5,9,54,08B,1184123,1825118,2016,06/25/2016 03:51:43 PM,41.675294687,-87.601709868,"(41.675294687, -87.601709868)",2016-06-18T19:00:00.000Z
10565238,HZ312500,056XX N MASON AVE,4387,OTHER OFFENSE,VIOLATE ORDER OF PROTECTION,RESIDENCE PORCH/HALLWAY,true,true,1622,16,45,11,26,1135559,1937133,2016,08/21/2016 03:51:24 PM,41.983675953,-87.776810167,"(41.983675953, -87.776810167)",2016-06-18T19:10:00.000Z
10565272,HZ312491,012XX N SPAULDING AVE,1310,CRIMINAL DAMAGE,TO PROPERTY,STREET,false,false,1422,14,26,23,14,1154143,1907899,2016,06/25/2016 03:51:43 PM,41.903104052,-87.709243668,"(41.903104052, -87.709243668)",2016-06-18T19:10:00.000Z
10565329,HZ312532,046XX W MONROE ST,0560,ASSAULT,SIMPLE,RESIDENTIAL YARD (FRONT/BACK),true,false,1113,11,28,25,08A,1145456,1899161,2016,06/25/2016 03:51:43 PM,41.879294976,-87.741374478,"(41.879294976, -87.741374478)",2016-06-18T19:15:00.000Z
10565476,HZ312856,013XX N PARKSIDE AVE,1320,CRIMINAL DAMAGE,TO VEHICLE,STREET,false,false,2531,25,29,25,14,1138426,1908412,2016,06/25/2016 03:51:43 PM,41.904811039,-87.76696363,"(41.904811039, -87.76696363)",2016-06-18T19:30:00.000Z
10565467,HZ312821,011XX N LA SALLE DR,0820,THEFT,$500 AND UNDER,APARTMENT,false,false,1824,18,43,8,06,1174931,1907935,2016,06/25/2016 03:51:43 PM,41.902762454,-87.632884581,"(41.902762454, -87.632884581)",2016-06-18T19:30:00.000Z
10565310,HZ312506,067XX S INDIANA AVE,0486,BATTERY,DOMESTIC BATTERY SIMPLE,SIDEWALK,false,true,322,3,20,69,08B,1178753,1860469,2016,06/25/2016 03:51:43 PM,41.772425799,-87.62029321,"(41.772425799, -87.62029321)",2016-06-18T19:31:00.000Z
10565297,HZ312522,013XX N CAMPBELL AVE,0486,BATTERY,DOMESTIC BATTERY SIMPLE,CHA APARTMENT,false,true,1423,14,26,24,08B,1159499,1908730,2016,06/25/2016 03:51:43 PM,41.905275774,-87.689547062,"(41.905275774, -87.689547062)",2016-06-18T19:48:00.000Z
10565236,HZ312511,077XX S PHILLIPS AVE,502P,OTHER OFFENSE,FALSE/STOLEN/ALTERED TRP,STREET,false,false,421,4,7,43,26,1193871,1854214,2016,06/25/2016 03:51:43 PM,41.754904299,-87.565080649,"(41.754904299, -87.565080649)",2016-06-18T19:56:00.000Z
10565379,HZ312520,062XX S MARSHFIELD AVE,031A,ROBBERY,ARMED: HANDGUN,SIDEWALK,false,false,714,7,16,67,03,1166412,1863277,2016,06/25/2016 03:51:43 PM,41.780403178,-87.665451811,"(41.780403178, -87.665451811)",2016-06-18T19:58:00.000Z
10566944,HZ312529,068XX S WESTERN AVE,0497,BATTERY,AGGRAVATED DOMESTIC BATTERY: OTHER DANG WEAPON,APARTMENT,false,true,832,8,17,66,04B,1161552,1859304,2016,06/25/2016 03:51:43 PM,41.769602915,-87.683379552,"(41.769602915, -87.683379552)",2016-06-18T20:00:00.000Z
10565637,HZ313123,001XX N WELLS ST,1150,DECEPTIVE PRACTICE,CREDIT CARD FRAUD,STREET,false,false,122,1,42,32,11,1174701,1901579,2016,06/25/2016 03:51:43 PM,41.885326396,-87.633919718,"(41.885326396, -87.633919718)",2016-06-18T20:00:00.000Z
10565340,HZ312594,001XX E DELAWARE PL,1563,SEX OFFENSE,CRIMINAL SEXUAL ABUSE,HOTEL/MOTEL,false,false,1833,18,42,8,17,1177786,1906673,2016,06/25/2016 03:51:43 PM,41.899235024,-87.622436193,"(41.899235024, -87.622436193)",2016-06-18T20:00:00.000Z
10565306,HZ312523,009XX W 51ST ST,0496,BATTERY,AGGRAVATED DOMESTIC BATTERY: KNIFE/CUTTING INST,SIDEWALK,false,true,934,9,20,61,04B,1170844,1871012,2016,06/25/2016 03:51:43 PM,41.801533278,-87.648977629,"(41.801533278, -87.648977629)",2016-06-18T20:00:00.000Z
10565281,HZ312525,005XX E 130TH ST,0610,BURGLARY,FORCIBLE ENTRY,GROCERY FOOD STORE,false,false,533,5,9,54,05,1182215,1819214,2016,06/25/2016 03:51:43 PM,41.659137482,-87.608875108,"(41.659137482, -87.608875108)",2016-06-18T20:08:00.000Z
10565254,HZ312530,032XX N HALSTED ST,1320,CRIMINAL DAMAGE,TO VEHICLE,STREET,false,false,1924,19,44,6,14,1170360,1921560,2016,06/25/2016 03:51:43 PM,41.940251326,-87.649275328,"(41.940251326, -87.649275328)",2016-06-18T20:10:00.000Z
10565330,HZ312567,020XX N LAMON AVE,0486,BATTERY,DOMESTIC BATTERY SIMPLE,RESIDENCE,false,true,2522,25,31,19,08B,1143370,1913072,2016,06/25/2016 03:51:43 PM,41.917507571,-87.748685931,"(41.917507571, -87.748685931)",2016-06-18T20:24:00.000Z
10566349,HZ313993,013XX W 109TH PL,5002,OTHER OFFENSE,OTHER VEHICLE OFFENSE,STREET,false,false,2234,22,34,75,26,1169268,1832150,2016,06/25/2016 03:51:43 PM,41.694924933,-87.655879526,"(41.694924933, -87.655879526)",2016-06-18T20:30:00.000Z
10565309,HZ312550,052XX S FAIRFIELD AVE,1310,CRIMINAL DAMAGE,TO PROPERTY,RESIDENCE,false,false,923,9,14,63,14,1158929,1869762,2016,06/25/2016 03:51:43 PM,41.798355124,-87.692708752,"(41.798355124, -87.692708752)",2016-06-18T20:40:00.000Z
10565274,HZ312548,0000X E 87TH ST,0460,BATTERY,SIMPLE,RESTAURANT,false,false,632,6,6,44,08B,1178069,1847315,2016,06/25/2016 03:51:43 PM,41.736345248,-87.623198545,"(41.736345248, -87.623198545)",2016-06-18T20:50:00.000Z
10575033,HZ323358,022XX N MAJOR AVE,0460,BATTERY,SIMPLE,APARTMENT,false,false,2515,25,37,19,08B,1138017,1914408,2016,06/27/2016 03:50:03 PM,41.921272161,-87.768320937,"(41.921272161, -87.768320937)",2016-06-18T21:00:00.000Z
10565430,HZ312716,013XX N LAWNDALE AVE,0820,THEFT,$500 AND UNDER,STREET,false,false,2535,25,26,23,06,1151463,1908567,2016,06/25/2016 03:51:43 PM,41.904990188,-87.719070334,"(41.904990188, -87.719070334)",2016-06-18T21:00:00.000Z
10565424,HZ312701,041XX W 16TH ST,1310,CRIMINAL DAMAGE,TO PROPERTY,APARTMENT,false,false,1012,10,24,29,14,1149193,1891729,2016,06/25/2016 03:51:43 PM,41.858829145,-87.727845189,"(41.858829145, -87.727845189)",2016-06-18T21:00:00.000Z
10565358,HZ312591,034XX W FLOURNOY ST,0486,BATTERY,DOMESTIC BATTERY SIMPLE,RESIDENCE PORCH/HALLWAY,false,true,1133,11,24,27,08B,1153620,1896821,2016,06/25/2016 03:51:43 PM,41.872715337,-87.711459659,"(41.872715337, -87.711459659)",2016-06-18T21:15:00.000Z
10565333,HZ312581,043XX N CLARENDON AVE,0486,BATTERY,DOMESTIC BATTERY SIMPLE,RESIDENCE,false,true,1915,19,46,3,08B,1170129,1929242,2016,06/25/2016 03:51:43 PM,41.961336068,-87.64989918,"(41.961336068, -87.64989918)",2016-06-18T21:30:00.000Z
10565298,HZ312564,001XX N KILBOURN AVE,031A,ROBBERY,ARMED: HANDGUN,STREET,false,false,1113,11,28,26,03,1146373,1900236,2016,06/25/2016 03:51:43 PM,41.882227496,-87.737979987,"(41.882227496, -87.737979987)",2016-06-18T21:40:00.000Z
10566371,HZ314088,044XX N MERRIMAC AVE,1305,CRIMINAL DAMAGE,CRIMINAL DEFACEMENT,RESIDENCE-GARAGE,false,false,1622,16,38,15,14,1133885,1928909,2016,06/25/2016 03:51:43 PM,41.9611382,-87.783161204,"(41.9611382, -87.783161204)",2016-06-18T21:45:00.000Z
10565397,HZ312577,012XX N WOLCOTT AVE,1310,CRIMINAL DAMAGE,TO PROPERTY,RESIDENCE-GARAGE,true,false,1424,14,1,24,14,1163505,1908204,2016,06/25/2016 03:51:43 PM,41.903748949,-87.674846573,"(41.903748949, -87.674846573)",2016-06-18T21:55:00.000Z
10565593,HZ313034,035XX S COTTAGE GROVE AVE,1320,CRIMINAL DAMAGE,TO VEHICLE,STREET,false,false,212,2,4,36,14,1181307,1881665,2016,06/25/2016 03:51:43 PM,41.830530933,-87.610277459,"(41.830530933, -87.610277459)",2016-06-18T22:00:00.000Z
10565417,HZ312628,060XX S INDIANA AVE,0486,BATTERY,DOMESTIC BATTERY SIMPLE,APARTMENT,true,true,311,3,20,40,08B,1178632,1865035,2016,06/25/2016 03:51:43 PM,41.78495812,-87.620598031,"(41.78495812, -87.620598031)",2016-06-18T22:00:00.000Z
10565381,HZ312613,053XX W FLOURNOY ST,0281,CRIM SEXUAL ASSAULT,NON-AGGRAVATED,VEHICLE NON-COMMERCIAL,false,false,1522,15,29,25,02,1140974,1896440,2016,06/25/2016 03:51:43 PM,41.871911851,-87.757898842,"(41.871911851, -87.757898842)",2016-06-18T22:00:00.000Z
10565369,HZ312589,072XX S FAIRFIELD AVE,0486,BATTERY,DOMESTIC BATTERY SIMPLE,RESIDENCE,false,true,831,8,18,66,08B,1159292,1856578,2016,06/25/2016 03:51:43 PM,41.762168935,-87.691738292,"(41.762168935, -87.691738292)",2016-06-18T22:00:00.000Z
10565313,HZ312569,011XX S RICHMOND ST,0820,THEFT,$500 AND UNDER,APARTMENT,false,true,1135,11,28,29,06,1156862,1895033,2016,06/25/2016 03:51:43 PM,41.867743811,-87.699605209,"(41.867743811, -87.699605209)",2016-06-18T22:00:00.000Z
10565331,HZ312583,037XX N BROADWAY,0860,THEFT,RETAIL THEFT,CONVENIENCE STORE,false,false,1925,19,46,6,06,1170552,1924871,2016,06/25/2016 03:51:43 PM,41.94933263,-87.64847244,"(41.94933263, -87.64847244)",2016-06-18T22:25:00.000Z
22561,HZ312582,048XX W MONROE ST,0110,HOMICIDE,FIRST DEGREE MURDER,STREET,false,false,1533,15,28,25,01A,1144122,1899223,2016,06/25/2016 03:51:43 PM,41.879490255,-87.746271206,"(41.879490255, -87.746271206)",2016-06-18T22:29:00.000Z
10568183,HZ316203,023XX E 70TH ST,0820,THEFT,$500 AND UNDER,SIDEWALK,false,false,331,3,5,43,06,1193221,1859006,2016,06/25/2016 03:51:43 PM,41.768069819,-87.567306284,"(41.768069819, -87.567306284)",2016-06-18T23:30:00.000Z
10565714,HZ312765,064XX S RACINE AVE,0460,BATTERY,SIMPLE,RESIDENCE,false,false,724,7,17,67,08B,1169429,1862035,2016,06/25/2016 03:51:43 PM,41.776930144,-87.654426928,"(41.776930144, -87.654426928)",2016-06-18T23:30:00.000Z
10679336,HZ432036,045XX N KILBOURN AVE,1582,OFFENSE INVOLVING CHILDREN,CHILD PORNOGRAPHY,APARTMENT,false,false,1722,17,45,16,17,"","",2016,09/14/2016 03:49:23 PM,"","","",2016-06-19T00:00:00.000Z
10565582,HZ312976,048XX W NORTH AVE,4387,OTHER OFFENSE,VIOLATE ORDER OF PROTECTION,SIDEWALK,true,true,2533,25,37,25,26,1143667,1910194,2016,07/01/2016 03:48:25 PM,41.909604473,-87.747666936,"(41.909604473, -87.747666936)",2016-06-19T00:00:00.000Z
10569351,HZ317153,083XX S BOND AVE,0820,THEFT,$500 AND UNDER,APARTMENT,false,false,424,4,10,46,06,1198610,1849729,2016,06/25/2016 03:51:43 PM,41.742479705,-87.547863998,"(41.742479705, -87.547863998)",2016-06-19T00:00:00.000Z
10566539,HZ313084,065XX W HIGGINS AVE,0820,THEFT,$500 AND UNDER,RESIDENTIAL YARD (FRONT/BACK),false,false,1613,16,41,10,06,1131484,1934883,2016,06/25/2016 03:51:43 PM,41.977573418,-87.791849907,"(41.977573418, -87.791849907)",2016-06-19T00:00:00.000Z
10566280,HZ313925,120XX S PERRY AVE,0910,MOTOR VEHICLE THEFT,AUTOMOBILE,STREET,false,false,523,5,9,53,07,1177760,1825229,2016,06/25/2016 03:51:43 PM,41.675745187,-87.624996177,"(41.675745187, -87.624996177)",2016-06-19T00:00:00.000Z
10565420,HZ312725,022XX N CLYBOURN AVE,1330,CRIMINAL TRESPASS,TO LAND,OTHER,false,false,1811,18,32,7,26,1165758,1915248,2016,06/25/2016 03:51:43 PM,41.923030378,-87.666369588,"(41.923030378, -87.666369588)",2016-06-19T00:00:00.000Z
10565409,HZ312663,043XX W GLADYS AVE,041A,BATTERY,AGGRAVATED: HANDGUN,SIDEWALK,false,false,1131,11,28,26,04B,1147614,1898004,2016,06/25/2016 03:51:43 PM,41.876078916,-87.733480271,"(41.876078916, -87.733480271)",2016-06-19T00:32:00.000Z
10565385,HZ312666,059XX W GRAND AVE,1320,CRIMINAL DAMAGE,TO VEHICLE,ALLEY,false,false,2515,25,37,19,14,1136277,1914078,2016,06/25/2016 03:51:43 PM,41.920397884,-87.77472212,"(41.920397884, -87.77472212)",2016-06-19T00:35:00.000Z
10565398,HZ312699,035XX W LEXINGTON ST,141A,WEAPONS VIOLATION,UNLAWFUL USE HANDGUN,STREET,false,false,1133,11,24,27,15,1152799,1896471,2016,06/25/2016 03:51:43 PM,41.871771181,-87.714483208,"(41.871771181, -87.714483208)",2016-06-19T00:42:00.000Z
10565464,HZ312844,008XX S STATE ST,0890,THEFT,FROM BUILDING,ATHLETIC CLUB,false,false,123,1,2,32,06,1176487,1896508,2016,06/25/2016 03:51:43 PM,41.871371147,-87.627514417,"(41.871371147, -87.627514417)",2016-06-19T00:56:00.000Z
10844423,JA147402,020XX W HOPKINS PL,2826,OTHER OFFENSE,HARASSMENT BY ELECTRONIC MEANS,RESIDENCE,false,true,2221,22,19,72,26,"","",2016,02/10/2017 03:51:30 PM,"","","",2016-06-19T01:00:00.000Z
10569160,HZ316790,040XX N AVERS AVE,2826,OTHER OFFENSE,HARASSMENT BY ELECTRONIC MEANS,RESIDENCE,false,true,1723,17,39,16,26,1150002,1926604,2016,07/04/2016 03:55:03 PM,41.954513862,-87.723966189,"(41.954513862, -87.723966189)",2016-06-19T01:00:00.000Z
10572405,HZ320306,033XX S IRON ST,0890,THEFT,FROM BUILDING,OTHER,false,false,912,9,11,59,06,1167380,1882595,2016,06/27/2016 03:50:03 PM,41.833393247,-87.661349209,"(41.833393247, -87.661349209)",2016-06-19T01:00:00.000Z
10565834,HZ313443,049XX S WESTERN AVE,1320,CRIMINAL DAMAGE,TO VEHICLE,CTA GARAGE / OTHER PROPERTY,false,false,922,9,12,63,14,1161186,1872062,2016,06/25/2016 03:51:43 PM,41.80462016,-87.684368169,"(41.80462016, -87.684368169)",2016-06-19T01:00:00.000Z
10565705,HZ313242,034XX S COTTAGE GROVE AVE,1320,CRIMINAL DAMAGE,TO VEHICLE,STREET,false,false,211,2,4,35,14,1181095,1882300,2016,06/25/2016 03:51:43 PM,41.832278311,-87.611035696,"(41.832278311, -87.611035696)",2016-06-19T01:00:00.000Z
10565495,HZ312914,016XX W LUNT AVE,0820,THEFT,$500 AND UNDER,VEHICLE NON-COMMERCIAL,false,false,2423,24,49,1,06,1164318,1946580,2016,06/25/2016 03:51:43 PM,42.009037282,-87.670770369,"(42.009037282, -87.670770369)",2016-06-19T01:00:00.000Z
10565458,HZ312780,098XX S STATE ST,1345,CRIMINAL DAMAGE,TO CITY OF CHICAGO PROPERTY,CTA TRAIN,false,false,511,5,21,49,14,1178256,1840091,2016,06/25/2016 03:51:43 PM,41.716517432,-87.622731926,"(41.716517432, -87.622731926)",2016-06-19T01:00:00.000Z
10566460,HZ314044,019XX N CICERO AVE,0890,THEFT,FROM BUILDING,DEPARTMENT STORE,false,false,2533,25,31,19,06,1144090,1912429,2016,06/25/2016 03:51:43 PM,41.915729613,-87.746056778,"(41.915729613, -87.746056778)",2016-06-19T01:15:00.000Z
10565481,HZ312849,020XX W CHICAGO AVE,0810,THEFT,OVER $500,SIDEWALK,false,false,1221,12,1,24,06,1162692,1905336,2016,06/25/2016 03:51:43 PM,41.895896023,-87.677913394,"(41.895896023, -87.677913394)",2016-06-19T01:15:00.000Z
10671273,HZ422857,017XX W TOUHY AVE,0890,THEFT,FROM BUILDING,APARTMENT,false,false,2423,24,49,1,06,"","",2016,09/07/2016 03:47:22 PM,"","","",2016-06-19T01:30:00.000Z
10574768,HZ322625,023XX W CERMAK RD,1130,DECEPTIVE PRACTICE,FRAUD OR CONFIDENCE GAME,RESTAURANT,false,false,1234,12,25,31,11,1161033,1889342,2016,06/30/2016 03:48:43 PM,41.852041627,-87.684450627,"(41.852041627, -87.684450627)",2016-06-19T01:30:00.000Z
10565485,HZ312746,069XX S MAPLEWOOD AVE,1330,CRIMINAL TRESPASS,TO LAND,RESIDENCE,false,false,832,8,18,66,26,1160573,1858512,2016,06/25/2016 03:51:43 PM,41.767449799,-87.686989966,"(41.767449799, -87.686989966)",2016-06-19T01:30:00.000Z
10565443,HZ312737,047XX W ADAMS ST,2826,OTHER OFFENSE,HARASSMENT BY ELECTRONIC MEANS,APARTMENT,false,true,1113,11,28,25,26,1144866,1898707,2016,06/25/2016 03:51:43 PM,41.878060291,-87.743552341,"(41.878060291, -87.743552341)",2016-06-19T01:36:00.000Z
10565431,HZ312732,041XX W IRVING PARK RD,0460,BATTERY,SIMPLE,SIDEWALK,true,false,1732,17,38,16,08B,1148046,1926263,2016,06/25/2016 03:51:43 PM,41.953616071,-87.731165609,"(41.953616071, -87.731165609)",2016-06-19T01:40:00.000Z
10663719,HZ312787,020XX E 71ST ST,1821,NARCOTICS,MANU/DEL:CANNABIS 10GM OR LESS,SMALL RETAIL STORE,true,false,331,3,5,43,18,"","",2016,02/04/2017 03:45:12 PM,"","","",2016-06-19T01:47:00.000Z
10565717,HZ313268,014XX N LATROBE AVE,2820,OTHER OFFENSE,TELEPHONE THREAT,RESIDENCE,false,false,2532,25,37,25,26,1141103,1909024,2016,06/25/2016 03:51:43 PM,41.906441515,-87.757114973,"(41.906441515, -87.757114973)",2016-06-19T01:53:00.000Z
10590972,HZ342027,064XX S PARNELL AVE,1153,DECEPTIVE PRACTICE,FINANCIAL IDENTITY THEFT OVER $ 300,RESIDENCE,false,false,722,7,20,68,11,1173727,1862157,2016,07/11/2016 03:54:21 PM,41.777170734,-87.638667018,"(41.777170734, -87.638667018)",2016-06-19T02:00:00.000Z
10579951,HZ327956,015XX N SHEFFIELD AVE,1154,DECEPTIVE PRACTICE,FINANCIAL IDENTITY THEFT $300 AND UNDER,"",false,false,1822,18,32,8,11,1169405,1910555,2016,07/04/2016 03:55:03 PM,41.91007391,-87.653106106,"(41.91007391, -87.653106106)",2016-06-19T02:00:00.000Z
10573084,HZ312805,011XX N LARRABEE ST,0870,THEFT,POCKET-PICKING,STREET,false,false,1822,18,27,8,06,1172122,1908040,2016,06/27/2016 03:50:03 PM,41.903113054,-87.643199348,"(41.903113054, -87.643199348)",2016-06-19T02:00:00.000Z
10569848,HZ317950,064XX S MARYLAND AVE,0820,THEFT,$500 AND UNDER,APARTMENT,false,true,312,3,20,42,06,1183009,1862324,2016,06/27/2016 03:50:03 PM,41.777418206,-87.604634472,"(41.777418206, -87.604634472)",2016-06-19T02:00:00.000Z
10566334,HZ312791,015XX W 47TH ST,0560,ASSAULT,SIMPLE,PARKING LOT/GARAGE(NON.RESID.),false,false,924,9,3,61,08A,1166997,1873568,2016,06/25/2016 03:51:43 PM,41.808630416,-87.663012912,"(41.808630416, -87.663012912)",2016-06-19T02:00:00.000Z
10565488,HZ312751,061XX S NEENAH AVE,0486,BATTERY,DOMESTIC BATTERY SIMPLE,RESIDENCE,false,true,812,8,23,64,08B,1133793,1863174,2016,06/25/2016 03:51:43 PM,41.780753518,-87.785043161,"(41.780753518, -87.785043161)",2016-06-19T02:00:00.000Z
10565473,HZ312806,048XX W WABANSIA AVE,0486,BATTERY,DOMESTIC BATTERY SIMPLE,APARTMENT,false,true,2533,25,37,25,08B,1143620,1910860,2016,06/25/2016 03:51:43 PM,41.911432929,-87.747822895,"(41.911432929, -87.747822895)",2016-06-19T02:00:00.000Z
10565446,HZ312754,015XX N OAKLEY BLVD,1320,CRIMINAL DAMAGE,TO VEHICLE,STREET,false,false,1424,14,1,24,14,1160796,1910092,2016,06/25/2016 03:51:43 PM,41.908986397,-87.68474493,"(41.908986397, -87.68474493)",2016-06-19T02:02:00.000Z
10567630,HZ315493,075XX S RACINE AVE,0820,THEFT,$500 AND UNDER,SMALL RETAIL STORE,false,false,612,6,17,71,06,1169627,1854795,2016,06/25/2016 03:51:43 PM,41.757058375,-87.653910722,"(41.757058375, -87.653910722)",2016-06-19T02:15:00.000Z
10565440,HZ312772,003XX N HAMLIN AVE,1811,NARCOTICS,POSS: CANNABIS 30GMS OR LESS,STREET,true,false,1122,11,27,26,18,1151008,1901501,2016,06/25/2016 03:51:43 PM,41.885609296,-87.720926967,"(41.885609296, -87.720926967)",2016-06-19T02:20:00.000Z
10565536,HZ312833,014XX W MORSE AVE,0320,ROBBERY,STRONGARM - NO WEAPON,SIDEWALK,false,false,2431,24,49,1,03,1165410,1946171,2016,06/25/2016 03:51:43 PM,42.007891717,-87.666764317,"(42.007891717, -87.666764317)",2016-06-19T02:30:00.000Z
10565478,HZ312831,014XX N SEDGWICK ST,1320,CRIMINAL DAMAGE,TO VEHICLE,STREET,false,true,1821,18,27,8,14,1173386,1909914,2016,06/25/2016 03:51:43 PM,41.908227409,-87.638500707,"(41.908227409, -87.638500707)",2016-06-19T02:30:00.000Z
10565517,HZ312804,061XX W BELMONT AVE,0486,BATTERY,DOMESTIC BATTERY SIMPLE,APARTMENT,false,true,2511,25,36,19,08B,1134894,1920630,2016,06/25/2016 03:51:43 PM,41.938401926,-87.779648156,"(41.938401926, -87.779648156)",2016-06-19T02:40:00.000Z
10565518,HZ312881,003XX W 108TH PL,0610,BURGLARY,FORCIBLE ENTRY,RESIDENCE-GARAGE,false,false,513,5,34,49,05,1176049,1832977,2016,06/25/2016 03:51:43 PM,41.697045305,-87.631027589,"(41.697045305, -87.631027589)",2016-06-19T02:45:00.000Z
10565548,HZ312846,021XX W CERMAK RD,0460,BATTERY,SIMPLE,STREET,true,false,1034,10,25,31,08B,1162537,1889385,2016,06/25/2016 03:51:43 PM,41.852128303,-87.678929332,"(41.852128303, -87.678929332)",2016-06-19T02:49:00.000Z
10565499,HZ312842,055XX S INDIANA AVE,1320,CRIMINAL DAMAGE,TO VEHICLE,STREET,false,true,231,2,20,40,14,1178547,1868161,2016,06/25/2016 03:51:43 PM,41.7935381,-87.62081469,"(41.7935381, -87.62081469)",2016-06-19T02:50:00.000Z
10595111,HZ346078,101XX S WINSTON AVE,0610,BURGLARY,FORCIBLE ENTRY,RESIDENCE,false,false,2213,22,21,73,05,1169277,1837568,2016,07/14/2016 03:47:37 PM,41.70979259,-87.655690487,"(41.70979259, -87.655690487)",2016-06-19T03:00:00.000Z
10586295,HZ336453,049XX S WASHINGTON PARK CT,2825,OTHER OFFENSE,HARASSMENT BY TELEPHONE,RESIDENCE,false,false,223,2,4,38,26,1180087,1872355,2016,07/07/2016 03:49:15 PM,41.805011643,-87.615039175,"(41.805011643, -87.615039175)",2016-06-19T03:00:00.000Z
10571409,HZ319399,010XX W NORTH AVE,1150,DECEPTIVE PRACTICE,CREDIT CARD FRAUD,DEPARTMENT STORE,false,false,1811,18,32,7,11,1169336,1910832,2016,06/27/2016 03:50:03 PM,41.910835515,-87.653351515,"(41.910835515, -87.653351515)",2016-06-19T03:00:00.000Z
10565845,HZ313423,113XX S EGGLESTON AVE,0486,BATTERY,DOMESTIC BATTERY SIMPLE,APARTMENT,false,true,2233,22,34,49,08B,1175319,1829756,2016,06/25/2016 03:51:43 PM,41.688222699,-87.633796196,"(41.688222699, -87.633796196)",2016-06-19T03:00:00.000Z
10565759,HZ313134,009XX N MICHIGAN AVE,0820,THEFT,$500 AND UNDER,HOTEL/MOTEL,false,false,1833,18,42,8,06,1177322,1906785,2016,06/25/2016 03:51:43 PM,41.899552895,-87.624137033,"(41.899552895, -87.624137033)",2016-06-19T03:00:00.000Z
10565690,HZ312895,091XX S MICHIGAN AVE,0820,THEFT,$500 AND UNDER,RESIDENCE,true,true,634,6,6,49,06,1178757,1844376,2016,06/25/2016 03:51:43 PM,41.728264662,-87.620767107,"(41.728264662, -87.620767107)",2016-06-19T03:00:00.000Z
10565609,XX313036,005XX W ROOSEVELT RD,1150,DECEPTIVE PRACTICE,CREDIT CARD FRAUD,DEPARTMENT STORE,false,false,124,1,2,28,11,1173209,1894980,2016,06/25/2016 03:51:43 PM,41.867251542,-87.639594427,"(41.867251542, -87.639594427)",2016-06-19T03:00:00.000Z
10565493,HZ312862,055XX W WASHINGTON BLVD,0486,BATTERY,DOMESTIC BATTERY SIMPLE,APARTMENT,true,true,1523,15,29,25,08B,1139362,1900199,2016,06/25/2016 03:51:43 PM,41.882256543,-87.763725655,"(41.882256543, -87.763725655)",2016-06-19T03:00:00.000Z
10565466,HZ312822,002XX S LOCKWOOD AVE,2024,NARCOTICS,POSS: HEROIN(WHITE),SIDEWALK,true,false,1522,15,29,25,18,1141036,1898736,2016,06/25/2016 03:51:43 PM,41.878211232,-87.75761467,"(41.878211232, -87.75761467)",2016-06-19T03:01:00.000Z
10565560,HZ312861,015XX N PULASKI RD,0320,ROBBERY,STRONGARM - NO WEAPON,STREET,true,false,2534,25,30,23,03,1149438,1909844,2016,07/08/2016 03:48:26 PM,41.908533952,-87.726475653,"(41.908533952, -87.726475653)",2016-06-19T03:10:00.000Z
10565566,HZ312981,064XX W DIVERSEY AVE,0560,ASSAULT,SIMPLE,STREET,false,false,2511,25,36,19,08A,1133185,1917921,2016,06/25/2016 03:51:43 PM,41.930998239,-87.785992793,"(41.930998239, -87.785992793)",2016-06-19T03:10:00.000Z
10565600,HZ312889,007XX S CENTRAL PARK AVE,041A,BATTERY,AGGRAVATED: HANDGUN,SIDEWALK,false,false,1133,11,24,27,04B,1152492,1896646,2016,06/25/2016 03:51:43 PM,41.872257468,-87.715605713,"(41.872257468, -87.715605713)",2016-06-19T03:30:00.000Z
10565492,HZ312903,079XX S CENTRAL PARK AVE,1310,CRIMINAL DAMAGE,TO PROPERTY,APARTMENT,false,true,834,8,18,70,14,1153828,1851866,2016,06/25/2016 03:51:43 PM,41.749348525,-87.711889512,"(41.749348525, -87.711889512)",2016-06-19T03:33:00.000Z
10565583,HZ312925,011XX N AVERS AVE,0430,BATTERY,AGGRAVATED: OTHER DANG WEAPON,RESIDENCE PORCH/HALLWAY,false,false,1112,11,27,23,04B,1150507,1907357,2016,06/25/2016 03:51:43 PM,41.901688561,-87.722613684,"(41.901688561, -87.722613684)",2016-06-19T03:44:00.000Z
10565625,HZ312935,038XX S STATE ST,0820,THEFT,$500 AND UNDER,CTA BUS,false,true,213,2,3,35,06,1176925,1879643,2016,06/25/2016 03:51:43 PM,41.825082484,-87.626416064,"(41.825082484, -87.626416064)",2016-06-19T03:45:00.000Z
10566004,HZ312961,0000X E ONTARIO ST,0560,ASSAULT,SIMPLE,PARKING LOT/GARAGE(NON.RESID.),false,false,1834,18,42,8,08A,1176399,1904492,2016,06/25/2016 03:51:43 PM,41.893281677,-87.627596446,"(41.893281677, -87.627596446)",2016-06-19T03:50:00.000Z
10565513,HZ312916,060XX S HONORE ST,2820,OTHER OFFENSE,TELEPHONE THREAT,RESIDENCE,false,false,714,7,15,67,26,1165055,1864559,2016,06/25/2016 03:51:43 PM,41.783949966,-87.670390578,"(41.783949966, -87.670390578)",2016-06-19T03:50:00.000Z
10672809,HZ424305,022XX E 96TH ST,1310,CRIMINAL DAMAGE,TO PROPERTY,VACANT LOT/LAND,false,false,431,4,7,51,14,"","",2016,09/08/2016 03:48:43 PM,"","","",2016-06-19T16:00:00.000Z
10578781,HZ327037,077XX S ADA ST,2825,OTHER OFFENSE,HARASSMENT BY TELEPHONE,OTHER,false,false,612,6,17,71,26,1168787,1853371,2016,07/04/2016 03:55:03 PM,41.753168892,-87.657030211,"(41.753168892, -87.657030211)",2016-06-19T16:00:00.000Z
10568230,HZ315821,0000X E WACKER DR,0810,THEFT,OVER $500,PARK PROPERTY,false,false,111,1,42,32,06,1176653,1902166,2016,06/25/2016 03:51:43 PM,41.886893275,-87.626733953,"(41.886893275, -87.626733953)",2016-06-19T16:00:00.000Z
10566682,HZ314608,045XX N DRAKE AVE,0890,THEFT,FROM BUILDING,RESIDENCE,false,false,1723,17,33,14,06,1151903,1929950,2016,06/25/2016 03:51:43 PM,41.963658211,-87.716889295,"(41.963658211, -87.716889295)",2016-06-19T16:00:00.000Z
10566238,HZ313908,024XX N GENEVA TER,1320,CRIMINAL DAMAGE,TO VEHICLE,VEHICLE NON-COMMERCIAL,false,false,1935,19,43,7,14,1171829,1916815,2016,06/25/2016 03:51:43 PM,41.927198557,-87.644016526,"(41.927198557, -87.644016526)",2016-06-19T16:00:00.000Z
10565964,HZ313306,026XX W HIRSCH ST,0620,BURGLARY,UNLAWFUL ENTRY,RESIDENCE,false,false,1423,14,26,24,05,1158390,1909207,2016,06/25/2016 03:51:43 PM,41.906607468,-87.693607718,"(41.906607468, -87.693607718)",2016-06-19T16:00:00.000Z
10565806,HZ313201,017XX N OAK PARK AVE,0486,BATTERY,DOMESTIC BATTERY SIMPLE,SIDEWALK,false,true,2513,25,36,25,08B,1130815,1910787,2016,06/25/2016 03:51:43 PM,41.91146284,-87.794866855,"(41.91146284, -87.794866855)",2016-06-19T16:00:00.000Z
10565730,HZ312963,050XX W QUINCY ST,1780,OFFENSE INVOLVING CHILDREN,OTHER OFFENSE,RESIDENCE,false,true,1533,15,28,25,20,1142832,1898532,2016,06/25/2016 03:51:43 PM,41.877618182,-87.751025161,"(41.877618182, -87.751025161)",2016-06-19T16:00:00.000Z
10565677,HZ313102,048XX W WELLINGTON AVE,1780,OFFENSE INVOLVING CHILDREN,OTHER OFFENSE,RESIDENCE,false,true,2521,25,31,19,20,1143498,1919507,2016,06/25/2016 03:51:43 PM,41.935163461,-87.748054273,"(41.935163461, -87.748054273)",2016-06-19T16:00:00.000Z
10565643,HZ313131,050XX N LAKE SHORE DR NB,1320,CRIMINAL DAMAGE,TO VEHICLE,PARKING LOT/GARAGE(NON.RESID.),false,false,2024,20,48,3,14,1170183,1934278,2016,06/25/2016 03:51:43 PM,41.97515381,-87.64955288,"(41.97515381, -87.64955288)",2016-06-19T16:00:00.000Z
10565550,HZ312964,011XX S CANAL ST,0860,THEFT,RETAIL THEFT,SMALL RETAIL STORE,true,false,124,1,2,28,06,1173303,1895451,2016,06/25/2016 03:51:43 PM,41.868541914,-87.639235361,"(41.868541914, -87.639235361)",2016-06-19T16:05:00.000Z
10565662,HZ313075,004XX N STATE ST,0880,THEFT,PURSE-SNATCHING,RESTAURANT,false,false,1831,18,42,8,06,1176292,1903437,2016,06/25/2016 03:51:43 PM,41.890389116,-87.628021263,"(41.890389116, -87.628021263)",2016-06-19T16:15:00.000Z
10565742,HZ312966,019XX N WESTERN AVE,0460,BATTERY,SIMPLE,RESTAURANT,false,false,1434,14,1,22,08B,1160053,1913029,2016,06/25/2016 03:51:43 PM,41.917061131,-87.687393113,"(41.917061131, -87.687393113)",2016-06-19T16:18:00.000Z
10565568,HZ312986,039XX W ROOSEVELT RD,1150,DECEPTIVE PRACTICE,CREDIT CARD FRAUD,GAS STATION,false,false,1132,11,24,29,11,1150123,1894416,2016,06/25/2016 03:51:43 PM,41.866184544,-87.724361483,"(41.866184544, -87.724361483)",2016-06-19T16:18:00.000Z
10565753,HZ313217,067XX S GREEN ST,0486,BATTERY,DOMESTIC BATTERY SIMPLE,APARTMENT,false,true,723,7,6,68,08B,1171797,1860216,2016,06/25/2016 03:51:43 PM,41.771886964,-87.645799236,"(41.771886964, -87.645799236)",2016-06-19T16:30:00.000Z
10565589,HZ312999,039XX N SHERIDAN RD,0850,THEFT,ATTEMPT THEFT,CTA PLATFORM,false,false,1923,19,44,6,06,1168891,1926517,2016,06/25/2016 03:51:43 PM,41.953885576,-87.65453007,"(41.953885576, -87.65453007)",2016-06-19T16:35:00.000Z
10565575,HZ313006,018XX W NORTH AVE,0860,THEFT,RETAIL THEFT,SMALL RETAIL STORE,false,false,1434,14,32,24,06,1163938,1910686,2016,06/25/2016 03:51:43 PM,41.9105506,-87.673185901,"(41.9105506, -87.673185901)",2016-06-19T16:35:00.000Z
10565627,HZ313019,080XX S KEELER AVE,0486,BATTERY,DOMESTIC BATTERY SIMPLE,RESIDENCE,false,true,834,8,13,70,08B,1149816,1851081,2016,06/25/2016 03:51:43 PM,41.747272924,-87.726611563,"(41.747272924, -87.726611563)",2016-06-19T16:50:00.000Z
10565620,HZ313000,027XX N MILDRED AVE,0890,THEFT,FROM BUILDING,RESIDENCE,false,false,1935,19,43,7,06,1169810,1918327,2016,06/25/2016 03:51:43 PM,41.931391856,-87.651391264,"(41.931391856, -87.651391264)",2016-06-19T16:55:00.000Z
10569686,HZ313101,002XX W MONTROSE HARBOR DR,0810,THEFT,OVER $500,PARK PROPERTY,false,false,1915,19,46,3,06,1173452,1928800,2016,07/04/2016 03:55:03 PM,41.960049832,-87.637695331,"(41.960049832, -87.637695331)",2016-06-19T05:00:00.000Z
10567946,HZ315778,054XX S EVERETT AVE,0895,THEFT,FROM COIN-OP MACHINE/DEVICE,COIN OPERATED MACHINE,false,false,234,2,5,41,06,1188970,1869191,2016,06/25/2016 03:51:43 PM,41.796121077,-87.582561955,"(41.796121077, -87.582561955)",2016-06-19T05:00:00.000Z
10567778,HZ314012,019XX S WENTWORTH AVE,0820,THEFT,$500 AND UNDER,SIDEWALK,false,false,914,9,25,34,06,1175351,1890993,2016,06/25/2016 03:51:43 PM,41.856263171,-87.631850505,"(41.856263171, -87.631850505)",2016-06-19T05:00:00.000Z
10566106,HZ313640,011XX N WASHTENAW AVE,1320,CRIMINAL DAMAGE,TO VEHICLE,STREET,false,false,1211,12,1,24,14,1158195,1907290,2016,06/25/2016 03:51:43 PM,41.901351049,-87.694376484,"(41.901351049, -87.694376484)",2016-06-19T05:00:00.000Z
10566104,HZ313604,059XX W RICE ST,1310,CRIMINAL DAMAGE,TO PROPERTY,APARTMENT,false,false,1511,15,29,25,14,1136567,1905057,2016,06/25/2016 03:51:43 PM,41.895637977,-87.773872769,"(41.895637977, -87.773872769)",2016-06-19T05:00:00.000Z
10565663,HZ313057,001XX N DEARBORN ST,0890,THEFT,FROM BUILDING,RESIDENTIAL YARD (FRONT/BACK),false,false,111,1,42,32,06,1175916,1901339,2016,06/25/2016 03:51:43 PM,41.884640562,-87.629465296,"(41.884640562, -87.629465296)",2016-06-19T05:00:00.000Z
10565644,HZ313120,058XX S KILBOURN AVE,0820,THEFT,$500 AND UNDER,STREET,false,false,813,8,13,62,06,1147366,1865470,2016,06/25/2016 03:51:43 PM,41.786805846,-87.735222547,"(41.786805846, -87.735222547)",2016-06-19T05:00:00.000Z
10565614,HZ313076,085XX S BENNETT AVE,0820,THEFT,$500 AND UNDER,RESIDENTIAL YARD (FRONT/BACK),false,false,412,4,8,45,06,1190340,1848725,2016,06/25/2016 03:51:43 PM,41.739927782,-87.578197066,"(41.739927782, -87.578197066)",2016-06-19T05:00:00.000Z
10565641,HZ313081,122XX S LA SALLE ST,0520,ASSAULT,AGGRAVATED:KNIFE/CUTTING INSTR,RESIDENCE,true,true,523,5,9,53,04A,1177473,1823851,2016,06/25/2016 03:51:43 PM,41.671970211,-87.626088052,"(41.671970211, -87.626088052)",2016-06-19T05:01:00.000Z
10565760,HZ313191,019XX N HALSTED ST,0890,THEFT,FROM BUILDING,RESTAURANT,false,false,1813,18,43,7,06,1170649,1913144,2016,06/25/2016 03:51:43 PM,41.917151101,-87.648460233,"(41.917151101, -87.648460233)",2016-06-19T05:05:00.000Z
10565621,HZ313071,001XX N STATE ST,0870,THEFT,POCKET-PICKING,OTHER,false,false,111,1,42,32,06,1176352,1900918,2016,06/25/2016 03:51:43 PM,41.883475491,-87.627876969,"(41.883475491, -87.627876969)",2016-06-19T05:10:00.000Z
10565587,HZ313031,009XX W WILSON AVE,0486,BATTERY,DOMESTIC BATTERY SIMPLE,APARTMENT,true,true,1914,19,46,3,08B,1169189,1930734,2016,06/25/2016 03:51:43 PM,41.965450685,-87.653311573,"(41.965450685, -87.653311573)",2016-06-19T05:14:00.000Z
10565694,HZ313185,006XX N MICHIGAN AVE,0860,THEFT,RETAIL THEFT,DEPARTMENT STORE,false,false,1834,18,42,8,06,1177316,1904626,2016,06/25/2016 03:51:43 PM,41.893628633,-87.624224612,"(41.893628633, -87.624224612)",2016-06-19T05:15:00.000Z
10565652,HZ313039,008XX E 38TH ST,1320,CRIMINAL DAMAGE,TO VEHICLE,STREET,false,false,212,2,4,36,14,1182179,1880108,2016,06/25/2016 03:51:43 PM,41.826238231,-87.607126391,"(41.826238231, -87.607126391)",2016-06-19T05:18:00.000Z
10566243,HZ313024,075XX N OAKLEY AVE,0460,BATTERY,SIMPLE,SIDEWALK,false,false,2411,24,49,2,08B,1159680,1949884,2016,06/25/2016 03:51:43 PM,42.018200778,-87.687743218,"(42.018200778, -87.687743218)",2016-06-19T05:29:00.000Z
10565631,HZ313033,0000X W 114TH ST,0460,BATTERY,SIMPLE,RESIDENCE,true,true,522,5,34,49,08B,1178028,1829378,2016,06/25/2016 03:51:43 PM,41.687124617,-87.623890195,"(41.687124617, -87.623890195)",2016-06-19T05:35:00.000Z
10565619,HZ313090,056XX W ROOSEVELT RD,2024,NARCOTICS,POSS: HEROIN(WHITE),PARKING LOT/GARAGE(NON.RESID.),true,false,1513,15,29,25,18,1139006,1894121,2016,06/25/2016 03:51:43 PM,41.865584176,-87.765180641,"(41.865584176, -87.765180641)",2016-06-19T05:43:00.000Z
10581210,HZ329850,013XX W HUBBARD ST,0820,THEFT,$500 AND UNDER,RESTAURANT,false,false,1215,12,27,24,06,1167137,1903200,2016,07/04/2016 03:55:03 PM,41.889940349,-87.661649331,"(41.889940349, -87.661649331)",2016-06-19T06:00:00.000Z
10566770,HZ314755,003XX E 59TH ST,1320,CRIMINAL DAMAGE,TO VEHICLE,STREET,false,false,232,2,20,40,14,1179704,1865974,2016,06/25/2016 03:51:43 PM,41.787510374,-87.616638956,"(41.787510374, -87.616638956)",2016-06-19T06:00:00.000Z
10566650,HZ314457,068XX S LANGLEY AVE,0930,MOTOR VEHICLE THEFT,THEFT/RECOVERY: AUTOMOBILE,RESIDENTIAL YARD (FRONT/BACK),false,false,321,3,6,42,07,1182068,1859839,2016,06/25/2016 03:51:43 PM,41.770620956,-87.608160957,"(41.770620956, -87.608160957)",2016-06-19T06:00:00.000Z
10565666,HZ313108,021XX W LEXINGTON ST,2826,OTHER OFFENSE,HARASSMENT BY ELECTRONIC MEANS,OTHER,false,false,1225,12,25,28,26,1162296,1896746,2016,06/25/2016 03:51:43 PM,41.872332627,-87.679608149,"(41.872332627, -87.679608149)",2016-06-19T06:00:00.000Z
10566536,HZ313151,053XX N ELSTON AVE,0860,THEFT,RETAIL THEFT,GROCERY FOOD STORE,true,false,1621,16,45,11,06,1140934,1935292,2016,06/25/2016 03:51:43 PM,41.978526568,-87.75708711,"(41.978526568, -87.75708711)",2016-06-19T06:10:00.000Z
10565658,HZ313132,079XX S YATES BLVD,502P,OTHER OFFENSE,FALSE/STOLEN/ALTERED TRP,VEHICLE NON-COMMERCIAL,true,false,414,4,7,46,26,1193576,1852626,2016,06/25/2016 03:51:43 PM,41.750553923,-87.566213607,"(41.750553923, -87.566213607)",2016-06-19T06:12:00.000Z
10566271,HZ313936,073XX S PERRY AVE,0460,BATTERY,SIMPLE,RESIDENCE,false,false,731,7,6,69,08B,1176665,1856388,2016,06/25/2016 03:51:43 PM,41.761274329,-87.628069834,"(41.761274329, -87.628069834)",2016-06-19T06:15:00.000Z
10565831,HZ313116,019XX S BLUE ISLAND AVE,0880,THEFT,PURSE-SNATCHING,STREET,false,false,1235,12,25,31,06,1166862,1890716,2016,06/25/2016 03:51:43 PM,41.855689144,-87.663017281,"(41.855689144, -87.663017281)",2016-06-19T06:15:00.000Z
10565967,HZ313128,060XX S LA SALLE ST,051A,ASSAULT,AGGRAVATED: HANDGUN,SIDEWALK,false,false,311,3,20,68,04A,1176338,1864925,2016,06/25/2016 03:51:43 PM,41.784708142,-87.629012067,"(41.784708142, -87.629012067)",2016-06-19T06:18:00.000Z
10572216,HZ319786,113XX S WENTWORTH AVE,0820,THEFT,$500 AND UNDER,OTHER,false,false,522,5,34,49,06,1176961,1829804,2016,06/27/2016 03:50:03 PM,41.688317671,-87.627783544,"(41.688317671, -87.627783544)",2016-06-19T06:20:00.000Z
10565638,HZ313113,098XX S AVENUE J,0560,ASSAULT,SIMPLE,STREET,false,false,432,4,10,52,08A,1202459,1840476,2016,06/25/2016 03:51:43 PM,41.71699155,-87.534076405,"(41.71699155, -87.534076405)",2016-06-19T06:20:00.000Z
10566365,HZ314072,051XX S KEELER AVE,1310,CRIMINAL DAMAGE,TO PROPERTY,CHURCH/SYNAGOGUE/PLACE OF WORSHIP,false,false,815,8,23,57,14,1149231,1870307,2016,06/25/2016 03:51:43 PM,41.800043514,-87.728259538,"(41.800043514, -87.728259538)",2016-06-19T06:30:00.000Z
10566270,HZ313935,006XX W 115TH ST,1121,DECEPTIVE PRACTICE,COUNTERFEITING DOCUMENT,RESIDENCE,false,false,2233,22,34,49,10,1174135,1828621,2016,06/25/2016 03:51:43 PM,41.685134384,-87.63816425,"(41.685134384, -87.63816425)",2016-06-19T06:30:00.000Z
10565724,HZ313124,014XX W GREENLEAF AVE,0890,THEFT,FROM BUILDING,OTHER,false,false,2423,24,49,1,06,1165630,1947066,2016,06/25/2016 03:51:43 PM,42.01034291,-87.66592922,"(42.01034291, -87.66592922)",2016-06-19T06:30:00.000Z
10565654,HZ313111,043XX N PULASKI RD,0460,BATTERY,SIMPLE,SIDEWALK,false,false,1722,17,39,16,08B,1148952,1928332,2016,06/25/2016 03:51:43 PM,41.959276046,-87.72778129,"(41.959276046, -87.72778129)",2016-06-19T06:35:00.000Z
10565969,HZ313501,014XX S SPRINGFIELD AVE,0610,BURGLARY,FORCIBLE ENTRY,APARTMENT,false,false,1011,10,24,29,05,1150613,1892785,2016,06/25/2016 03:51:43 PM,41.861699337,-87.722605232,"(41.861699337, -87.722605232)",2016-06-19T06:39:00.000Z
10565737,HZ313177,059XX S ADA ST,0910,MOTOR VEHICLE THEFT,AUTOMOBILE,STREET,false,false,713,7,16,67,07,1168344,1865348,2016,06/25/2016 03:51:43 PM,41.786044858,-87.658309163,"(41.786044858, -87.658309163)",2016-06-19T06:45:00.000Z
10565640,HZ313129,014XX S KOSTNER AVE,0560,ASSAULT,SIMPLE,GROCERY FOOD STORE,false,false,1011,10,24,29,08A,1147287,1892654,2016,06/25/2016 03:51:43 PM,41.861404132,-87.734817871,"(41.861404132, -87.734817871)",2016-06-19T06:45:00.000Z
10679838,HZ432496,097XX S MORGAN ST,0820,THEFT,$500 AND UNDER,"SCHOOL, PUBLIC, BUILDING",false,false,2223,22,21,73,06,"","",2016,09/14/2016 03:49:23 PM,"","","",2016-06-19T07:00:00.000Z
10572408,HZ320297,070XX S SOUTH SHORE DR,0890,THEFT,FROM BUILDING,OTHER,false,false,334,3,5,43,06,1193451,1858536,2016,06/27/2016 03:50:03 PM,41.76677448,-87.566478603,"(41.76677448, -87.566478603)",2016-06-19T07:00:00.000Z
10570466,HZ318354,108XX S ARTESIAN AVE,0820,THEFT,$500 AND UNDER,RESIDENTIAL YARD (FRONT/BACK),false,false,2212,22,19,75,06,1161968,1832777,2016,06/27/2016 03:50:03 PM,41.696799981,-87.682589848,"(41.696799981, -87.682589848)",2016-06-19T07:00:00.000Z
10566493,HZ314068,030XX W PALMER BLVD,0620,BURGLARY,UNLAWFUL ENTRY,RESIDENCE-GARAGE,false,false,1414,14,35,22,05,1155543,1914609,2016,06/25/2016 03:51:43 PM,41.921488795,-87.703920296,"(41.921488795, -87.703920296)",2016-06-19T07:00:00.000Z
10566146,HZ313790,001XX N FRANKLIN ST,0820,THEFT,$500 AND UNDER,PARKING LOT/GARAGE(NON.RESID.),false,false,122,1,42,32,06,1174318,1900863,2016,06/25/2016 03:51:43 PM,41.883370206,-87.635347534,"(41.883370206, -87.635347534)",2016-06-19T07:00:00.000Z
10565740,HZ313262,029XX W WASHINGTON BLVD,0486,BATTERY,DOMESTIC BATTERY SIMPLE,APARTMENT,true,false,1222,12,2,27,08B,1156820,1900543,2016,06/25/2016 03:51:43 PM,41.882864653,-87.699610046,"(41.882864653, -87.699610046)",2016-06-19T07:00:00.000Z
10565656,HZ313156,046XX N BROADWAY,0320,ROBBERY,STRONGARM - NO WEAPON,CTA PLATFORM,false,false,1913,19,46,3,03,1167942,1930944,2016,06/25/2016 03:51:43 PM,41.966053999,-87.657890403,"(41.966053999, -87.657890403)",2016-06-19T07:00:00.000Z
10565952,HZ313161,033XX W FLOURNOY ST,041A,BATTERY,AGGRAVATED: HANDGUN,SIDEWALK,false,false,1134,11,24,27,04B,1154310,1896838,2016,06/25/2016 03:51:43 PM,41.872748241,-87.708925885,"(41.872748241, -87.708925885)",2016-06-19T07:09:00.000Z
10565708,HZ313182,061XX N BROADWAY,0860,THEFT,RETAIL THEFT,SMALL RETAIL STORE,false,false,2433,24,48,77,06,1167183,1941083,2016,06/25/2016 03:51:43 PM,41.993892087,-87.660388215,"(41.993892087, -87.660388215)",2016-06-19T07:10:00.000Z
10565820,HZ313237,009XX W RANDOLPH ST,0810,THEFT,OVER $500,STREET,true,false,1224,12,27,28,06,1170307,1901233,2016,06/25/2016 03:51:43 PM,41.884474087,-87.650065271,"(41.884474087, -87.650065271)",2016-06-19T07:20:00.000Z
10565700,HZ313225,023XX W MADISON ST,0810,THEFT,OVER $500,PARKING LOT/GARAGE(NON.RESID.),false,false,1223,12,2,28,06,1160808,1899960,2016,06/25/2016 03:51:43 PM,41.881183104,-87.68498211,"(41.881183104, -87.68498211)",2016-06-19T07:25:00.000Z
10570465,HZ318371,076XX S LUELLA AVE,1310,CRIMINAL DAMAGE,TO PROPERTY,VACANT LOT/LAND,false,false,414,4,7,43,14,1192527,1854815,2016,06/27/2016 03:50:03 PM,41.75658632,-87.569986391,"(41.75658632, -87.569986391)",2016-06-19T07:26:00.000Z
10568117,HZ316055,024XX N SOUTHPORT AVE,1155,DECEPTIVE PRACTICE,AGGRAVATED FINANCIAL IDENTITY THEFT,NURSING HOME/RETIREMENT HOME,false,false,1932,19,32,7,11,1166570,1916338,2016,06/25/2016 03:51:43 PM,41.92600403,-87.663354742,"(41.92600403, -87.663354742)",2016-06-19T07:30:00.000Z
10567736,HZ313229,0000X W M2 ST,2093,NARCOTICS,FOUND SUSPECT NARCOTICS,AIRPORT EXTERIOR - SECURE AREA,true,false,1655,16,41,76,18,1104024,1934808,2016,07/04/2016 03:55:03 PM,41.977799513,-87.892837929,"(41.977799513, -87.892837929)",2016-06-19T07:35:00.000Z
10565738,HZ313216,044XX S COTTAGE GROVE AVE,0860,THEFT,RETAIL THEFT,DEPARTMENT STORE,true,false,221,2,4,39,06,1182339,1875765,2016,06/25/2016 03:51:43 PM,41.814317008,-87.606674143,"(41.814317008, -87.606674143)",2016-06-19T07:40:00.000Z
10565748,HZ313249,048XX W FULTON ST,0460,BATTERY,SIMPLE,PARKING LOT/GARAGE(NON.RESID.),true,false,1532,15,28,25,08B,1144242,1901501,2016,06/25/2016 03:51:43 PM,41.885739108,-87.745773311,"(41.885739108, -87.745773311)",2016-06-19T07:44:00.000Z
10565696,HZ313219,034XX W BELMONT AVE,0460,BATTERY,SIMPLE,DRUG STORE,false,false,1732,17,35,21,08B,1152928,1921067,2016,06/25/2016 03:51:43 PM,41.939262335,-87.71335694,"(41.939262335, -87.71335694)",2016-06-19T07:45:00.000Z
10566234,HZ313243,004XX N MICHIGAN AVE,0890,THEFT,FROM BUILDING,RESTAURANT,false,false,1834,18,42,8,06,1177356,1903464,2016,06/25/2016 03:51:43 PM,41.89043914,-87.624112982,"(41.89043914, -87.624112982)",2016-06-19T07:55:00.000Z
10581343,HZ324569,057XX S WOLCOTT AVE,1320,CRIMINAL DAMAGE,TO VEHICLE,STREET,false,false,715,7,15,67,14,1164668,1866610,2016,07/04/2016 03:55:03 PM,41.78958635,-87.671751606,"(41.78958635, -87.671751606)",2016-06-19T08:00:00.000Z
10572694,HZ319649,008XX W SUPERIOR ST,1320,CRIMINAL DAMAGE,TO VEHICLE,RESIDENCE,false,false,1214,12,27,24,14,1170697,1905273,2016,06/27/2016 03:50:03 PM,41.895551579,-87.648514749,"(41.895551579, -87.648514749)",2016-06-19T08:00:00.000Z
10568285,HZ316395,075XX S PARNELL AVE,0890,THEFT,FROM BUILDING,RESIDENCE,false,false,621,6,17,69,06,1173855,1854817,2016,06/25/2016 03:51:43 PM,41.757026072,-87.638415174,"(41.757026072, -87.638415174)",2016-06-19T08:00:00.000Z
10567898,HZ313694,002XX W MONTROSE HARBOR DR,0810,THEFT,OVER $500,STREET,false,false,1915,19,46,3,06,1173452,1928800,2016,06/25/2016 03:51:43 PM,41.960049832,-87.637695331,"(41.960049832, -87.637695331)",2016-06-19T08:00:00.000Z
10566567,HZ314380,028XX W DIVISION ST,0910,MOTOR VEHICLE THEFT,AUTOMOBILE,STREET,false,false,1211,12,26,24,07,1157254,1907854,2016,06/25/2016 03:51:43 PM,41.902917894,-87.697817532,"(41.902917894, -87.697817532)",2016-06-19T08:00:00.000Z
10566393,HZ314172,011XX W 13TH ST,0820,THEFT,$500 AND UNDER,RESIDENCE,false,false,1232,12,2,28,06,1168831,1894212,2016,06/25/2016 03:51:43 PM,41.86524005,-87.655688854,"(41.86524005, -87.655688854)",2016-06-19T08:00:00.000Z
10565839,HZ313474,066XX N NORTHWEST HWY,0820,THEFT,$500 AND UNDER,RESTAURANT,false,false,1611,16,41,9,06,1124885,1943973,2016,06/25/2016 03:51:43 PM,42.002629197,-87.815916146,"(42.002629197, -87.815916146)",2016-06-19T08:00:00.000Z
10565755,HZ313241,055XX S COTTAGE GROVE AVE,0530,ASSAULT,AGGRAVATED: OTHER DANG WEAPON,STREET,false,false,235,2,5,41,04A,1182525,1868549,2016,06/25/2016 03:51:43 PM,41.794511404,-87.606215806,"(41.794511404, -87.606215806)",2016-06-19T08:00:00.000Z
10565689,HZ313226,019XX W GARFIELD BLVD,1320,CRIMINAL DAMAGE,TO VEHICLE,RESTAURANT,false,false,715,7,15,67,14,1164163,1868053,2016,06/25/2016 03:51:43 PM,41.793556773,-87.673562686,"(41.793556773, -87.673562686)",2016-06-19T08:00:00.000Z
10569535,HZ317587,047XX N KILDARE AVE,0486,BATTERY,DOMESTIC BATTERY SIMPLE,APARTMENT,false,true,1722,17,39,14,08B,1146853,1931334,2016,06/25/2016 03:51:43 PM,41.967554206,-87.73542116,"(41.967554206, -87.73542116)",2016-06-19T08:05:00.000Z
10565793,HZ313296,029XX S FEDERAL ST,143A,WEAPONS VIOLATION,UNLAWFUL POSS OF HANDGUN,STREET,true,false,133,1,3,35,15,1176116,1885609,2016,09/29/2016 03:45:40 PM,41.841471897,-87.629204627,"(41.841471897, -87.629204627)",2016-06-19T08:16:00.000Z
10566009,HZ313289,010XX E 132ND ST,0460,BATTERY,SIMPLE,RESIDENTIAL YARD (FRONT/BACK),false,false,533,5,9,54,08B,1185676,1818025,2016,06/25/2016 03:51:43 PM,41.655794169,-87.596247691,"(41.655794169, -87.596247691)",2016-06-19T08:40:00.000Z
10565785,HZ313288,060XX S ASHLAND AVE,031A,ROBBERY,ARMED: HANDGUN,CONVENIENCE STORE,false,false,713,7,15,67,03,1166704,1864749,2016,06/25/2016 03:51:43 PM,41.784436302,-87.664339302,"(41.784436302, -87.664339302)",2016-06-19T08:40:00.000Z
10565778,HZ313294,0000X W 112TH ST,0810,THEFT,OVER $500,STREET,false,false,522,5,34,49,06,1177901,1830701,2016,06/25/2016 03:51:43 PM,41.690757992,-87.624315259,"(41.690757992, -87.624315259)",2016-06-19T08:40:00.000Z
10565956,HZ313312,040XX W SCHOOL ST,0486,BATTERY,DOMESTIC BATTERY SIMPLE,APARTMENT,true,true,1731,17,31,16,08B,1148680,1921618,2016,06/28/2016 03:50:02 PM,41.940857568,-87.728955347,"(41.940857568, -87.728955347)",2016-06-19T08:45:00.000Z
10565766,HZ313297,030XX W 59TH ST,0486,BATTERY,DOMESTIC BATTERY SIMPLE,RESIDENCE,true,true,824,8,14,63,08B,1157256,1865364,2016,06/25/2016 03:51:43 PM,41.78632045,-87.698963024,"(41.78632045, -87.698963024)",2016-06-19T08:45:00.000Z
10566015,HZ313518,067XX S EAST END AVE,0486,BATTERY,DOMESTIC BATTERY SIMPLE,APARTMENT,false,true,332,3,5,43,08B,1188697,1860548,2016,06/25/2016 03:51:43 PM,41.772410563,-87.583839318,"(41.772410563, -87.583839318)",2016-06-19T08:50:00.000Z
10565843,HZ313450,026XX S CALIFORNIA AVE,0810,THEFT,OVER $500,VEHICLE NON-COMMERCIAL,false,false,1034,10,12,30,06,1158131,1886252,2016,06/25/2016 03:51:43 PM,41.843622007,-87.695186062,"(41.843622007, -87.695186062)",2016-06-19T08:50:00.000Z
10565836,HZ313293,043XX W CULLERTON ST,0460,BATTERY,SIMPLE,RESIDENTIAL YARD (FRONT/BACK),false,false,1012,10,24,29,08B,1147695,1890065,2016,06/25/2016 03:51:43 PM,41.854291776,-87.733386573,"(41.854291776, -87.733386573)",2016-06-19T08:50:00.000Z
10565770,HZ313354,008XX N LARAMIE AVE,0870,THEFT,POCKET-PICKING,CTA BUS,false,false,1524,15,37,25,06,1141539,1905000,2016,06/25/2016 03:51:43 PM,41.895391144,-87.755612897,"(41.895391144, -87.755612897)",2016-06-19T08:50:00.000Z
10576581,HZ325274,017XX W ESTES AVE,0890,THEFT,FROM BUILDING,RESIDENCE PORCH/HALLWAY,false,false,2423,24,49,1,06,1163596,1947447,2016,06/30/2016 03:48:43 PM,42.011431651,-87.673402217,"(42.011431651, -87.673402217)",2016-06-19T08:55:00.000Z
10585449,HZ335603,0000X E 111TH ST,0610,BURGLARY,FORCIBLE ENTRY,APARTMENT,false,false,513,5,9,49,05,1178308,1831371,2016,07/07/2016 03:49:15 PM,41.692587367,-87.622804979,"(41.692587367, -87.622804979)",2016-06-19T09:00:00.000Z
10574268,HZ320879,078XX S ESSEX AVE,0810,THEFT,OVER $500,RESIDENCE,false,false,421,4,7,43,06,1194220,1853467,2016,07/04/2016 03:55:03 PM,41.752845913,-87.563826173,"(41.752845913, -87.563826173)",2016-06-19T09:00:00.000Z
10571670,HZ319673,023XX W MONROE ST,0820,THEFT,$500 AND UNDER,VEHICLE NON-COMMERCIAL,false,false,1223,12,2,28,06,1160861,1899484,2016,06/27/2016 03:50:03 PM,41.879875819,-87.684800705,"(41.879875819, -87.684800705)",2016-06-19T09:00:00.000Z
10567512,HZ315401,020XX W SCHILLER ST,0820,THEFT,$500 AND UNDER,STREET,false,false,1424,14,1,24,06,1162574,1909428,2016,06/25/2016 03:51:43 PM,41.907127255,-87.678232016,"(41.907127255, -87.678232016)",2016-06-19T09:00:00.000Z
10566116,HZ313751,047XX W LEXINGTON ST,0261,CRIM SEXUAL ASSAULT,AGGRAVATED: HANDGUN,STREET,false,false,1131,11,24,25,02,1145005,1896218,2016,06/25/2016 03:51:43 PM,41.871227548,-87.743104805,"(41.871227548, -87.743104805)",2016-06-19T09:00:00.000Z
10565796,HZ313330,085XX S MUSKEGON AVE,0560,ASSAULT,SIMPLE,RESIDENTIAL YARD (FRONT/BACK),false,false,423,4,7,46,08A,1196637,1848854,2016,06/25/2016 03:51:43 PM,41.740127827,-87.555121917,"(41.740127827, -87.555121917)",2016-06-19T09:05:00.000Z
10565735,HZ313315,029XX W NORTH AVE,3710,INTERFERENCE WITH PUBLIC OFFICER,RESIST/OBSTRUCT/DISARM OFFICER,STREET,true,false,1423,14,26,24,24,1156396,1910494,2016,06/25/2016 03:51:43 PM,41.910179679,-87.700897641,"(41.910179679, -87.700897641)",2016-06-19T09:07:00.000Z
10565743,HZ313316,065XX S VERNON AVE,1310,CRIMINAL DAMAGE,TO PROPERTY,RESIDENCE PORCH/HALLWAY,false,false,312,3,20,42,14,1180371,1861767,2016,06/25/2016 03:51:43 PM,41.775950677,-87.614322356,"(41.775950677, -87.614322356)",2016-06-19T09:15:00.000Z
10565750,HZ313317,063XX S ALBANY AVE,0820,THEFT,$500 AND UNDER,SIDEWALK,false,false,823,8,15,66,06,1156809,1862414,2016,06/25/2016 03:51:43 PM,41.77823426,-87.700681547,"(41.77823426, -87.700681547)",2016-06-19T09:21:00.000Z
10565799,HZ313335,031XX W 54TH ST,0420,BATTERY,AGGRAVATED:KNIFE/CUTTING INSTR,RESIDENCE,false,false,923,9,14,63,04B,1156321,1868652,2016,06/25/2016 03:51:43 PM,41.795362067,-87.702302751,"(41.795362067, -87.702302751)",2016-06-19T09:22:00.000Z
10565827,HZ313362,024XX W 47TH ST,0320,ROBBERY,STRONGARM - NO WEAPON,SIDEWALK,true,false,922,9,12,58,03,1160979,1873448,2016,09/12/2016 03:57:28 PM,41.808427804,-87.685089016,"(41.808427804, -87.685089016)",2016-06-19T09:30:00.000Z
10574056,HZ314492,054XX S HALSTED ST,0320,ROBBERY,STRONGARM - NO WEAPON,ALLEY,false,false,935,9,3,61,03,1171900,1868629,2016,07/04/2016 03:55:03 PM,41.794970935,-87.645174856,"(41.794970935, -87.645174856)",2016-06-19T09:30:00.000Z
10567462,HZ315364,076XX S CICERO AVE,1320,CRIMINAL DAMAGE,TO VEHICLE,PARKING LOT/GARAGE(NON.RESID.),false,false,833,8,13,65,14,1145727,1853720,2016,06/25/2016 03:51:43 PM,41.754592961,-87.741528537,"(41.754592961, -87.741528537)",2016-06-19T09:45:00.000Z
10565835,HZ313383,019XX S ST LOUIS AVE,1320,CRIMINAL DAMAGE,TO VEHICLE,VEHICLE NON-COMMERCIAL,false,false,1024,10,24,29,14,1153407,1890182,2016,06/25/2016 03:51:43 PM,41.854501408,-87.712417975,"(41.854501408, -87.712417975)",2016-06-19T09:45:00.000Z
10565802,HZ313355,027XX W ALBION AVE,1320,CRIMINAL DAMAGE,TO VEHICLE,STREET,false,false,2412,24,50,2,14,1156999,1943679,2016,06/25/2016 03:51:43 PM,42.001229109,-87.697778341,"(42.001229109, -87.697778341)",2016-06-19T09:47:00.000Z
10566694,HZ314381,046XX W LAKE ST,0560,ASSAULT,SIMPLE,FACTORY/MANUFACTURING BUILDING,false,false,1113,11,28,25,08A,1145383,1901738,2016,06/25/2016 03:51:43 PM,41.886367949,-87.741577278,"(41.886367949, -87.741577278)",2016-06-19T09:55:00.000Z
10565811,HZ313385,011XX S MICHIGAN AVE,0460,BATTERY,SIMPLE,STREET,true,false,123,1,2,32,08B,1177423,1895162,2016,06/25/2016 03:51:43 PM,41.86765647,-87.624118874,"(41.86765647, -87.624118874)",2016-06-19T09:55:00.000Z
22566,HZ313351,073XX S CHAMPLAIN AVE,0110,HOMICIDE,FIRST DEGREE MURDER,STREET,true,false,323,3,6,69,01A,1181836,1856441,2016,12/29/2016 03:51:03 PM,41.761301866,-87.609116244,"(41.761301866, -87.609116244)",2016-06-19T10:00:00.000Z
10599127,HZ350271,012XX W 112TH PL,0890,THEFT,FROM BUILDING,RESIDENCE,false,false,2234,22,34,75,06,1170064,1830138,2016,07/18/2016 03:53:21 PM,41.689386461,-87.653023305,"(41.689386461, -87.653023305)",2016-06-19T10:00:00.000Z
10570003,HZ318005,009XX W NEWPORT AVE,0486,BATTERY,DOMESTIC BATTERY SIMPLE,RESIDENCE,false,true,1924,19,44,6,08B,1169383,1923092,2016,06/27/2016 03:50:03 PM,41.944476536,-87.652821402,"(41.944476536, -87.652821402)",2016-06-19T10:00:00.000Z
10568046,HZ315940,076XX S CICERO AVE,0460,BATTERY,SIMPLE,OTHER,false,false,833,8,13,65,08B,1145727,1853720,2016,06/25/2016 03:51:43 PM,41.754592961,-87.741528537,"(41.754592961, -87.741528537)",2016-06-19T10:00:00.000Z
10566954,HZ314223,042XX S ASHLAND AVE,0820,THEFT,$500 AND UNDER,OTHER,false,false,924,9,12,61,06,1166380,1876821,2016,06/25/2016 03:51:43 PM,41.817570192,-87.665183168,"(41.817570192, -87.665183168)",2016-06-19T10:00:00.000Z
10565824,HZ313389,096XX S MICHIGAN AVE,0910,MOTOR VEHICLE THEFT,AUTOMOBILE,STREET,false,false,511,5,6,49,07,1178850,1841009,2016,06/25/2016 03:51:43 PM,41.71902307,-87.620528559,"(41.71902307, -87.620528559)",2016-06-19T10:00:00.000Z
10565780,HZ313404,012XX N ASHLAND AVE,0870,THEFT,POCKET-PICKING,OTHER,false,false,1433,14,1,24,06,1165496,1908465,2016,06/25/2016 03:51:43 PM,41.904422979,-87.66752574,"(41.904422979, -87.66752574)",2016-06-19T10:00:00.000Z
10565823,HZ313381,097XX S NORMAL AVE,1365,CRIMINAL TRESPASS,TO RESIDENCE,RESIDENCE,false,false,2223,22,21,73,26,1174678,1840327,2016,06/25/2016 03:51:43 PM,41.717245339,-87.635829408,"(41.717245339, -87.635829408)",2016-06-19T10:06:00.000Z
10566033,HZ313601,063XX N MILWAUKEE AVE,0554,ASSAULT,AGG PO HANDS NO/MIN INJURY,OTHER,true,false,1611,16,45,10,08A,1132720,1941813,2016,06/25/2016 03:51:43 PM,41.99656843,-87.787141932,"(41.99656843, -87.787141932)",2016-06-19T10:10:00.000Z
10568979,HZ316778,031XX S PRAIRIE AVE,2825,OTHER OFFENSE,HARASSMENT BY TELEPHONE,RESIDENCE,false,true,211,2,3,35,26,1178469,1884158,2016,06/25/2016 03:51:43 PM,41.837436988,-87.62061418,"(41.837436988, -87.62061418)",2016-06-19T10:17:00.000Z
10566521,HZ313395,017XX W FULLERTON AVE,0560,ASSAULT,SIMPLE,SMALL RETAIL STORE,false,false,1811,18,32,7,08A,1164140,1915989,2016,06/25/2016 03:51:43 PM,41.925098106,-87.672293669,"(41.925098106, -87.672293669)",2016-06-19T10:22:00.000Z
10565928,HZ313403,080XX S ELLIS AVE,0485,BATTERY,AGGRAVATED OF A CHILD,APARTMENT,false,false,631,6,8,44,04B,1184287,1851991,2016,06/25/2016 03:51:43 PM,41.749033642,-87.600272204,"(41.749033642, -87.600272204)",2016-06-19T10:23:00.000Z
10566572,HZ314290,067XX S EAST END AVE,1310,CRIMINAL DAMAGE,TO PROPERTY,RESIDENCE-GARAGE,false,false,332,3,5,43,14,1188697,1860555,2016,06/25/2016 03:51:43 PM,41.772429772,-87.583839095,"(41.772429772, -87.583839095)",2016-06-19T10:30:00.000Z
10566316,HZ313999,097XX S MICHIGAN AVE,0890,THEFT,FROM BUILDING,RESIDENCE,false,true,511,5,6,49,06,1178864,1840454,2016,06/25/2016 03:51:43 PM,41.717499759,-87.620494113,"(41.717499759, -87.620494113)",2016-06-19T10:30:00.000Z
10565829,HZ313422,025XX S CHRISTIANA AVE,2022,NARCOTICS,POSS: COCAINE,ALLEY,true,false,1024,10,22,30,18,1154439,1886873,2016,06/25/2016 03:51:43 PM,41.845400584,-87.708718427,"(41.845400584, -87.708718427)",2016-06-19T10:33:00.000Z
10566086,HZ313586,076XX S CICERO AVE,1320,CRIMINAL DAMAGE,TO VEHICLE,PARKING LOT/GARAGE(NON.RESID.),false,false,833,8,13,65,14,1145727,1853720,2016,06/25/2016 03:51:43 PM,41.754592961,-87.741528537,"(41.754592961, -87.741528537)",2016-06-19T10:40:00.000Z
10565825,HZ313401,088XX S HALSTED ST,0486,BATTERY,DOMESTIC BATTERY SIMPLE,RESIDENCE,false,true,2223,22,21,71,08B,1172523,1846290,2016,06/25/2016 03:51:43 PM,41.733656288,-87.64354723,"(41.733656288, -87.64354723)",2016-06-19T10:40:00.000Z
10565957,HZ313409,009XX W WILSON AVE,1310,CRIMINAL DAMAGE,TO PROPERTY,APARTMENT,false,false,1914,19,46,3,14,1169228,1930736,2016,06/25/2016 03:51:43 PM,41.965455324,-87.653168121,"(41.965455324, -87.653168121)",2016-06-19T10:45:00.000Z
10565934,HZ313526,042XX S INDIANA AVE,1320,CRIMINAL DAMAGE,TO VEHICLE,STREET,false,false,213,2,3,38,14,1178303,1877016,2016,06/25/2016 03:51:43 PM,41.817842557,-87.621440462,"(41.817842557, -87.621440462)",2016-06-19T10:45:00.000Z
10567716,HZ315501,022XX N LAKE SHORE DR NB,0610,BURGLARY,FORCIBLE ENTRY,RESTAURANT,false,false,1814,18,43,7,05,1175652,1915130,2016,06/25/2016 03:51:43 PM,41.92248966,-87.630019531,"(41.92248966, -87.630019531)",2016-06-19T11:00:00.000Z
10566689,HZ313675,001XX N WABASH AVE,0810,THEFT,OVER $500,RESTAURANT,false,false,111,1,42,32,06,1176785,1901635,2016,06/25/2016 03:51:43 PM,41.885433199,-87.626265286,"(41.885433199, -87.626265286)",2016-06-19T11:00:00.000Z
10565915,HZ313448,060XX S WINCHESTER AVE,1310,CRIMINAL DAMAGE,TO PROPERTY,RESIDENTIAL YARD (FRONT/BACK),false,false,714,7,15,67,14,1164391,1864671,2016,06/25/2016 03:51:43 PM,41.784271331,-87.672821902,"(41.784271331, -87.672821902)",2016-06-19T11:00:00.000Z
10565920,HZ313454,070XX N SHERIDAN RD,0890,THEFT,FROM BUILDING,OTHER,false,false,2423,24,49,1,06,1166620,1946879,2016,06/25/2016 03:51:43 PM,42.009808542,-87.662292059,"(42.009808542, -87.662292059)",2016-06-19T11:01:00.000Z
10568012,HZ315909,008XX N MICHIGAN AVE,0860,THEFT,RETAIL THEFT,DEPARTMENT STORE,false,false,1833,18,42,8,06,1177338,1906181,2016,06/25/2016 03:51:43 PM,41.897895128,-87.624096605,"(41.897895128, -87.624096605)",2016-06-19T11:02:00.000Z
10569387,HZ313444,013XX E 87TH ST,031A,ROBBERY,ARMED: HANDGUN,OTHER,false,false,412,4,8,48,03,1186818,1847569,2016,07/04/2016 03:55:03 PM,41.736839681,-87.591137533,"(41.736839681, -87.591137533)",2016-06-19T11:10:00.000Z
10565991,HZ313459,013XX W HASTINGS ST,0430,BATTERY,AGGRAVATED: OTHER DANG WEAPON,STREET,false,false,1233,12,2,28,04B,1167752,1893853,2016,06/25/2016 03:51:43 PM,41.864278228,-87.659660218,"(41.864278228, -87.659660218)",2016-06-19T11:20:00.000Z
10565821,HZ313462,028XX W FIFTH AVE,2024,NARCOTICS,POSS: HEROIN(WHITE),SIDEWALK,true,false,1124,11,2,27,18,1157515,1899817,2016,06/25/2016 03:51:43 PM,41.880858328,-87.697077736,"(41.880858328, -87.697077736)",2016-06-19T11:20:00.000Z
10565926,HZ313490,027XX S LAWNDALE AVE,1811,NARCOTICS,POSS: CANNABIS 30GMS OR LESS,STREET,true,false,1031,10,22,30,18,1152146,1885625,2016,06/25/2016 03:51:43 PM,41.842021372,-87.71716641,"(41.842021372, -87.71716641)",2016-06-19T11:22:00.000Z
10566045,HZ313506,003XX W 64TH ST,0486,BATTERY,DOMESTIC BATTERY SIMPLE,STREET,false,true,722,7,20,68,08B,1175044,1862506,2016,06/25/2016 03:51:43 PM,41.778099133,-87.633828531,"(41.778099133, -87.633828531)",2016-06-19T11:27:00.000Z
10574861,HZ323048,009XX N MASSASOIT AVE,0820,THEFT,$500 AND UNDER,APARTMENT,false,false,1511,15,29,25,06,1137851,1905780,2016,06/27/2016 03:50:03 PM,41.897598907,-87.769139392,"(41.897598907, -87.769139392)",2016-06-19T11:30:00.000Z
10567102,HZ315125,091XX S ASHLAND AVE,0610,BURGLARY,FORCIBLE ENTRY,CONVENIENCE STORE,false,false,2221,22,21,73,05,1167273,1844198,2016,06/25/2016 03:51:43 PM,41.72802938,-87.662840357,"(41.72802938, -87.662840357)",2016-06-19T11:30:00.000Z
10566026,HZ313516,068XX S BISHOP ST,143A,WEAPONS VIOLATION,UNLAWFUL POSS OF HANDGUN,APARTMENT,true,false,725,7,17,67,15,1167846,1859364,2016,06/25/2016 03:51:43 PM,41.769634728,-87.66030679,"(41.769634728, -87.66030679)",2016-06-19T11:30:00.000Z
10565933,HZ313465,075XX S LAFAYETTE AVE,0486,BATTERY,DOMESTIC BATTERY SIMPLE,VEHICLE NON-COMMERCIAL,false,true,623,6,6,69,08B,1177142,1855093,2016,06/25/2016 03:51:43 PM,41.757709956,-87.626360608,"(41.757709956, -87.626360608)",2016-06-19T11:30:00.000Z
10568733,HZ316809,035XX W BEACH AVE,2825,OTHER OFFENSE,HARASSMENT BY TELEPHONE,APARTMENT,false,false,1422,14,26,23,26,1152489,1909412,2016,06/25/2016 03:51:43 PM,41.907288725,-87.715279133,"(41.907288725, -87.715279133)",2016-06-19T11:31:00.000Z
10565943,HZ313504,048XX W MONROE ST,2027,NARCOTICS,POSS: CRACK,STREET,true,false,1533,15,28,25,18,1144226,1899225,2016,06/25/2016 03:51:43 PM,41.879493791,-87.745889279,"(41.879493791, -87.745889279)",2016-06-19T11:35:00.000Z
10566014,HZ313472,016XX S SPRINGFIELD AVE,041A,BATTERY,AGGRAVATED: HANDGUN,SIDEWALK,false,false,1014,10,24,29,04B,1150666,1891557,2016,06/25/2016 03:51:43 PM,41.858328523,-87.722442751,"(41.858328523, -87.722442751)",2016-06-19T11:37:00.000Z
10565979,HZ313507,048XX W KINZIE ST,0497,BATTERY,AGGRAVATED DOMESTIC BATTERY: OTHER DANG WEAPON,APARTMENT,false,true,1532,15,28,25,04B,1144062,1902290,2016,07/15/2016 03:47:21 PM,41.887907597,-87.746414499,"(41.887907597, -87.746414499)",2016-06-19T11:40:00.000Z
10566972,HZ313494,025XX S SENOUR AVE,0486,BATTERY,DOMESTIC BATTERY SIMPLE,STREET,false,true,913,9,11,60,08B,1170270,1886938,2016,06/25/2016 03:51:43 PM,41.845248303,-87.650618592,"(41.845248303, -87.650618592)",2016-06-19T11:43:00.000Z
10566147,HZ313733,016XX N HONORE ST,0810,THEFT,OVER $500,STREET,false,false,1434,14,32,24,06,1163761,1910996,2016,06/25/2016 03:51:43 PM,41.911404997,-87.673827375,"(41.911404997, -87.673827375)",2016-06-19T11:45:00.000Z
10566040,HZ313502,098XX S PRAIRIE AVE,1320,CRIMINAL DAMAGE,TO VEHICLE,STREET,false,false,511,5,6,49,14,1179654,1839780,2016,06/25/2016 03:51:43 PM,41.715632231,-87.61762121,"(41.715632231, -87.61762121)",2016-06-19T11:51:00.000Z
10565983,HZ313512,098XX S PRAIRIE AVE,0460,BATTERY,SIMPLE,STREET,true,false,511,5,6,49,08B,1179654,1839780,2016,06/25/2016 03:51:43 PM,41.715632231,-87.61762121,"(41.715632231, -87.61762121)",2016-06-19T11:51:00.000Z
10565980,HZ313534,041XX W WILCOX ST,502P,OTHER OFFENSE,FALSE/STOLEN/ALTERED TRP,STREET,true,false,1115,11,28,26,26,1148868,1899015,2016,06/25/2016 03:51:43 PM,41.878829073,-87.728849835,"(41.878829073, -87.728849835)",2016-06-19T11:51:00.000Z
10611125,HZ363763,019XX W PERSHING RD,0910,MOTOR VEHICLE THEFT,AUTOMOBILE,OTHER,false,false,924,9,12,61,07,"","",2016,07/26/2016 03:54:57 PM,"","","",2016-06-19T12:00:00.000Z
10587861,HZ337611,011XX W WILSON AVE,0810,THEFT,OVER $500,APARTMENT,false,false,1913,19,46,3,06,"","",2016,07/07/2016 03:51:23 PM,"","","",2016-06-19T12:00:00.000Z
10569076,HZ316989,035XX W 66TH ST,0810,THEFT,OVER $500,STREET,false,false,831,8,15,66,06,1154002,1860626,2016,06/25/2016 03:51:43 PM,41.773383922,-87.711019674,"(41.773383922, -87.711019674)",2016-06-19T12:00:00.000Z
10568131,HZ315961,004XX E 91ST ST,0820,THEFT,$500 AND UNDER,STREET,false,false,633,6,6,44,06,1180721,1844737,2016,06/25/2016 03:51:43 PM,41.72921045,-87.613561582,"(41.72921045, -87.613561582)",2016-06-19T12:00:00.000Z
10566830,HZ314784,047XX W WAVELAND AVE,0910,MOTOR VEHICLE THEFT,AUTOMOBILE,STREET,false,false,1731,17,38,15,07,1144087,1924173,2016,06/25/2016 03:51:43 PM,41.947956339,-87.745772112,"(41.947956339, -87.745772112)",2016-06-19T12:00:00.000Z
10566097,HZ313625,040XX W GLADYS AVE,1365,CRIMINAL TRESPASS,TO RESIDENCE,APARTMENT,false,true,1132,11,24,26,26,1149507,1898049,2016,06/25/2016 03:51:43 PM,41.876165886,-87.726528607,"(41.876165886, -87.726528607)",2016-06-19T12:00:00.000Z
10565985,HZ313528,038XX W NORTH AVE,143A,WEAPONS VIOLATION,UNLAWFUL POSS OF HANDGUN,SIDEWALK,true,false,2535,25,30,23,15,1150674,1910363,2016,11/02/2016 03:47:39 PM,41.909934052,-87.72192157,"(41.909934052, -87.72192157)",2016-06-19T12:04:00.000Z
10566011,HZ313553,001XX N STATE ST,1811,NARCOTICS,POSS: CANNABIS 30GMS OR LESS,CTA PLATFORM,true,false,111,1,42,32,18,1176330,1901649,2016,06/25/2016 03:51:43 PM,41.885481891,-87.627935689,"(41.885481891, -87.627935689)",2016-06-19T12:15:00.000Z
10565992,HZ313542,051XX W DIVERSEY AVE,4387,OTHER OFFENSE,VIOLATE ORDER OF PROTECTION,SMALL RETAIL STORE,false,true,2521,25,31,19,26,1141535,1918128,2016,06/25/2016 03:51:43 PM,41.931415894,-87.755302635,"(41.931415894, -87.755302635)",2016-06-19T12:15:00.000Z
10566017,HZ313579,018XX N CENTRAL PARK AVE,0560,ASSAULT,SIMPLE,RESIDENCE,false,false,1422,14,26,22,08A,1152089,1911974,2016,06/25/2016 03:51:43 PM,41.914326987,-87.716680855,"(41.914326987, -87.716680855)",2016-06-19T12:21:00.000Z
10565951,HZ313525,073XX N CLARK ST,0460,BATTERY,SIMPLE,OTHER,true,false,2424,24,49,1,08B,1163139,1948775,2016,06/25/2016 03:51:43 PM,42.015085365,-87.675046135,"(42.015085365, -87.675046135)",2016-06-19T12:22:00.000Z
10566418,HZ314071,044XX W WALTON ST,0820,THEFT,$500 AND UNDER,VEHICLE NON-COMMERCIAL,false,false,1111,11,37,23,06,1146570,1905956,2016,06/25/2016 03:51:43 PM,41.897920066,-87.73711065,"(41.897920066, -87.73711065)",2016-06-19T12:30:00.000Z
10566362,HZ314106,054XX S KILDARE AVE,0820,THEFT,$500 AND UNDER,RESIDENTIAL YARD (FRONT/BACK),false,false,815,8,23,62,06,1148623,1868200,2016,06/25/2016 03:51:43 PM,41.794273306,-87.730543465,"(41.794273306, -87.730543465)",2016-06-19T12:30:00.000Z
10566190,HZ313717,061XX W FULLERTON AVE,0560,ASSAULT,SIMPLE,PARK PROPERTY,false,false,2512,25,29,19,08A,1135255,1915305,2016,06/25/2016 03:51:43 PM,41.923783122,-87.778448036,"(41.923783122, -87.778448036)",2016-06-19T12:30:00.000Z
10566120,HZ313783,052XX S FRANCISCO AVE,0915,MOTOR VEHICLE THEFT,"TRUCK, BUS, MOTOR HOME",STREET,false,false,923,9,14,63,07,1157928,1869853,2016,06/25/2016 03:51:43 PM,41.798625253,-87.696377166,"(41.798625253, -87.696377166)",2016-06-19T12:30:00.000Z
10565989,HZ313577,004XX S STATE ST,0870,THEFT,POCKET-PICKING,SIDEWALK,false,false,113,1,2,32,06,1176436,1898416,2016,06/25/2016 03:51:43 PM,41.876607964,-87.627644063,"(41.876607964, -87.627644063)",2016-06-19T12:30:00.000Z
10565932,HZ313519,053XX N LINCOLN AVE,2825,OTHER OFFENSE,HARASSMENT BY TELEPHONE,APARTMENT,false,false,2011,20,40,4,26,1158479,1935193,2016,06/25/2016 03:51:43 PM,41.9779129,-87.692567229,"(41.9779129, -87.692567229)",2016-06-19T12:33:00.000Z
10566020,HZ313544,022XX S SPRINGFIELD AVE,0496,BATTERY,AGGRAVATED DOMESTIC BATTERY: KNIFE/CUTTING INST,SIDEWALK,false,true,1013,10,22,30,04B,1150738,1888752,2016,06/25/2016 03:51:43 PM,41.850629856,-87.722251737,"(41.850629856, -87.722251737)",2016-06-19T12:35:00.000Z
22567,HZ313449,076XX S EGGLESTON AVE,0110,HOMICIDE,FIRST DEGREE MURDER,AUTO,false,false,621,6,17,69,01A,1174620,1854172,2016,06/25/2016 03:51:43 PM,41.755239122,-87.635630755,"(41.755239122, -87.635630755)",2016-06-19T12:38:00.000Z
10578492,HZ327237,017XX N MARCEY ST,0860,THEFT,RETAIL THEFT,TAVERN/LIQUOR STORE,false,false,1811,18,32,7,06,1168889,1911829,2016,06/30/2016 03:48:43 PM,41.913581053,-87.654964655,"(41.913581053, -87.654964655)",2016-06-19T12:45:00.000Z
10565995,HZ313580,014XX S HOMAN AVE,5002,OTHER OFFENSE,OTHER VEHICLE OFFENSE,STREET,false,false,1021,10,24,29,26,1153934,1892850,2016,06/25/2016 03:51:43 PM,41.86181223,-87.710412608,"(41.86181223, -87.710412608)",2016-06-19T12:53:00.000Z
10566024,HZ313574,071XX S WABASH AVE,0454,BATTERY,AGG PO HANDS NO/MIN INJURY,RESIDENCE,true,true,323,3,6,69,08B,1177960,1857701,2016,06/25/2016 03:51:43 PM,41.764848113,-87.623283866,"(41.764848113, -87.623283866)",2016-06-19T12:54:00.000Z
10565982,HZ313550,009XX N ROCKWELL ST,3710,INTERFERENCE WITH PUBLIC OFFICER,RESIST/OBSTRUCT/DISARM OFFICER,SIDEWALK,true,false,1211,12,26,24,24,1158890,1906379,2016,06/25/2016 03:51:43 PM,41.898836955,-87.691848697,"(41.898836955, -87.691848697)",2016-06-19T12:54:00.000Z
10593613,HZ344765,015XX N CLAREMONT AVE,0810,THEFT,OVER $500,STREET,false,false,1424,14,1,24,06,1160461,1910184,2016,07/14/2016 03:47:37 PM,41.909245797,-87.685973014,"(41.909245797, -87.685973014)",2016-06-19T13:00:00.000Z
10571130,HZ318991,039XX N CHRISTIANA AVE,0560,ASSAULT,SIMPLE,SIDEWALK,false,true,1733,17,33,16,08A,1153359,1925931,2016,06/27/2016 03:50:03 PM,41.952600939,-87.711643228,"(41.952600939, -87.711643228)",2016-06-19T13:00:00.000Z
10567933,HZ315638,008XX N CICERO AVE,0320,ROBBERY,STRONGARM - NO WEAPON,CONVENIENCE STORE,false,false,1111,11,37,25,03,1144207,1904963,2016,06/25/2016 03:51:43 PM,41.895239896,-87.745814792,"(41.895239896, -87.745814792)",2016-06-19T13:00:00.000Z
10566428,HZ314206,054XX S SPAULDING AVE,0910,MOTOR VEHICLE THEFT,AUTOMOBILE,STREET,false,false,822,8,14,63,07,1155305,1868390,2016,06/25/2016 03:51:43 PM,41.794663507,-87.70603549,"(41.794663507, -87.70603549)",2016-06-19T13:00:00.000Z
10566242,HZ313866,006XX S CICERO AVE,0320,ROBBERY,STRONGARM - NO WEAPON,SIDEWALK,false,false,1533,15,24,25,03,1144488,1896820,2016,06/25/2016 03:51:43 PM,41.872889251,-87.744987777,"(41.872889251, -87.744987777)",2016-06-19T13:00:00.000Z
10566016,HZ313562,019XX N KEDVALE AVE,1811,NARCOTICS,POSS: CANNABIS 30GMS OR LESS,STREET,true,false,2534,25,30,20,18,1148407,1912657,2016,06/25/2016 03:51:43 PM,41.916273054,-87.730190408,"(41.916273054, -87.730190408)",2016-06-19T13:01:00.000Z
10565977,HZ313563,016XX N HAMLIN AVE,1811,NARCOTICS,POSS: CANNABIS 30GMS OR LESS,STREET,true,false,2535,25,26,23,18,1150799,1910559,2016,06/25/2016 03:51:43 PM,41.910469449,-87.721457231,"(41.910469449, -87.721457231)",2016-06-19T13:11:00.000Z
10566126,HZ313638,040XX N LEAMINGTON AVE,0620,BURGLARY,UNLAWFUL ENTRY,APARTMENT,false,false,1624,16,45,15,05,1141305,1926409,2016,06/25/2016 03:51:43 PM,41.954144006,-87.755942874,"(41.954144006, -87.755942874)",2016-06-19T13:22:00.000Z
10566709,HZ313575,048XX N MAGNOLIA AVE,1310,CRIMINAL DAMAGE,TO PROPERTY,APARTMENT,false,false,2033,20,48,3,14,1167058,1932654,2016,06/25/2016 03:51:43 PM,41.970765374,-87.661091358,"(41.970765374, -87.661091358)",2016-06-19T13:30:00.000Z
10566625,HZ314153,107XX S WESTERN AVE,0610,BURGLARY,FORCIBLE ENTRY,SMALL RETAIL STORE,false,false,2212,22,19,75,05,1162299,1833320,2016,06/25/2016 03:51:43 PM,41.698283199,-87.681362863,"(41.698283199, -87.681362863)",2016-06-19T13:30:00.000Z
10566132,HZ313656,005XX N UNION AVE,0820,THEFT,$500 AND UNDER,STREET,false,false,1214,12,27,24,06,1171436,1903882,2016,06/25/2016 03:51:43 PM,41.891718371,-87.64584153,"(41.891718371, -87.64584153)",2016-06-19T13:30:00.000Z
10566065,HZ313618,114XX S CALUMET AVE,051A,ASSAULT,AGGRAVATED: HANDGUN,STREET,false,true,531,5,9,49,04A,1180616,1829306,2016,06/25/2016 03:51:43 PM,41.686868162,-87.614418148,"(41.686868162, -87.614418148)",2016-06-19T13:30:00.000Z
10566034,HZ313599,007XX N CICERO AVE,0470,PUBLIC PEACE VIOLATION,RECKLESS CONDUCT,SIDEWALK,true,false,1531,15,28,25,24,1144217,1904647,2016,06/25/2016 03:51:43 PM,41.894372568,-87.745786011,"(41.894372568, -87.745786011)",2016-06-19T13:41:00.000Z
10570416,HZ318357,043XX W WALTON ST,051A,ASSAULT,AGGRAVATED: HANDGUN,SIDEWALK,false,false,1111,11,37,23,04A,1147035,1905969,2016,06/27/2016 03:50:03 PM,41.897946859,-87.735402401,"(41.897946859, -87.735402401)",2016-06-19T13:53:00.000Z
10566008,HZ313581,030XX W FARGO AVE,0560,ASSAULT,SIMPLE,STREET,false,false,2411,24,50,2,08A,1155009,1949226,2016,06/25/2016 03:51:43 PM,42.016490592,-87.704949466,"(42.016490592, -87.704949466)",2016-06-19T13:53:00.000Z
10566525,HZ314293,021XX E 72ND PL,0910,MOTOR VEHICLE THEFT,AUTOMOBILE,STREET,true,false,333,3,5,43,07,1191617,1857310,2016,06/28/2016 03:50:02 PM,41.763454912,-87.573240517,"(41.763454912, -87.573240517)",2016-06-19T14:00:00.000Z
10566293,HZ313981,078XX S BISHOP ST,0890,THEFT,FROM BUILDING,RESIDENCE,false,false,612,6,17,71,06,1167920,1852711,2016,06/25/2016 03:51:43 PM,41.751376419,-87.660226359,"(41.751376419, -87.660226359)",2016-06-19T14:00:00.000Z
10566010,HZ313605,040XX W PATTERSON AVE,0486,BATTERY,DOMESTIC BATTERY SIMPLE,OTHER,false,true,1732,17,30,16,08B,1148814,1923954,2016,06/25/2016 03:51:43 PM,41.94726515,-87.728402252,"(41.94726515, -87.728402252)",2016-06-19T14:00:00.000Z
10567147,HZ313588,087XX S SANGAMON ST,041A,BATTERY,AGGRAVATED: HANDGUN,SIDEWALK,false,false,2222,22,21,71,04B,1171499,1846943,2016,06/25/2016 03:51:43 PM,41.73547067,-87.647279586,"(41.73547067, -87.647279586)",2016-06-19T14:05:00.000Z
10566006,HZ313592,067XX S CLAREMONT AVE,1661,GAMBLING,GAME/DICE,SIDEWALK,true,false,832,8,17,66,19,1161896,1859851,2016,06/25/2016 03:51:43 PM,41.77109682,-87.682103413,"(41.77109682, -87.682103413)",2016-06-19T14:10:00.000Z
10566030,HZ313594,008XX W GRAND AVE,1320,CRIMINAL DAMAGE,TO VEHICLE,STREET,false,false,1214,12,27,24,14,1170874,1903681,2016,06/25/2016 03:51:43 PM,41.891179152,-87.647911383,"(41.891179152, -87.647911383)",2016-06-19T14:18:00.000Z
10566052,HZ313616,003XX N PULASKI RD,2027,NARCOTICS,POSS: CRACK,STREET,true,false,1122,11,27,26,18,1149672,1901722,2016,06/25/2016 03:51:43 PM,41.886241802,-87.725827315,"(41.886241802, -87.725827315)",2016-06-19T14:25:00.000Z
10567641,HZ315516,044XX N BROADWAY,1150,DECEPTIVE PRACTICE,CREDIT CARD FRAUD,DEPARTMENT STORE,false,false,1913,19,46,3,11,1168469,1929861,2016,06/25/2016 03:51:43 PM,41.963070794,-87.655984213,"(41.963070794, -87.655984213)",2016-06-19T14:30:00.000Z
10566446,HZ314054,002XX W WASHINGTON ST,0820,THEFT,$500 AND UNDER,PARKING LOT/GARAGE(NON.RESID.),false,false,122,1,42,32,06,1174590,1900807,2016,06/25/2016 03:51:43 PM,41.883210464,-87.634350417,"(41.883210464, -87.634350417)",2016-06-19T14:30:00.000Z
10566420,HZ314204,014XX N MASSASOIT AVE,1320,CRIMINAL DAMAGE,TO VEHICLE,STREET,false,false,2531,25,29,25,14,1137749,1908913,2016,06/25/2016 03:51:43 PM,41.906198082,-87.769438393,"(41.906198082, -87.769438393)",2016-06-19T14:30:00.000Z
10566096,HZ313620,015XX S SPAULDING AVE,0460,BATTERY,SIMPLE,STREET,false,false,1022,10,24,29,08B,1154614,1892291,2016,06/25/2016 03:51:43 PM,41.860264706,-87.707931376,"(41.860264706, -87.707931376)",2016-06-19T14:40:00.000Z
10566070,HZ313622,035XX N SHEFFIELD AVE,0460,BATTERY,SIMPLE,SIDEWALK,true,false,1924,19,44,6,08B,1168981,1923599,2016,06/25/2016 03:51:43 PM,41.945876513,-87.65428421,"(41.945876513, -87.65428421)",2016-06-19T14:40:00.000Z
10566080,HZ313614,060XX S ADA ST,0486,BATTERY,DOMESTIC BATTERY SIMPLE,RESIDENCE,false,true,713,7,16,67,08B,1168362,1864657,2016,06/25/2016 03:51:43 PM,41.784148283,-87.658263058,"(41.784148283, -87.658263058)",2016-06-19T14:48:00.000Z
10575305,HZ323551,107XX S CHURCH ST,2825,OTHER OFFENSE,HARASSMENT BY TELEPHONE,OTHER,false,false,2212,22,19,75,26,1167954,1833573,2016,06/30/2016 03:48:43 PM,41.698858138,-87.6606498,"(41.698858138, -87.6606498)",2016-06-19T14:57:00.000Z
10574060,HZ314765,023XX S CALIFORNIA AVE,0486,BATTERY,DOMESTIC BATTERY SIMPLE,STREET,false,true,1033,10,12,30,08B,1158058,1888522,2016,06/30/2016 03:48:43 PM,41.849852628,-87.695392076,"(41.849852628, -87.695392076)",2016-06-19T15:00:00.000Z
10566515,HZ314260,106XX S CALHOUN AVE,0920,MOTOR VEHICLE THEFT,ATT: AUTOMOBILE,STREET,false,false,434,4,10,51,07,1194882,1834926,2016,06/25/2016 03:51:43 PM,41.701951474,-87.562009089,"(41.701951474, -87.562009089)",2016-06-19T15:00:00.000Z
10566111,HZ313691,027XX W HADDON AVE,041A,BATTERY,AGGRAVATED: HANDGUN,SIDEWALK,false,false,1211,12,1,24,04B,1158021,1907529,2016,06/25/2016 03:51:43 PM,41.902010439,-87.695009072,"(41.902010439, -87.695009072)",2016-06-19T15:00:00.000Z
10566054,HZ313643,064XX S DR MARTIN LUTHER KING JR DR,0320,ROBBERY,STRONGARM - NO WEAPON,SIDEWALK,false,false,312,3,20,42,03,1180028,1862378,2016,06/25/2016 03:51:43 PM,41.777635185,-87.615561058,"(41.777635185, -87.615561058)",2016-06-19T15:10:00.000Z
10566046,HZ313634,021XX N CALIFORNIA AVE,1811,NARCOTICS,POSS: CANNABIS 30GMS OR LESS,POLICE FACILITY/VEH PARKING LOT,true,false,1414,14,35,22,18,1157345,1914452,2016,06/25/2016 03:51:43 PM,41.921021491,-87.69730355,"(41.921021491, -87.69730355)",2016-06-19T15:15:00.000Z
10566247,HZ313660,014XX N WESTERN AVE,1310,CRIMINAL DAMAGE,TO PROPERTY,APARTMENT,false,false,1423,14,1,24,14,1160147,1909517,2016,06/25/2016 03:51:43 PM,41.907421994,-87.687144969,"(41.907421994, -87.687144969)",2016-06-19T15:20:00.000Z
10566074,HZ313611,016XX N SAWYER AVE,3710,INTERFERENCE WITH PUBLIC OFFICER,RESIST/OBSTRUCT/DISARM OFFICER,SIDEWALK,true,false,1421,14,26,23,24,1154336,1910696,2016,06/25/2016 03:51:43 PM,41.910775415,-87.708459894,"(41.910775415, -87.708459894)",2016-06-19T15:23:00.000Z
10566128,HZ313705,068XX N SAUGANASH AVE,0320,ROBBERY,STRONGARM - NO WEAPON,SIDEWALK,false,false,1621,16,41,12,03,1138228,1945186,2016,06/25/2016 03:51:43 PM,42.005725994,-87.766797944,"(42.005725994, -87.766797944)",2016-06-19T15:27:00.000Z
10572947,HZ320863,020XX N WESTERN AVE,0560,ASSAULT,SIMPLE,BAR OR TAVERN,false,false,1431,14,1,22,08A,1160032,1913691,2016,06/27/2016 03:50:03 PM,41.918878141,-87.687451949,"(41.918878141, -87.687451949)",2016-06-19T15:30:00.000Z
10571866,HZ319777,036XX W DICKENS AVE,1320,CRIMINAL DAMAGE,TO VEHICLE,STREET,false,false,2525,25,26,22,14,1151694,1913710,2016,06/27/2016 03:50:03 PM,41.919098511,-87.718086279,"(41.919098511, -87.718086279)",2016-06-19T15:30:00.000Z
10566081,HZ313649,073XX S PAULINA ST,0460,BATTERY,SIMPLE,RESIDENCE,false,false,735,7,17,67,08B,1166281,1856122,2016,06/25/2016 03:51:43 PM,41.760771706,-87.666135572,"(41.760771706, -87.666135572)",2016-06-19T15:30:00.000Z
10566062,HZ313682,040XX W PATTERSON AVE,0486,BATTERY,DOMESTIC BATTERY SIMPLE,RESIDENCE,false,true,1732,17,30,16,08B,1148814,1923954,2016,06/25/2016 03:51:43 PM,41.94726515,-87.728402252,"(41.94726515, -87.728402252)",2016-06-19T15:30:00.000Z
10566094,HZ313676,007XX W 76TH ST,143A,WEAPONS VIOLATION,UNLAWFUL POSS OF HANDGUN,STREET,false,false,621,6,17,68,15,1172760,1854473,2016,06/25/2016 03:51:43 PM,41.756106295,-87.642438283,"(41.756106295, -87.642438283)",2016-06-19T15:38:00.000Z
10566073,HZ313663,077XX S SOUTH SHORE DR,0430,BATTERY,AGGRAVATED: OTHER DANG WEAPON,DRIVEWAY - RESIDENTIAL,false,false,421,4,7,43,04B,1197235,1854771,2016,06/25/2016 03:51:43 PM,41.756349652,-87.552734295,"(41.756349652, -87.552734295)",2016-06-19T15:40:00.000Z
10566118,HZ313658,007XX E 131ST ST,041A,BATTERY,AGGRAVATED: HANDGUN,CHA PARKING LOT/GROUNDS,false,false,533,5,9,54,04B,1183862,1818525,2016,06/25/2016 03:51:43 PM,41.657208618,-87.602869703,"(41.657208618, -87.602869703)",2016-06-19T15:43:00.000Z
10566145,HZ313690,003XX S KILPATRICK AVE,143A,WEAPONS VIOLATION,UNLAWFUL POSS OF HANDGUN,STREET,true,false,1131,11,24,25,15,1145118,1897794,2016,07/06/2016 03:55:54 PM,41.875550153,-87.742650117,"(41.875550153, -87.742650117)",2016-06-19T15:44:00.000Z
10566076,HZ313664,056XX W DIVERSEY AVE,0860,THEFT,RETAIL THEFT,CONVENIENCE STORE,true,false,2514,25,30,19,06,1138073,1918046,2016,06/25/2016 03:51:43 PM,41.93125422,-87.76802705,"(41.93125422, -87.76802705)",2016-06-19T15:54:00.000Z
10566095,HZ313730,051XX S WENTWORTH AVE,2093,NARCOTICS,FOUND SUSPECT NARCOTICS,POLICE FACILITY/VEH PARKING LOT,true,false,225,2,3,37,18,1175826,1871120,2016,06/25/2016 03:51:43 PM,41.80171934,-87.630703621,"(41.80171934, -87.630703621)",2016-06-19T15:59:00.000Z
10630855,HZ383699,053XX N LINCOLN AVE,1152,DECEPTIVE PRACTICE,ILLEGAL USE CASH CARD,BANK,false,false,2011,20,40,4,11,"","",2016,08/09/2016 04:02:00 PM,"","","",2016-06-20T04:00:00.000Z
10610611,HZ363478,127XX S MANISTEE AVE,0810,THEFT,OVER $500,RESIDENCE,false,false,433,4,10,55,06,"","",2016,07/26/2016 03:54:57 PM,"","","",2016-06-20T04:00:00.000Z
10569658,HZ317368,077XX S PAULINA ST,0610,BURGLARY,FORCIBLE ENTRY,VACANT LOT/LAND,false,false,611,6,17,71,05,1166356,1853380,2016,06/26/2016 03:52:13 PM,41.753245682,-87.665938655,"(41.753245682, -87.665938655)",2016-06-20T04:01:00.000Z
10566426,HZ314077,034XX W 59TH PL,1320,CRIMINAL DAMAGE,TO VEHICLE,STREET,false,false,822,8,16,66,14,1154554,1864955,2016,06/26/2016 03:52:13 PM,41.785252372,-87.708880911,"(41.785252372, -87.708880911)",2016-06-20T04:01:00.000Z
10566305,HZ313913,038XX W MONROE ST,0486,BATTERY,DOMESTIC BATTERY SIMPLE,APARTMENT,false,true,1122,11,28,26,08B,1150851,1899388,2016,06/26/2016 03:52:13 PM,41.87981407,-87.72155882,"(41.87981407, -87.72155882)",2016-06-20T04:01:00.000Z
10566279,HZ313924,035XX S CALUMET AVE,0910,MOTOR VEHICLE THEFT,AUTOMOBILE,STREET,false,false,212,2,2,35,07,1179094,1881670,2016,06/26/2016 03:52:13 PM,41.830595479,-87.618396794,"(41.830595479, -87.618396794)",2016-06-20T04:01:00.000Z
10566088,HZ313721,049XX S INDIANA AVE,0420,BATTERY,AGGRAVATED:KNIFE/CUTTING INSTR,APARTMENT,false,false,224,2,3,38,04B,1178433,1872388,2016,06/26/2016 03:52:13 PM,41.805139969,-87.621104286,"(41.805139969, -87.621104286)",2016-06-20T04:01:00.000Z
10566089,HZ313693,083XX S ESSEX AVE,1310,CRIMINAL DAMAGE,TO PROPERTY,APARTMENT,false,true,423,4,7,46,14,1194288,1850204,2016,06/26/2016 03:52:13 PM,41.743890308,-87.563683944,"(41.743890308, -87.563683944)",2016-06-20T04:02:00.000Z
10566250,HZ313728,031XX W GEORGE ST,0486,BATTERY,DOMESTIC BATTERY SIMPLE,APARTMENT,false,true,1411,14,35,21,08B,1154740,1919112,2016,06/26/2016 03:52:13 PM,41.933861517,-87.706749828,"(41.933861517, -87.706749828)",2016-06-20T04:05:00.000Z
10566084,HZ313670,031XX W ARTHINGTON ST,0496,BATTERY,AGGRAVATED DOMESTIC BATTERY: KNIFE/CUTTING INST,RESIDENCE,true,true,1134,11,24,27,04B,1155562,1895868,2016,06/26/2016 03:52:13 PM,41.870061375,-87.704355292,"(41.870061375, -87.704355292)",2016-06-20T04:07:00.000Z
10566103,HZ313698,092XX S MANISTEE AVE,0486,BATTERY,DOMESTIC BATTERY SIMPLE,RESIDENCE,false,true,423,4,7,48,08B,1196244,1844173,2016,06/26/2016 03:52:13 PM,41.727292516,-87.556716541,"(41.727292516, -87.556716541)",2016-06-20T04:15:00.000Z
10566068,HZ313681,002XX S LAVERGNE AVE,2093,NARCOTICS,FOUND SUSPECT NARCOTICS,APARTMENT,true,false,1533,15,28,25,18,1143290,1898755,2016,06/26/2016 03:52:13 PM,41.878221582,-87.749337912,"(41.878221582, -87.749337912)",2016-06-20T04:15:00.000Z
10567603,HZ315446,054XX S NEW ENGLAND AVE,1320,CRIMINAL DAMAGE,TO VEHICLE,STREET,false,false,811,8,23,56,14,1131310,1867648,2016,06/26/2016 03:52:13 PM,41.793074103,-87.794043652,"(41.793074103, -87.794043652)",2016-06-20T04:17:00.000Z
10987010,JA313347,055XX S THROOP ST,1153,DECEPTIVE PRACTICE,FINANCIAL IDENTITY THEFT OVER $ 300,OTHER,false,false,713,7,16,67,11,"","",2016,06/20/2017 03:51:28 PM,"","","",2016-06-20T04:20:00.000Z
10566122,HZ313711,087XX S RACINE AVE,0486,BATTERY,DOMESTIC BATTERY SIMPLE,RESIDENCE,false,true,2222,22,21,71,08B,1169850,1846872,2016,06/26/2016 03:52:13 PM,41.735311748,-87.653322931,"(41.735311748, -87.653322931)",2016-06-20T04:25:00.000Z
10566098,HZ313699,042XX W MADISON ST,0520,ASSAULT,AGGRAVATED:KNIFE/CUTTING INSTR,TAVERN/LIQUOR STORE,true,false,1115,11,28,26,04A,1148091,1899675,2016,06/26/2016 03:52:13 PM,41.880655171,-87.731685867,"(41.880655171, -87.731685867)",2016-06-20T04:28:00.000Z
10567148,HZ314025,033XX W BEACH AVE,141A,WEAPONS VIOLATION,UNLAWFUL USE HANDGUN,STREET,false,false,1422,14,26,23,15,1153908,1909441,2016,06/26/2016 03:52:13 PM,41.907340129,-87.710065721,"(41.907340129, -87.710065721)",2016-06-20T04:30:00.000Z
10566350,XX315025,033XX W BEACH AVE,141A,WEAPONS VIOLATION,UNLAWFUL USE HANDGUN,STREET,false,false,1422,14,26,23,15,1153908,1909441,2016,06/26/2016 03:52:13 PM,41.907340129,-87.710065721,"(41.907340129, -87.710065721)",2016-06-20T04:30:00.000Z
10566117,HZ313770,010XX W ADAMS ST,0486,BATTERY,DOMESTIC BATTERY SIMPLE,STREET,false,true,1232,12,2,28,08B,1169554,1899278,2016,06/26/2016 03:52:13 PM,41.879125847,-87.652887289,"(41.879125847, -87.652887289)",2016-06-20T04:45:00.000Z
10566100,HZ313726,009XX S WESTERN AVE,0460,BATTERY,SIMPLE,CONVENIENCE STORE,false,false,1135,11,28,28,08B,1160526,1895863,2016,06/26/2016 03:52:13 PM,41.869946398,-87.686131036,"(41.869946398, -87.686131036)",2016-06-20T04:55:00.000Z
10573618,HZ321334,001XX W KINZIE ST,1121,DECEPTIVE PRACTICE,COUNTERFEITING DOCUMENT,TAVERN/LIQUOR STORE,false,false,1831,18,42,8,10,1174929,1902985,2016,06/27/2016 03:50:03 PM,41.889179438,-87.633040334,"(41.889179438, -87.633040334)",2016-06-19T17:00:00.000Z
10569132,HZ317093,027XX W EVERGREEN AVE,0460,BATTERY,SIMPLE,STREET,false,false,1423,14,26,24,08B,1157815,1908863,2016,06/26/2016 03:52:13 PM,41.905675251,-87.69572932,"(41.905675251, -87.69572932)",2016-06-19T17:00:00.000Z
10566580,HZ314320,007XX S STATE ST,051A,ASSAULT,AGGRAVATED: HANDGUN,SIDEWALK,false,false,123,1,2,32,04A,1176480,1896742,2016,06/26/2016 03:52:13 PM,41.872013415,-87.627533053,"(41.872013415, -87.627533053)",2016-06-19T17:00:00.000Z
10566496,HZ314102,007XX E 133RD PL,0486,BATTERY,DOMESTIC BATTERY SIMPLE,CHA APARTMENT,false,true,533,5,9,54,08B,1183995,1817021,2016,06/26/2016 03:52:13 PM,41.653078323,-87.602429702,"(41.653078323, -87.602429702)",2016-06-19T17:00:00.000Z
10566478,HZ314216,027XX W WASHINGTON BLVD,0486,BATTERY,DOMESTIC BATTERY SIMPLE,RESIDENCE,false,true,1222,12,2,27,08B,1158019,1900568,2016,06/26/2016 03:52:13 PM,41.882908875,-87.695206577,"(41.882908875, -87.695206577)",2016-06-19T17:00:00.000Z
10566367,HZ314049,030XX W 64TH ST,0915,MOTOR VEHICLE THEFT,"TRUCK, BUS, MOTOR HOME",STREET,false,false,823,8,15,66,07,1157401,1862048,2016,06/26/2016 03:52:13 PM,41.77721793,-87.698521135,"(41.77721793, -87.698521135)",2016-06-19T17:00:00.000Z
10566155,HZ313763,0000X E WASHINGTON ST,0320,ROBBERY,STRONGARM - NO WEAPON,SIDEWALK,false,false,111,1,42,32,03,1176748,1900829,2016,06/26/2016 03:52:13 PM,41.883222328,-87.626425537,"(41.883222328, -87.626425537)",2016-06-19T17:00:00.000Z
10566127,HZ313740,060XX W ADDISON ST,041A,BATTERY,AGGRAVATED: HANDGUN,SIDEWALK,false,false,1633,16,38,17,04B,1135567,1923318,2016,06/26/2016 03:52:13 PM,41.94576613,-87.777110584,"(41.94576613, -87.777110584)",2016-06-19T17:00:00.000Z
10566294,HZ313752,027XX W AUGUSTA BLVD,041A,BATTERY,AGGRAVATED: HANDGUN,SIDEWALK,false,false,1211,12,26,24,04B,1157790,1906534,2016,06/26/2016 03:52:13 PM,41.899284788,-87.695884725,"(41.899284788, -87.695884725)",2016-06-19T17:15:00.000Z
10566229,HZ313749,081XX S EVANS AVE,2825,OTHER OFFENSE,HARASSMENT BY TELEPHONE,APARTMENT,false,true,631,6,6,44,26,1182643,1851135,2016,06/26/2016 03:52:13 PM,41.746722963,-87.606322886,"(41.746722963, -87.606322886)",2016-06-19T17:15:00.000Z
10622114,HZ375049,001XX E 87TH ST,2826,OTHER OFFENSE,HARASSMENT BY ELECTRONIC MEANS,RESIDENCE,false,false,632,6,6,44,26,"","",2016,08/03/2016 03:52:15 PM,"","","",2016-06-19T17:24:00.000Z
10566940,HZ313879,013XX N CLARK ST,0810,THEFT,OVER $500,STREET,false,false,1821,18,42,8,06,1175289,1909285,2016,06/26/2016 03:52:13 PM,41.90645889,-87.631529028,"(41.90645889, -87.631529028)",2016-06-19T17:30:00.000Z
10566457,HZ314212,004XX N CLARK ST,1153,DECEPTIVE PRACTICE,FINANCIAL IDENTITY THEFT OVER $ 300,SIDEWALK,false,false,1831,18,42,8,11,1175466,1903075,2016,06/26/2016 03:52:13 PM,41.88941436,-87.631065571,"(41.88941436, -87.631065571)",2016-06-19T17:30:00.000Z
10566282,HZ313963,121XX S MICHIGAN AVE,1320,CRIMINAL DAMAGE,TO VEHICLE,STREET,false,false,532,5,9,53,14,1179026,1824519,2016,06/26/2016 03:52:13 PM,41.673768187,-87.620383871,"(41.673768187, -87.620383871)",2016-06-19T17:30:00.000Z
10566281,HZ313956,003XX W 110TH ST,0910,MOTOR VEHICLE THEFT,AUTOMOBILE,STREET,false,false,513,5,34,49,07,1175998,1831980,2016,06/26/2016 03:52:13 PM,41.694310531,-87.631244076,"(41.694310531, -87.631244076)",2016-06-19T17:30:00.000Z
10566143,HZ313757,041XX W 28TH ST,0486,BATTERY,DOMESTIC BATTERY SIMPLE,STREET,true,false,1031,10,22,30,08B,1149055,1885054,2016,06/26/2016 03:52:13 PM,41.840514765,-87.72852431,"(41.840514765, -87.72852431)",2016-06-19T17:34:00.000Z
10566707,HZ314523,078XX S ELLIS AVE,5002,OTHER OFFENSE,OTHER VEHICLE OFFENSE,STREET,false,false,624,6,8,69,26,1184252,1853214,2016,06/26/2016 03:52:13 PM,41.752390498,-87.600362278,"(41.752390498, -87.600362278)",2016-06-19T17:40:00.000Z
10566184,HZ313865,008XX N STATE ST,0460,BATTERY,SIMPLE,RESTAURANT,false,false,1832,18,42,8,08B,1176205,1906429,2016,06/26/2016 03:52:13 PM,41.898601278,-87.628250467,"(41.898601278, -87.628250467)",2016-06-19T17:45:00.000Z
10566139,HZ313766,057XX S INDIANA AVE,0460,BATTERY,SIMPLE,STREET,false,false,232,2,20,40,08B,1178577,1867049,2016,06/26/2016 03:52:13 PM,41.790485983,-87.620738482,"(41.790485983, -87.620738482)",2016-06-19T17:45:00.000Z
10566559,HZ314327,001XX N STATE ST,0860,THEFT,RETAIL THEFT,DEPARTMENT STORE,true,false,111,1,42,32,06,1176338,1901346,2016,06/26/2016 03:52:13 PM,41.884650262,-87.627915459,"(41.884650262, -87.627915459)",2016-06-19T17:46:00.000Z
10573710,HZ314135,013XX S WABASH AVE,0610,BURGLARY,FORCIBLE ENTRY,CONSTRUCTION SITE,false,false,131,1,2,33,05,1176979,1894213,2016,07/04/2016 03:55:03 PM,41.865062409,-87.625777568,"(41.865062409, -87.625777568)",2016-06-19T17:50:00.000Z
10566134,HZ313786,083XX S STONY ISLAND AVE,1310,CRIMINAL DAMAGE,TO PROPERTY,GAS STATION,true,false,412,4,8,45,14,1188253,1850180,2016,06/26/2016 03:52:13 PM,41.743970443,-87.585797123,"(41.743970443, -87.585797123)",2016-06-19T17:50:00.000Z
10566199,HZ313791,031XX W 59TH ST,1310,CRIMINAL DAMAGE,TO PROPERTY,RESTAURANT,false,false,824,8,14,63,14,1156527,1865342,2016,06/26/2016 03:52:13 PM,41.786274807,-87.701636523,"(41.786274807, -87.701636523)",2016-06-19T17:53:00.000Z
10566168,HZ313780,034XX N HALSTED ST,0460,BATTERY,SIMPLE,PARKING LOT/GARAGE(NON.RESID.),true,false,1924,19,44,6,08B,1170321,1922869,2016,06/26/2016 03:52:13 PM,41.943844128,-87.649380278,"(41.943844128, -87.649380278)",2016-06-19T17:56:00.000Z
10567995,HZ315927,015XX N MILWAUKEE AVE,0890,THEFT,FROM BUILDING,BAR OR TAVERN,false,false,1424,14,1,24,06,1163099,1910340,2016,06/26/2016 03:52:13 PM,41.909618829,-87.676277805,"(41.909618829, -87.676277805)",2016-06-19T18:00:00.000Z
10567878,HZ315664,093XX S EMERALD AVE,0910,MOTOR VEHICLE THEFT,AUTOMOBILE,STREET,false,false,2223,22,21,73,07,1172951,1842903,2016,06/26/2016 03:52:13 PM,41.724352469,-87.6420789,"(41.724352469, -87.6420789)",2016-06-19T18:00:00.000Z
10566432,HZ314211,064XX N CLARK ST,0460,BATTERY,SIMPLE,SIDEWALK,false,false,2432,24,40,1,08B,1164357,1942729,2016,06/26/2016 03:52:13 PM,41.998469223,-87.670736531,"(41.998469223, -87.670736531)",2016-06-19T18:00:00.000Z
10566262,HZ313926,014XX W CARROLL AVE,0820,THEFT,$500 AND UNDER,STREET,false,false,1215,12,27,28,06,1166739,1902286,2016,06/26/2016 03:52:13 PM,41.887440806,-87.663137174,"(41.887440806, -87.663137174)",2016-06-19T18:00:00.000Z
10566213,HZ313794,052XX N KIMBALL AVE,041A,BATTERY,AGGRAVATED: HANDGUN,STREET,false,false,1712,17,39,13,04B,1152777,1934508,2016,06/26/2016 03:52:13 PM,41.976148346,-87.713554629,"(41.976148346, -87.713554629)",2016-06-19T18:00:00.000Z
10566161,HZ313789,058XX S MC VICKER AVE,0486,BATTERY,DOMESTIC BATTERY SIMPLE,RESIDENCE,true,true,811,8,23,56,08B,1137054,1865187,2016,06/26/2016 03:52:13 PM,41.786219872,-87.773039361,"(41.786219872, -87.773039361)",2016-06-19T18:03:00.000Z
10566175,HZ313819,070XX S SANGAMON ST,0497,BATTERY,AGGRAVATED DOMESTIC BATTERY: OTHER DANG WEAPON,SIDEWALK,false,true,733,7,17,68,04B,1171188,1858253,2016,06/26/2016 03:52:13 PM,41.76651359,-87.648088962,"(41.76651359, -87.648088962)",2016-06-19T18:10:00.000Z
10566232,HZ313795,009XX E 45TH ST,041A,BATTERY,AGGRAVATED: HANDGUN,SIDEWALK,false,false,222,2,4,39,04B,1183271,1875370,2016,06/26/2016 03:52:13 PM,41.813211421,-87.60326782,"(41.813211421, -87.60326782)",2016-06-19T18:17:00.000Z
10566144,HZ313800,022XX N NARRAGANSETT AVE,1320,CRIMINAL DAMAGE,TO VEHICLE,STREET,false,false,2512,25,29,19,14,1133379,1914291,2016,06/26/2016 03:52:13 PM,41.921033689,-87.785365116,"(41.921033689, -87.785365116)",2016-06-19T18:28:00.000Z
10566210,HZ313802,034XX S WOOD ST,1020,ARSON,BY FIRE,ALLEY,true,false,912,9,11,59,09,1164908,1882074,2016,08/17/2016 03:55:28 PM,41.832016275,-87.670434222,"(41.832016275, -87.670434222)",2016-06-19T18:30:00.000Z
10566530,HZ314307,063XX S GREENWOOD AVE,0820,THEFT,$500 AND UNDER,RESIDENTIAL YARD (FRONT/BACK),false,false,314,3,20,42,06,1184502,1862933,2016,06/26/2016 03:52:13 PM,41.779054509,-87.599142141,"(41.779054509, -87.599142141)",2016-06-19T18:30:00.000Z
10566211,HZ313856,076XX N BOSWORTH AVE,3710,INTERFERENCE WITH PUBLIC OFFICER,RESIST/OBSTRUCT/DISARM OFFICER,RESIDENTIAL YARD (FRONT/BACK),true,false,2422,24,49,1,24,1164635,1950693,2016,06/26/2016 03:52:13 PM,42.020316685,-87.669486678,"(42.020316685, -87.669486678)",2016-06-19T18:30:00.000Z
10566183,HZ313845,034XX W BRYN MAWR AVE,1210,DECEPTIVE PRACTICE,THEFT OF LABOR/SERVICES,TAXICAB,false,false,1711,17,39,13,11,1152285,1936996,2016,06/26/2016 03:52:13 PM,41.982985317,-87.715297903,"(41.982985317, -87.715297903)",2016-06-19T18:30:00.000Z
10566154,HZ313810,036XX S RHODES AVE,0486,BATTERY,DOMESTIC BATTERY SIMPLE,APARTMENT,false,true,212,2,4,35,08B,1180179,1881011,2016,06/26/2016 03:52:13 PM,41.828762287,-87.614436164,"(41.828762287, -87.614436164)",2016-06-19T18:30:00.000Z
10567973,HZ315831,001XX N JEFFERSON ST,2826,OTHER OFFENSE,HARASSMENT BY ELECTRONIC MEANS,DEPARTMENT STORE,false,false,121,1,42,28,26,1172308,1901062,2016,06/26/2016 03:52:13 PM,41.883960898,-87.642722447,"(41.883960898, -87.642722447)",2016-06-19T18:35:00.000Z
10567038,HZ313812,008XX E 93RD ST,0630,BURGLARY,ATTEMPT FORCIBLE ENTRY,SMALL RETAIL STORE,false,false,633,6,8,44,05,1183284,1843483,2016,06/26/2016 03:52:13 PM,41.725710132,-87.604211666,"(41.725710132, -87.604211666)",2016-06-19T18:35:00.000Z
10566151,HZ313804,049XX W HURON ST,1310,CRIMINAL DAMAGE,TO PROPERTY,RESIDENCE,false,true,1531,15,37,25,14,1143207,1904187,2016,06/26/2016 03:52:13 PM,41.893129194,-87.749506978,"(41.893129194, -87.749506978)",2016-06-19T18:35:00.000Z
10566240,HZ313842,083XX S HERMITAGE AVE,0460,BATTERY,SIMPLE,RESIDENCE,false,false,614,6,18,71,08B,1166133,1849311,2016,06/26/2016 03:52:13 PM,41.742084508,-87.666871364,"(41.742084508, -87.666871364)",2016-06-19T18:39:00.000Z
10566380,HZ314134,011XX W ALTGELD ST,0620,BURGLARY,UNLAWFUL ENTRY,RESIDENCE-GARAGE,false,false,1932,19,43,7,05,1168297,1916764,2016,07/27/2016 03:50:12 PM,41.927135793,-87.656996544,"(41.927135793, -87.656996544)",2016-06-19T18:40:00.000Z
10566181,HZ313821,044XX W JACKSON BLVD,0454,BATTERY,AGG PO HANDS NO/MIN INJURY,APARTMENT,true,false,1131,11,24,26,08B,1146752,1898316,2016,06/26/2016 03:52:13 PM,41.876951569,-87.736637301,"(41.876951569, -87.736637301)",2016-06-19T18:40:00.000Z
10566269,HZ313823,041XX S ALBANY AVE,1310,CRIMINAL DAMAGE,TO PROPERTY,APARTMENT,false,false,921,9,14,58,14,1156374,1876841,2016,06/26/2016 03:52:13 PM,41.817832714,-87.701887771,"(41.817832714, -87.701887771)",2016-06-19T18:47:00.000Z
10566188,HZ313815,049XX W CONCORD PL,0486,BATTERY,DOMESTIC BATTERY SIMPLE,RESIDENTIAL YARD (FRONT/BACK),false,true,2533,25,37,25,08B,1143015,1910513,2016,06/26/2016 03:52:13 PM,41.910492035,-87.750054166,"(41.910492035, -87.750054166)",2016-06-19T18:50:00.000Z
10566208,HZ313849,002XX N STATE ST,0460,BATTERY,SIMPLE,HOTEL/MOTEL,false,false,111,1,42,32,08B,1176327,1901797,2016,06/26/2016 03:52:13 PM,41.885888079,-87.627942238,"(41.885888079, -87.627942238)",2016-06-19T18:52:00.000Z
10566207,HZ313817,003XX S FRANKLIN ST,0486,BATTERY,DOMESTIC BATTERY SIMPLE,STREET,false,true,122,1,2,32,08B,1174376,1898795,2016,06/26/2016 03:52:13 PM,41.877694193,-87.63519633,"(41.877694193, -87.63519633)",2016-06-19T18:59:00.000Z
10571264,HZ316863,003XX N DEARBORN ST,0890,THEFT,FROM BUILDING,HOTEL/MOTEL,false,false,1831,18,42,8,06,1175884,1902584,2016,06/27/2016 03:50:03 PM,41.888057631,-87.629545308,"(41.888057631, -87.629545308)",2016-06-19T19:00:00.000Z
10568216,HZ315277,004XX N CLARK ST,1153,DECEPTIVE PRACTICE,FINANCIAL IDENTITY THEFT OVER $ 300,"",false,false,1831,18,42,8,11,1175466,1903075,2016,06/26/2016 03:52:13 PM,41.88941436,-87.631065571,"(41.88941436, -87.631065571)",2016-06-19T19:00:00.000Z
10567508,HZ315306,004XX W PERSHING RD,0810,THEFT,OVER $500,STREET,false,false,915,9,11,60,06,1173808,1879063,2016,06/26/2016 03:52:13 PM,41.82356072,-87.637868624,"(41.82356072, -87.637868624)",2016-06-19T19:00:00.000Z
10567162,HZ313903,061XX S INDIANA AVE,0486,BATTERY,DOMESTIC BATTERY SIMPLE,APARTMENT,false,false,311,3,20,40,08B,1178651,1864363,2016,06/26/2016 03:52:13 PM,41.783113653,-87.620548794,"(41.783113653, -87.620548794)",2016-06-19T19:00:00.000Z
10566684,HZ314547,032XX N KIMBALL AVE,0320,ROBBERY,STRONGARM - NO WEAPON,SIDEWALK,false,false,1732,17,35,21,03,1153148,1921489,2016,06/26/2016 03:52:13 PM,41.940415966,-87.712537144,"(41.940415966, -87.712537144)",2016-06-19T19:00:00.000Z
10566527,HZ314285,033XX W POLK ST,0910,MOTOR VEHICLE THEFT,AUTOMOBILE,STREET,false,false,1134,11,24,27,07,1154330,1896174,2016,06/26/2016 03:52:13 PM,41.870925755,-87.708870191,"(41.870925755, -87.708870191)",2016-06-19T19:00:00.000Z
10566462,HZ313976,013XX S KILDARE AVE,0486,BATTERY,DOMESTIC BATTERY SIMPLE,RESIDENCE,false,true,1011,10,24,29,08B,1147934,1893336,2016,06/26/2016 03:52:13 PM,41.863263222,-87.732425311,"(41.863263222, -87.732425311)",2016-06-19T19:00:00.000Z
10566449,HZ314227,040XX N SHERIDAN RD,0820,THEFT,$500 AND UNDER,BAR OR TAVERN,false,false,1915,19,46,3,06,1168883,1926821,2016,06/26/2016 03:52:13 PM,41.954719937,-87.654550627,"(41.954719937, -87.654550627)",2016-06-19T19:00:00.000Z
10566165,HZ313832,016XX W 46TH ST,051A,ASSAULT,AGGRAVATED: HANDGUN,STREET,false,false,924,9,3,61,04A,1166272,1874212,2016,06/26/2016 03:52:13 PM,41.810413111,-87.665653704,"(41.810413111, -87.665653704)",2016-06-19T19:00:00.000Z
10566153,HZ313827,076XX S COLES AVE,0486,BATTERY,DOMESTIC BATTERY SIMPLE,APARTMENT,false,true,421,4,7,43,08B,1196255,1855232,2016,06/26/2016 03:52:13 PM,41.757639014,-87.556310458,"(41.757639014, -87.556310458)",2016-06-19T19:01:00.000Z
10566241,HZ313841,081XX S ELLIS AVE,0497,BATTERY,AGGRAVATED DOMESTIC BATTERY: OTHER DANG WEAPON,APARTMENT,false,true,631,6,8,44,04B,1184308,1851297,2016,06/26/2016 03:52:13 PM,41.747128743,-87.600216921,"(41.747128743, -87.600216921)",2016-06-19T19:10:00.000Z
10566256,HZ313878,079XX S RACINE AVE,031A,ROBBERY,ARMED: HANDGUN,SIDEWALK,false,false,612,6,21,71,03,1169694,1852368,2016,06/26/2016 03:52:13 PM,41.750396912,-87.653735437,"(41.750396912, -87.653735437)",2016-06-19T19:25:00.000Z
10566220,HZ313853,048XX N SACRAMENTO AVE,051A,ASSAULT,AGGRAVATED: HANDGUN,STREET,false,false,1713,17,33,14,04A,1155490,1932186,2016,06/26/2016 03:52:13 PM,41.969722354,-87.703640581,"(41.969722354, -87.703640581)",2016-06-19T19:25:00.000Z
10566254,HZ313857,018XX N FRANCISCO AVE,051A,ASSAULT,AGGRAVATED: HANDGUN,RESIDENCE,false,false,1421,14,35,22,04A,1156841,1912107,2016,06/26/2016 03:52:13 PM,41.914596867,-87.699219073,"(41.914596867, -87.699219073)",2016-06-19T19:28:00.000Z
10566840,HZ314775,009XX W ADDISON ST,0870,THEFT,POCKET-PICKING,CTA STATION,false,false,1923,19,44,6,06,1169188,1924102,2016,06/26/2016 03:52:13 PM,41.947252263,-87.65350869,"(41.947252263, -87.65350869)",2016-06-19T19:30:00.000Z
10566274,HZ313931,012XX S STATE ST,0486,BATTERY,DOMESTIC BATTERY SIMPLE,SIDEWALK,false,true,131,1,2,33,08B,1176526,1894914,2016,06/26/2016 03:52:13 PM,41.866996231,-87.62741936,"(41.866996231, -87.62741936)",2016-06-19T19:30:00.000Z
10566267,HZ313873,056XX S WESTERN AVE,031A,ROBBERY,ARMED: HANDGUN,GAS STATION,false,false,824,8,16,63,03,1161322,1867544,2016,07/18/2016 03:53:21 PM,41.79221937,-87.683994549,"(41.79221937, -87.683994549)",2016-06-19T19:45:00.000Z
10566236,HZ313890,042XX W IRVING PARK RD,0460,BATTERY,SIMPLE,BAR OR TAVERN,true,false,1722,17,38,16,08B,1147550,1926250,2016,06/26/2016 03:52:13 PM,41.953589946,-87.732989305,"(41.953589946, -87.732989305)",2016-06-19T19:50:00.000Z
10566235,HZ313871,004XX N ALBANY AVE,0460,BATTERY,SIMPLE,APARTMENT,false,false,1221,12,27,23,08B,1155635,1902860,2016,06/26/2016 03:52:13 PM,41.889246656,-87.703899023,"(41.889246656, -87.703899023)",2016-06-19T19:50:00.000Z
10568103,HZ313876,039XX S MICHIGAN AVE,031A,ROBBERY,ARMED: HANDGUN,HOTEL/MOTEL,false,false,213,2,3,38,03,1177806,1879008,2016,06/26/2016 03:52:13 PM,41.823320055,-87.623203203,"(41.823320055, -87.623203203)",2016-06-19T19:55:00.000Z
10566251,HZ313875,0000X E 79TH ST,0420,BATTERY,AGGRAVATED:KNIFE/CUTTING INSTR,STREET,true,false,623,6,6,69,04B,1177810,1852643,2016,06/26/2016 03:52:13 PM,41.750971783,-87.623986519,"(41.750971783, -87.623986519)",2016-06-19T19:59:00.000Z
10570854,HZ318640,039XX N MEADE AVE,1563,SEX OFFENSE,CRIMINAL SEXUAL ABUSE,APARTMENT,false,false,1633,16,38,17,17,1134983,1925759,2016,06/27/2016 03:50:03 PM,41.952474868,-87.77919919,"(41.952474868, -87.77919919)",2016-06-19T20:00:00.000Z
10567683,HZ315496,001XX N LECLAIRE AVE,1310,CRIMINAL DAMAGE,TO PROPERTY,"SCHOOL, PRIVATE, BUILDING",false,false,1532,15,28,25,14,1142367,1900240,2016,06/26/2016 03:52:13 PM,41.882313791,-87.752690113,"(41.882313791, -87.752690113)",2016-06-19T20:00:00.000Z
10566451,HZ314059,048XX S THROOP ST,1320,CRIMINAL DAMAGE,TO VEHICLE,STREET,false,false,933,9,20,61,14,1168475,1872775,2016,06/26/2016 03:52:13 PM,41.806422576,-87.657614802,"(41.806422576, -87.657614802)",2016-06-19T20:00:00.000Z
10566222,HZ313899,035XX N BROADWAY,0460,BATTERY,SIMPLE,RESIDENCE,false,false,1925,19,46,6,08B,1170974,1923957,2016,06/26/2016 03:52:13 PM,41.946815318,-87.646948147,"(41.946815318, -87.646948147)",2016-06-19T20:00:00.000Z
10566315,HZ314000,006XX W JACKSON BLVD,0820,THEFT,$500 AND UNDER,SMALL RETAIL STORE,false,false,121,1,2,28,06,1172223,1898889,2016,06/26/2016 03:52:13 PM,41.87799992,-87.643098749,"(41.87799992, -87.643098749)",2016-06-19T20:10:00.000Z
10566209,HZ313886,065XX S MAY ST,0497,BATTERY,AGGRAVATED DOMESTIC BATTERY: OTHER DANG WEAPON,SIDEWALK,false,true,724,7,17,68,04B,1169773,1861529,2016,06/26/2016 03:52:13 PM,41.775534159,-87.653180506,"(41.775534159, -87.653180506)",2016-06-19T20:10:00.000Z
10566215,HZ313895,038XX W VAN BUREN ST,1320,CRIMINAL DAMAGE,TO VEHICLE,STREET,false,false,1133,11,24,26,14,1150883,1897750,2016,06/26/2016 03:52:13 PM,41.875318591,-87.721484196,"(41.875318591, -87.721484196)",2016-06-19T20:13:00.000Z
10566252,HZ313892,046XX W MONROE ST,1310,CRIMINAL DAMAGE,TO PROPERTY,RESIDENCE,true,false,1113,11,28,25,14,1145475,1899161,2016,06/26/2016 03:52:13 PM,41.879294616,-87.741304712,"(41.879294616, -87.741304712)",2016-06-19T20:14:00.000Z
10566257,HZ313914,077XX S STONY ISLAND AVE,0479,BATTERY,AGG: HANDS/FIST/FEET SERIOUS INJURY,STREET,true,false,411,4,5,43,04B,1188133,1854078,2016,01/15/2017 03:50:19 PM,41.754669784,-87.586112773,"(41.754669784, -87.586112773)",2016-06-19T20:15:00.000Z
10566289,HZ313949,013XX S MILLARD AVE,0430,BATTERY,AGGRAVATED: OTHER DANG WEAPON,STREET,false,false,1011,10,24,29,04B,1152251,1893652,2016,06/26/2016 03:52:13 PM,41.864046352,-87.716569511,"(41.864046352, -87.716569511)",2016-06-19T20:15:00.000Z
10569561,HZ317230,001XX E PEARSON ST,0560,ASSAULT,SIMPLE,APARTMENT,false,false,1833,18,42,8,08A,1177694,1906077,2016,06/26/2016 03:52:13 PM,41.897601664,-87.622792233,"(41.897601664, -87.622792233)",2016-06-19T20:54:00.000Z
10566237,HZ313902,053XX W LE MOYNE ST,2820,OTHER OFFENSE,TELEPHONE THREAT,APARTMENT,false,true,2532,25,37,25,26,1140559,1909460,2016,06/26/2016 03:52:13 PM,41.907647959,-87.759102603,"(41.907647959, -87.759102603)",2016-06-19T21:00:00.000Z
10566992,HZ313934,049XX W BYRON ST,0460,BATTERY,SIMPLE,APARTMENT,false,false,1634,16,45,15,08B,1142798,1925467,2016,06/26/2016 03:52:13 PM,41.951531341,-87.750477895,"(41.951531341, -87.750477895)",2016-06-19T21:29:00.000Z
10566295,HZ313939,023XX W 21ST ST,0460,BATTERY,SIMPLE,APARTMENT,false,false,1234,12,25,31,08B,1161156,1890017,2016,06/26/2016 03:52:13 PM,41.853891344,-87.683980448,"(41.853891344, -87.683980448)",2016-06-19T21:30:00.000Z
10566298,HZ313932,031XX W CHICAGO AVE,1320,CRIMINAL DAMAGE,TO VEHICLE,GAS STATION,true,false,1221,12,27,23,14,1155074,1905156,2016,06/26/2016 03:52:13 PM,41.895558372,-87.705897593,"(41.895558372, -87.705897593)",2016-06-19T21:40:00.000Z
10566554,HZ314346,010XX W 21ST ST,0910,MOTOR VEHICLE THEFT,AUTOMOBILE,STREET,false,false,1235,12,25,31,07,1169829,1890075,2016,06/26/2016 03:52:13 PM,41.85386611,-87.652145681,"(41.85386611, -87.652145681)",2016-06-19T22:00:00.000Z
10566519,HZ314120,004XX W 126TH PL,0430,BATTERY,AGGRAVATED: OTHER DANG WEAPON,RESIDENCE,false,true,523,5,9,53,04B,1175395,1821031,2016,06/26/2016 03:52:13 PM,41.664278222,-87.633777293,"(41.664278222, -87.633777293)",2016-06-19T22:00:00.000Z
10566276,HZ313941,035XX W WRIGHTWOOD AVE,1310,CRIMINAL DAMAGE,TO PROPERTY,RESIDENTIAL YARD (FRONT/BACK),false,false,1413,14,26,22,14,1152149,1917054,2016,06/26/2016 03:52:13 PM,41.928265764,-87.716326141,"(41.928265764, -87.716326141)",2016-06-19T22:00:00.000Z
10566326,HZ313991,012XX N HALSTED ST,0910,MOTOR VEHICLE THEFT,AUTOMOBILE,GAS STATION,false,false,1822,18,32,8,07,1170779,1908521,2016,11/06/2016 03:49:34 PM,41.904462488,-87.648118305,"(41.904462488, -87.648118305)",2016-06-19T22:12:00.000Z
10566299,HZ313960,051XX S DAMEN AVE,1310,CRIMINAL DAMAGE,TO PROPERTY,APARTMENT,false,false,932,9,16,61,14,1163900,1870240,2016,06/26/2016 03:52:13 PM,41.799563707,-87.674465623,"(41.799563707, -87.674465623)",2016-06-19T22:12:00.000Z
10566375,HZ313975,014XX N LATROBE AVE,0486,BATTERY,DOMESTIC BATTERY SIMPLE,STREET,false,true,2532,25,37,25,08B,1141101,1909085,2016,06/26/2016 03:52:13 PM,41.906608943,-87.757120814,"(41.906608943, -87.757120814)",2016-06-19T22:30:00.000Z
10571272,HZ318237,0000X W TERMINAL ST,0820,THEFT,$500 AND UNDER,AIRCRAFT,false,false,1651,16,41,76,06,"","",2016,06/26/2016 03:52:13 PM,"","","",2016-06-19T22:40:00.000Z
10566321,HZ313996,109XX S PEORIA ST,0610,BURGLARY,FORCIBLE ENTRY,RESIDENCE-GARAGE,false,false,2233,22,34,75,05,1172263,1832341,2016,06/26/2016 03:52:13 PM,41.695383902,-87.644908332,"(41.695383902, -87.644908332)",2016-06-19T22:40:00.000Z
10566501,HZ313989,005XX E 75TH ST,0650,BURGLARY,HOME INVASION,APARTMENT,false,false,323,3,6,69,05,1180980,1855398,2016,06/26/2016 03:52:13 PM,41.758459496,-87.612285564,"(41.758459496, -87.612285564)",2016-06-19T22:45:00.000Z
10566869,HZ314874,010XX W ROSCOE ST,0810,THEFT,OVER $500,SIDEWALK,false,false,1924,19,44,6,06,1168545,1922745,2016,06/26/2016 03:52:13 PM,41.943542568,-87.655911594,"(41.943542568, -87.655911594)",2016-06-19T23:00:00.000Z
10566408,HZ314033,082XX S ELLIS AVE,0486,BATTERY,DOME